absolute_community,absolute_unigram_topic,absolute_unigram_keywords,weighted_community,weighted_unigram_topic,weighted_unigram_keywords,absolute_bigram_topic,absolute_bigram_keywords,weighted_bigram_topic,weighted_bigram_keywords,members,all_keywords,absolute_keywords,weighted_keywords,general_theme_gpt,general_theme_names,absolute_theme_gpt,absolute_theme_names,weighted_theme_gpt,weighted_theme_names
8,11,"['muslimban', 'nobannowall', 'trump', 'muslim', 'ban', 'refugee', 'refugeeswelcome', 'protest', 'law', 'people', 'support']",184,9,"['trump', 'ban', 'president', 'order', 'court', 'people', 'security']",12,"['muslimban', 'nobannowall', 'trump', 'refugee', 'muslim', 'ban', 'refugeeswelcome', 'protest', 'congress']",4,"['ban', 'trump', 'muslim', 'muslimban', 'refugee', 'trumps', 'order']","[15878034, 23835021, 33806698, 37332725, 63043668, 71574379, 81245362, 84128678, 84174028, 84498743, 85583894, 102651488, 138331342, 140171995, 187067097, 222122852, 228238479, 257824868, 266437259, 303081181, 318785653, 343473755, 362694376, 385192652, 458959009, 481809371, 559173692, 889068301, 963437460, 1015899374, 1035919266, 1199866860, 1251644070, 1343828558, 1663608572, 1710505440, 1921509044, 1969254588, 2163430424, 2235714604, 2335844449, 2410055346, 2552422374, 2582403084, 2674518384, 2832321597, 2941316370, 3241190188, 3302725796, 3306101853, 3432973581, 3461696174, 3700366215, 4158636562, 4356951381, 4358918712, 4464513445, 710123993299357696, 745999425386885121, 748599497975021569, 749323790916657152, 753322826678013953, 806250338323939328, 809924490297745408, 815445236784787456]","muslimban,nobannowall,trump,muslim,ban,refugee,refugeeswelcome,protest,law,people,support,congress,president,order,court,security,trumps","muslimban,nobannowall,trump,muslim,ban,refugee,refugeeswelcome,protest,law,people,support,congress","trump,ban,president,order,court,people,security,muslim,muslimban,refugee,trumps","{'US Immigration Policy and Protests': 'muslimban, nobannowall, trump, muslim, ban, refugee, refugeeswelcome, protest, law, people, support, congress, president, order, court, security, trumps'}",US Immigration Policy and Protests,"{'US Immigration Policy and Public Response': 'muslimban, nobannowall, trump, muslim, ban, refugee, refugeeswelcome, protest, law, people, support, congress'}",US Immigration Policy and Public Response,"{'US Immigration Policy': 'trump, ban, president, order, court, people, security, muslim, muslimban, refugee, trumps'}",US Immigration Policy
14,11,"['muslimban', 'nobannowall', 'trump', 'muslim', 'ban', 'refugee', 'refugeeswelcome', 'protest', 'law', 'people', 'support']",25,9,"['trump', 'ban', 'president', 'order', 'court', 'people', 'security']",12,"['muslimban', 'nobannowall', 'trump', 'refugee', 'muslim', 'ban', 'refugeeswelcome', 'protest', 'congress']",4,"['ban', 'trump', 'muslim', 'muslimban', 'refugee', 'trumps', 'order']","[47813521, 1057356487, 784785269262344192]","muslimban,nobannowall,trump,muslim,ban,refugee,refugeeswelcome,protest,law,people,support,congress,president,order,court,security,trumps","muslimban,nobannowall,trump,muslim,ban,refugee,refugeeswelcome,protest,law,people,support,congress","trump,ban,president,order,court,people,security,muslim,muslimban,refugee,trumps","{'US Immigration Policy and Protests': 'muslimban, nobannowall, trump, muslim, ban, refugee, refugeeswelcome, protest, law, people, support, congress, president, order, court, security, trumps'}",US Immigration Policy and Protests,"{'US Immigration Policy and Public Response': 'muslimban, nobannowall, trump, muslim, ban, refugee, refugeeswelcome, protest, law, people, support, congress'}",US Immigration Policy and Public Response,"{'US Immigration Policy': 'trump, ban, president, order, court, people, security, muslim, muslimban, refugee, trumps'}",US Immigration Policy
16,9,"['ban', 'travel', 'trump', 'immigration', 'trumps', 'president', 'order', 'court', 'judge', 'appeal', 'donald', 'federal', 'block', 'rule', 'legal']",26,14,"['ban', 'travel', 'trump', 'immigration', 'trumps', 'order', 'court', 'judge', 'president', 'appeal', 'donald', 'federal']",10,"['ban', 'trump', 'travel', 'immigration', 'trumps', 'judge', 'order', 'president', 'court', 'donald', 'appeal', 'white_house', 'homeland_security', 'federal']",4,"['ban', 'trump', 'muslim', 'muslimban', 'refugee', 'trumps', 'order']","[16399993, 93069110, 137751142, 2421708751]","ban,travel,trump,immigration,trumps,president,order,court,judge,appeal,donald,federal,block,rule,legal,white_house,homeland_security,muslim,muslimban,refugee","ban,travel,trump,immigration,trumps,president,order,court,judge,appeal,donald,federal,block,rule,legal,white_house,homeland_security","ban,travel,trump,immigration,trumps,order,court,judge,president,appeal,donald,federal,muslim,muslimban,refugee","{'US Immigration Policy and Legal Challenges': 'ban, travel, trump, immigration, trumps, president, order, court, judge, appeal, donald, federal, block, rule, legal, white_house, homeland_security, muslim, muslimban, refugee'}",US Immigration Policy and Legal Challenges,"{'US Immigration Policy': 'ban, travel, immigration, trumps, president, order, court, judge, appeal, donald, federal, block, rule, legal, white_house, homeland_security', 'Trump Administration Legal Challenges': 'trump, trumps, president, order, court, judge, appeal, donald, federal, block, rule, legal, white_house'}",US Immigration Policy.Trump Administration Legal Challenges,"{'US Immigration Policy': 'ban, travel, trump, immigration, trumps, order, court, judge, president, appeal, donald, federal, muslim, muslimban, refugee'}",US Immigration Policy
18,11,"['muslimban', 'nobannowall', 'trump', 'muslim', 'ban', 'refugee', 'refugeeswelcome', 'protest', 'law', 'people', 'support']",29,7,"['muslimban', 'muslim', 'maga', 'travelban']",12,"['muslimban', 'nobannowall', 'trump', 'refugee', 'muslim', 'ban', 'refugeeswelcome', 'protest', 'congress']",4,"['ban', 'trump', 'muslim', 'muslimban', 'refugee', 'trumps', 'order']","[50769180, 525652918, 2192113540, 830118236406632448]","muslimban,nobannowall,trump,muslim,ban,refugee,refugeeswelcome,protest,law,people,support,congress,maga,travelban,trumps,order","muslimban,nobannowall,trump,muslim,ban,refugee,refugeeswelcome,protest,law,people,support,congress","muslimban,muslim,maga,travelban,ban,trump,refugee,trumps,order","{'US Immigration Policy': 'muslimban, nobannowall, trump, muslim, ban, refugee, refugeeswelcome, protest, law, people, support, congress, maga, travelban, trumps, order'}",US Immigration Policy,"{'US Immigration Policy and Public Response': 'muslimban, nobannowall, trump, muslim, ban, refugee, refugeeswelcome, protest, law, people, support, congress'}",US Immigration Policy and Public Response,"{'US Immigration Policy': 'muslimban, travelban, ban, refugee, order', 'Trump Administration': 'trump, trumps, maga', 'Impact on Muslim Community': 'muslimban, muslim'}",US Immigration Policy.Trump Administration.Impact on Muslim Community
19,11,"['muslimban', 'nobannowall', 'trump', 'muslim', 'ban', 'refugee', 'refugeeswelcome', 'protest', 'law', 'people', 'support']",30,2,"['nobannowall', 'muslimban', 'tntweeter', 'uslatino', 'heretostay', 'latism', 'inmigracion', 'notmore', 'immigration', 'refugeeswelcome', 'nomuslimban', 'refugee', 'niunomas', 'timeisnow', 'stand']",12,"['muslimban', 'nobannowall', 'trump', 'refugee', 'muslim', 'ban', 'refugeeswelcome', 'protest', 'congress']",13,"['nobannowall', 'muslimban', 'heretostay', 'nomuslimban', 'refugeeswelcome', 'refugee', 'protest']","[780479026343194624, 800942537083068400, 806877805157949440, 820850838671237120]","muslimban,nobannowall,trump,muslim,ban,refugee,refugeeswelcome,protest,law,people,support,congress,tntweeter,uslatino,heretostay,latism,inmigracion,notmore,immigration,nomuslimban,niunomas,timeisnow,stand","muslimban,nobannowall,trump,muslim,ban,refugee,refugeeswelcome,protest,law,people,support,congress","nobannowall,muslimban,tntweeter,uslatino,heretostay,latism,inmigracion,notmore,immigration,refugeeswelcome,nomuslimban,refugee,niunomas,timeisnow,stand,protest","{'Immigration and Refugee Policy Protest': 'muslimban, nobannowall, trump, muslim, ban, refugee, refugeeswelcome, protest, law, people, support, congress, nomuslimban', 'Latino and Immigrant Rights Movement': 'uslatino, heretostay, latism, inmigracion, notmore, immigration, niunomas, timeisnow, stand'}",Immigration and Refugee Policy Protest.Latino and Immigrant Rights Movement,"{'US Immigration Policy and Public Response': 'muslimban, nobannowall, trump, muslim, ban, refugee, refugeeswelcome, protest, law, people, support, congress'}",US Immigration Policy and Public Response,"{'Immigration and Refugee Advocacy': ['nobannowall', 'muslimban', 'uslatino', 'heretostay', 'latism', 'inmigracion', 'immigration', 'refugeeswelcome', 'nomuslimban', 'refugee', 'niunomas', 'timeisnow', 'stand', 'protest'], 'Social Media Activism': ['tntweeter', 'notmore']}",Immigration and Refugee Advocacy.Social Media Activism
21,11,"['muslimban', 'nobannowall', 'trump', 'muslim', 'ban', 'refugee', 'refugeeswelcome', 'protest', 'law', 'people', 'support']",47,4,"['resist', 'theresistance', 'dworkinreport', 'trump', 'nodapl', 'impeachtrump', 'flynn', 'fireflynn']",13,"['theresistance', 'resist', 'nobannowall', 'impeachtrump', 'impeachtrump_impeachtrumpnow', 'resistance', 'trump']",7,"['muslimban', 'resist', 'theresistance', 'dworkinreport', 'nodapl', 'impeachtrump']","[24470087, 24920077, 126364026, 215002582, 253677176, 3372940330, 776751034098126848, 792457353723469824, 808827316470185989, 823803346884640768]","muslimban,nobannowall,trump,muslim,ban,refugee,refugeeswelcome,protest,law,people,support,theresistance,resist,impeachtrump,impeachtrump_impeachtrumpnow,resistance,dworkinreport,nodapl,flynn,fireflynn","muslimban,nobannowall,trump,muslim,ban,refugee,refugeeswelcome,protest,law,people,support,theresistance,resist,impeachtrump,impeachtrump_impeachtrumpnow,resistance","resist,theresistance,dworkinreport,trump,nodapl,impeachtrump,flynn,fireflynn,muslimban","{'US Immigration Policy and Protests': ['muslimban', 'nobannowall', 'trump', 'muslim', 'ban', 'refugee', 'refugeeswelcome', 'protest', 'law', 'people', 'support', 'theresistance', 'resist', 'impeachtrump', 'impeachtrump_impeachtrumpnow', 'resistance'], 'Political Scandals and Resignations': ['flynn', 'fireflynn', 'dworkinreport'], 'Environmental and Indigenous Rights': ['nodapl']}",US Immigration Policy and Protests.Political Scandals and Resignations.Environmental and Indigenous Rights,"{'US Immigration Policy and Public Response': 'muslimban, nobannowall, trump, muslim, ban, refugee, refugeeswelcome, protest, law, people, support, theresistance, resist, impeachtrump, impeachtrump_impeachtrumpnow, resistance'}",US Immigration Policy and Public Response,"{'Political Resistance and Activism': 'resist, theresistance, nodapl, impeachtrump', 'Trump Administration Controversies': 'dworkinreport, trump, flynn, fireflynn, muslimban'}",Political Resistance and Activism.Trump Administration Controversies
25,9,"['ban', 'travel', 'trump', 'immigration', 'trumps', 'president', 'order', 'court', 'judge', 'appeal', 'donald', 'federal', 'block', 'rule', 'legal']",32,14,"['ban', 'travel', 'trump', 'immigration', 'trumps', 'order', 'court', 'judge', 'president', 'appeal', 'donald', 'federal']",11,"['ban', 'travel', 'order', 'immigration', 'trump', 'president', 'court', 'trumps', 'federal', 'judge', 'executive', 'muslim', 'halt']",6,"['ban', 'travel', 'trump', 'immigration', 'trumps', 'order', 'court', 'judge', 'president', 'appeal', 'federal', 'block', 'rule', 'white_house', 'halt', 'justice_department']","[790399874, 4510755552, 742743988269092864]","ban,travel,trump,immigration,trumps,president,order,court,judge,appeal,donald,federal,block,rule,legal,executive,muslim,halt,white_house,justice_department","ban,travel,trump,immigration,trumps,president,order,court,judge,appeal,donald,federal,block,rule,legal,executive,muslim,halt","ban,travel,trump,immigration,trumps,order,court,judge,president,appeal,donald,federal,block,rule,white_house,halt,justice_department","{'US Travel Ban Controversy': 'ban, travel, trump, immigration, trumps, president, order, court, judge, appeal, donald, federal, block, rule, legal, executive, muslim, halt, white_house, justice_department'}",US Travel Ban Controversy,"{'US Immigration Policy and Legal Challenges': 'ban, travel, trump, immigration, trumps, president, order, court, judge, appeal, donald, federal, block, rule, legal, executive, muslim, halt'}",US Immigration Policy and Legal Challenges,"{'US Immigration Policy and Legal Challenges': 'ban, travel, trump, immigration, trumps, order, court, judge, president, appeal, donald, federal, block, rule, white_house, halt, justice_department'}",US Immigration Policy and Legal Challenges
26,11,"['muslimban', 'nobannowall', 'trump', 'muslim', 'ban', 'refugee', 'refugeeswelcome', 'protest', 'law', 'people', 'support']",33,7,"['muslimban', 'muslim', 'maga', 'travelban']",12,"['muslimban', 'nobannowall', 'trump', 'refugee', 'muslim', 'ban', 'refugeeswelcome', 'protest', 'congress']",4,"['ban', 'trump', 'muslim', 'muslimban', 'refugee', 'trumps', 'order']","[16873455, 4844679426, 787211898278191104]","muslimban,nobannowall,trump,muslim,ban,refugee,refugeeswelcome,protest,law,people,support,congress,maga,travelban,trumps,order","muslimban,nobannowall,trump,muslim,ban,refugee,refugeeswelcome,protest,law,people,support,congress","muslimban,muslim,maga,travelban,ban,trump,refugee,trumps,order","{'US Immigration Policy and Protests': 'muslimban, nobannowall, trump, muslim, ban, refugee, refugeeswelcome, protest, law, people, support, congress, maga, travelban, trumps, order'}",US Immigration Policy and Protests,"{'US Immigration Policy and Public Response': 'muslimban, nobannowall, trump, muslim, ban, refugee, refugeeswelcome, protest, law, people, support, congress'}",US Immigration Policy and Public Response,"{'US Immigration Policy': 'muslimban, travelban, ban, refugee, order', 'Trump Administration': 'trump, trumps, maga', 'Impact on Muslim Community': 'muslimban, muslim'}",US Immigration Policy.Trump Administration.Impact on Muslim Community
27,9,"['ban', 'travel', 'trump', 'immigration', 'trumps', 'president', 'order', 'court', 'judge', 'appeal', 'donald', 'federal', 'block', 'rule', 'legal']",36,14,"['ban', 'travel', 'trump', 'immigration', 'trumps', 'order', 'court', 'judge', 'president', 'appeal', 'donald', 'federal']",10,"['ban', 'trump', 'travel', 'immigration', 'trumps', 'judge', 'order', 'president', 'court', 'donald', 'appeal', 'white_house', 'homeland_security', 'federal']",6,"['ban', 'travel', 'trump', 'immigration', 'trumps', 'order', 'court', 'judge', 'president', 'appeal', 'federal', 'block', 'rule', 'white_house', 'halt', 'justice_department']","[40813666, 287360112, 358155712, 380782294, 1017515348, 1270793143, 2308939452, 2345391823, 2826946435, 2827072824, 2834618630, 3143003737, 3306341327, 3328277663, 3404806331, 4493348365, 4605204442]","ban,travel,trump,immigration,trumps,president,order,court,judge,appeal,donald,federal,block,rule,legal,white_house,homeland_security,halt,justice_department","ban,travel,trump,immigration,trumps,president,order,court,judge,appeal,donald,federal,block,rule,legal,white_house,homeland_security","ban,travel,trump,immigration,trumps,order,court,judge,president,appeal,donald,federal,block,rule,white_house,halt,justice_department","{'US Immigration Policy and Legal Challenges': 'ban, travel, trump, immigration, trumps, president, order, court, judge, appeal, donald, federal, block, rule, legal, white_house, homeland_security, halt, justice_department'}",US Immigration Policy and Legal Challenges,"{'US Immigration Policy': 'ban, travel, immigration, trumps, president, order, court, judge, appeal, donald, federal, block, rule, legal, white_house, homeland_security', 'Trump Administration Legal Challenges': 'trump, trumps, president, order, court, judge, appeal, donald, federal, block, rule, legal, white_house'}",US Immigration Policy.Trump Administration Legal Challenges,"{'US Immigration Policy and Legal Challenges': 'ban, travel, trump, immigration, trumps, order, court, judge, president, appeal, donald, federal, block, rule, white_house, halt, justice_department'}",US Immigration Policy and Legal Challenges
30,10,"['order', 'immigration', 'ban', 'travel', 'judge', 'executive', 'halt', 'country', 'muslim', 'poll', 'tweet', 'marine', 'iraq', 'comment']",143,9,"['trump', 'ban', 'president', 'order', 'court', 'people', 'security']",12,"['muslimban', 'nobannowall', 'trump', 'refugee', 'muslim', 'ban', 'refugeeswelcome', 'protest', 'congress']",10,"['trumprussia', 'trumpleak', 'trump', 'tie', 'flynn', 'ban', 'break', 'travel', 'read']","[15576928, 21792170, 108146158, 108288348]","order,immigration,ban,travel,judge,executive,halt,country,muslim,poll,tweet,marine,iraq,comment,muslimban,nobannowall,trump,refugee,refugeeswelcome,protest,congress,president,court,people,security,trumprussia,trumpleak,tie,flynn,break,read","order,immigration,ban,travel,judge,executive,halt,country,muslim,poll,tweet,marine,iraq,comment,muslimban,nobannowall,trump,refugee,refugeeswelcome,protest,congress","trump,ban,president,order,court,people,security,trumprussia,trumpleak,tie,flynn,break,travel,read","{'Immigration and Travel Ban': ['order', 'immigration', 'ban', 'travel', 'judge', 'executive', 'halt', 'country', 'muslim', 'muslimban', 'nobannowall', 'trump', 'refugee', 'refugeeswelcome', 'protest', 'congress', 'president', 'court', 'people', 'security'], 'Trump Administration Controversies': ['trumprussia', 'trumpleak', 'tie', 'flynn', 'break', 'read'], 'Public and Political Reactions': ['poll', 'tweet', 'comment', 'protest']}",Immigration and Travel Ban.Trump Administration Controversies.Public and Political Reactions,"{'US Immigration Policy and Controversy': 'order, immigration, ban, travel, judge, executive, halt, country, muslim, poll, tweet, marine, iraq, comment, muslimban, nobannowall, trump, refugee, refugeeswelcome, protest, congress'}",US Immigration Policy and Controversy,"{'US Presidential Actions': 'trump, president, order, ban, court, security, travel', 'Trump-Russia Controversy': 'trumprussia, trumpleak, tie, flynn, break', 'Public Reaction and Media': 'people, read'}",US Presidential Actions.Trump-Russia Controversy.Public Reaction and Media
31,11,"['muslimban', 'nobannowall', 'trump', 'muslim', 'ban', 'refugee', 'refugeeswelcome', 'protest', 'law', 'people', 'support']",39,7,"['muslimban', 'muslim', 'maga', 'travelban']",12,"['muslimban', 'nobannowall', 'trump', 'refugee', 'muslim', 'ban', 'refugeeswelcome', 'protest', 'congress']",4,"['ban', 'trump', 'muslim', 'muslimban', 'refugee', 'trumps', 'order']","[3228748876, 3304021160, 4272870988]","muslimban,nobannowall,trump,muslim,ban,refugee,refugeeswelcome,protest,law,people,support,congress,maga,travelban,trumps,order","muslimban,nobannowall,trump,muslim,ban,refugee,refugeeswelcome,protest,law,people,support,congress","muslimban,muslim,maga,travelban,ban,trump,refugee,trumps,order","{'US Immigration Policy and Protests': 'muslimban, nobannowall, trump, muslim, ban, refugee, refugeeswelcome, protest, law, people, support, congress, maga, travelban, trumps, order'}",US Immigration Policy and Protests,"{'US Immigration Policy and Public Response': 'muslimban, nobannowall, trump, muslim, ban, refugee, refugeeswelcome, protest, law, people, support, congress'}",US Immigration Policy and Public Response,"{'US Immigration Policy': 'muslimban, travelban, ban, refugee, order', 'Trump Administration': 'trump, trumps, maga', 'Impact on Muslim Community': 'muslimban, muslim'}",US Immigration Policy.Trump Administration.Impact on Muslim Community
32,11,"['muslimban', 'nobannowall', 'trump', 'muslim', 'ban', 'refugee', 'refugeeswelcome', 'protest', 'law', 'people', 'support']",40,7,"['muslimban', 'muslim', 'maga', 'travelban']",12,"['muslimban', 'nobannowall', 'trump', 'refugee', 'muslim', 'ban', 'refugeeswelcome', 'protest', 'congress']",4,"['ban', 'trump', 'muslim', 'muslimban', 'refugee', 'trumps', 'order']","[514566407, 2571108403, 4885703096, 773015647118733300, 782377330241003520, 782748679094558721, 787449090086952960]","muslimban,nobannowall,trump,muslim,ban,refugee,refugeeswelcome,protest,law,people,support,congress,maga,travelban,trumps,order","muslimban,nobannowall,trump,muslim,ban,refugee,refugeeswelcome,protest,law,people,support,congress","muslimban,muslim,maga,travelban,ban,trump,refugee,trumps,order","{'US Immigration Policy and Protests': 'muslimban, nobannowall, trump, muslim, ban, refugee, refugeeswelcome, protest, law, people, support, congress, maga, travelban, trumps, order'}",US Immigration Policy and Protests,"{'US Immigration Policy and Public Response': 'muslimban, nobannowall, trump, muslim, ban, refugee, refugeeswelcome, protest, law, people, support, congress'}",US Immigration Policy and Public Response,"{'US Immigration Policy': 'muslimban, travelban, ban, refugee, order', 'Trump Administration': 'trump, trumps, maga', 'Impact on Muslim Community': 'muslimban, muslim'}",US Immigration Policy.Trump Administration.Impact on Muslim Community
37,9,"['ban', 'travel', 'trump', 'immigration', 'trumps', 'president', 'order', 'court', 'judge', 'appeal', 'donald', 'federal', 'block', 'rule', 'legal']",42,14,"['ban', 'travel', 'trump', 'immigration', 'trumps', 'order', 'court', 'judge', 'president', 'appeal', 'donald', 'federal']",10,"['ban', 'trump', 'travel', 'immigration', 'trumps', 'judge', 'order', 'president', 'court', 'donald', 'appeal', 'white_house', 'homeland_security', 'federal']",4,"['ban', 'trump', 'muslim', 'muslimban', 'refugee', 'trumps', 'order']","[2953201, 542962969, 787944328970788866]","ban,travel,trump,immigration,trumps,president,order,court,judge,appeal,donald,federal,block,rule,legal,white_house,homeland_security,muslim,muslimban,refugee","ban,travel,trump,immigration,trumps,president,order,court,judge,appeal,donald,federal,block,rule,legal,white_house,homeland_security","ban,travel,trump,immigration,trumps,order,court,judge,president,appeal,donald,federal,muslim,muslimban,refugee","{'US Immigration Policy and Legal Challenges': 'ban, travel, trump, immigration, trumps, president, order, court, judge, appeal, donald, federal, block, rule, legal, white_house, homeland_security, muslim, muslimban, refugee'}",US Immigration Policy and Legal Challenges,"{'US Immigration Policy': 'ban, travel, immigration, trumps, president, order, court, judge, appeal, donald, federal, block, rule, legal, white_house, homeland_security', 'Trump Administration Legal Challenges': 'trump, trumps, president, order, court, judge, appeal, donald, federal, block, rule, legal, white_house'}",US Immigration Policy.Trump Administration Legal Challenges,"{'US Immigration Policy': 'ban, travel, trump, immigration, trumps, order, court, judge, president, appeal, donald, federal, muslim, muslimban, refugee'}",US Immigration Policy
38,9,"['ban', 'travel', 'trump', 'immigration', 'trumps', 'president', 'order', 'court', 'judge', 'appeal', 'donald', 'federal', 'block', 'rule', 'legal']",43,9,"['trump', 'ban', 'president', 'order', 'court', 'people', 'security']",10,"['ban', 'trump', 'travel', 'immigration', 'trumps', 'judge', 'order', 'president', 'court', 'donald', 'appeal', 'white_house', 'homeland_security', 'federal']",4,"['ban', 'trump', 'muslim', 'muslimban', 'refugee', 'trumps', 'order']","[709313, 14362404, 16041298, 95592810, 112886485, 487610242, 1898903101]","ban,travel,trump,immigration,trumps,president,order,court,judge,appeal,donald,federal,block,rule,legal,white_house,homeland_security,people,security,muslim,muslimban,refugee","ban,travel,trump,immigration,trumps,president,order,court,judge,appeal,donald,federal,block,rule,legal,white_house,homeland_security","trump,ban,president,order,court,people,security,muslim,muslimban,refugee,trumps","{'US Immigration Policy': 'ban, travel, trump, immigration, trumps, president, order, court, judge, appeal, donald, federal, block, rule, legal, white_house, homeland_security, people, security, muslim, muslimban, refugee'}",US Immigration Policy,"{'US Immigration Policy': 'ban, travel, immigration, trumps, president, order, court, judge, appeal, donald, federal, block, rule, legal, white_house, homeland_security', 'Trump Administration Legal Challenges': 'trump, trumps, president, order, court, judge, appeal, donald, federal, block, rule, legal, white_house'}",US Immigration Policy.Trump Administration Legal Challenges,"{'US Immigration Policy': 'trump, ban, president, order, court, people, security, muslim, muslimban, refugee, trumps'}",US Immigration Policy
39,11,"['muslimban', 'nobannowall', 'trump', 'muslim', 'ban', 'refugee', 'refugeeswelcome', 'protest', 'law', 'people', 'support']",151,7,"['muslimban', 'muslim', 'maga', 'travelban']",12,"['muslimban', 'nobannowall', 'trump', 'refugee', 'muslim', 'ban', 'refugeeswelcome', 'protest', 'congress']",4,"['ban', 'trump', 'muslim', 'muslimban', 'refugee', 'trumps', 'order']","[33904581, 36071847, 857001662, 787416582754631700]","muslimban,nobannowall,trump,muslim,ban,refugee,refugeeswelcome,protest,law,people,support,congress,maga,travelban,trumps,order","muslimban,nobannowall,trump,muslim,ban,refugee,refugeeswelcome,protest,law,people,support,congress","muslimban,muslim,maga,travelban,ban,trump,refugee,trumps,order","{'US Immigration Policy and Protests': 'muslimban, nobannowall, trump, muslim, ban, refugee, refugeeswelcome, protest, law, people, support, congress, maga, travelban, trumps, order'}",US Immigration Policy and Protests,"{'US Immigration Policy and Public Response': 'muslimban, nobannowall, trump, muslim, ban, refugee, refugeeswelcome, protest, law, people, support, congress'}",US Immigration Policy and Public Response,"{'US Immigration Policy': 'muslimban, travelban, ban, refugee, order', 'Trump Administration': 'trump, trumps, maga', 'Impact on Muslim Community': 'muslimban, muslim'}",US Immigration Policy.Trump Administration.Impact on Muslim Community
40,2,"['muslimban', 'maga', 'travelban', 'islam', 'usa', 'trump', 'liberal', 'americafirst', 'immigrationban', 'tcot', 'terrorist']",176,7,"['muslimban', 'muslim', 'maga', 'travelban']",1,"['muslimban', 'maga', 'americafirst', 'islam', 'wahhabism_daily', 'muslim', 'usa', 'buildthewall', 'donaldtrump', 'wahhabism', 'tcot', 'support']",0,"['muslimban', 'americafirst', 'maga', 'islam', 'tcot', 'usa', 'wahhabism_daily', 'dts_tcot', 'isis']","[19013697, 34439235, 46923727, 70125620, 95809954, 226299669, 260387938, 277185487, 301416337, 392848910, 856933050, 891661093, 1412784253, 1666504591, 2174781979, 2243530995, 2344218308, 2398300866, 2411379535, 2890165361, 2892478027, 725348521436655616, 746442921998749696, 746853969943724032, 758720861167812608, 759232224034164736, 765306808978202626, 823238195508719617, 828744559484137472]","muslimban,maga,travelban,islam,usa,trump,liberal,americafirst,immigrationban,tcot,terrorist,wahhabism_daily,muslim,buildthewall,donaldtrump,wahhabism,support,dts_tcot,isis","muslimban,maga,travelban,islam,usa,trump,liberal,americafirst,immigrationban,tcot,terrorist,wahhabism_daily,muslim,buildthewall,donaldtrump,wahhabism,support","muslimban,muslim,maga,travelban,americafirst,islam,tcot,usa,wahhabism_daily,dts_tcot,isis","{'US Immigration Policies': 'muslimban, travelban, immigrationban, buildthewall', 'Political Ideologies and Movements': 'maga, liberal, americafirst, tcot, dts_tcot', 'Islam and Related Topics': 'islam, muslim, wahhabism, wahhabism_daily', 'US Politics and Figures': 'usa, trump, donaldtrump, support', 'Terrorism and Extremism': 'terrorist, isis'}",US Immigration Policies.Political Ideologies and Movements.Islam and Related Topics.US Politics and Figures.Terrorism and Extremism,"{'US Immigration and Travel Policies': 'muslimban, travelban, immigrationban, buildthewall, americafirst', 'Political Ideologies and Movements': 'maga, liberal, tcot, support', 'Islam and Related Topics': 'islam, muslim, wahhabism, wahhabism_daily', 'Donald Trump and His Policies': 'usa, trump, donaldtrump'}",US Immigration and Travel Policies.Political Ideologies and Movements.Islam and Related Topics.Donald Trump and His Policies,"{'US Travel and Immigration Policies': 'muslimban, travelban, americafirst, usa', 'Islam and Extremism': 'muslim, islam, wahhabism_daily, isis', 'Political Movements and Ideologies': 'maga, tcot, dts_tcot'}",US Travel and Immigration Policies.Islam and Extremism.Political Movements and Ideologies
42,11,"['muslimban', 'nobannowall', 'trump', 'muslim', 'ban', 'refugee', 'refugeeswelcome', 'protest', 'law', 'people', 'support']",44,9,"['trump', 'ban', 'president', 'order', 'court', 'people', 'security']",4,"['ban', 'trump', 'muslim', 'travel', 'trumps', 'white_house', 'attack']",4,"['ban', 'trump', 'muslim', 'muslimban', 'refugee', 'trumps', 'order']","[349803020, 1452428454, 4161801792]","muslimban,nobannowall,trump,muslim,ban,refugee,refugeeswelcome,protest,law,people,support,travel,trumps,white_house,attack,president,order,court,security","muslimban,nobannowall,trump,muslim,ban,refugee,refugeeswelcome,protest,law,people,support,travel,trumps,white_house,attack","trump,ban,president,order,court,people,security,muslim,muslimban,refugee,trumps","{'US Immigration Policy and Protests': 'muslimban, nobannowall, trump, muslim, ban, refugee, refugeeswelcome, protest, law, people, support, travel, trumps, white_house, attack, president, order, court, security'}",US Immigration Policy and Protests,"{'US Immigration Policy and Protests': 'muslimban, nobannowall, trump, muslim, ban, refugee, refugeeswelcome, protest, law, people, support, travel, trumps, white_house, attack'}",US Immigration Policy and Protests,"{'US Immigration Policy': 'trump, ban, president, order, court, people, security, muslim, muslimban, refugee, trumps'}",US Immigration Policy
43,9,"['ban', 'travel', 'trump', 'immigration', 'trumps', 'president', 'order', 'court', 'judge', 'appeal', 'donald', 'federal', 'block', 'rule', 'legal']",45,14,"['ban', 'travel', 'trump', 'immigration', 'trumps', 'order', 'court', 'judge', 'president', 'appeal', 'donald', 'federal']",10,"['ban', 'trump', 'travel', 'immigration', 'trumps', 'judge', 'order', 'president', 'court', 'donald', 'appeal', 'white_house', 'homeland_security', 'federal']",6,"['ban', 'travel', 'trump', 'immigration', 'trumps', 'order', 'court', 'judge', 'president', 'appeal', 'federal', 'block', 'rule', 'white_house', 'halt', 'justice_department']","[462104542, 2678460650, 781555354207416321]","ban,travel,trump,immigration,trumps,president,order,court,judge,appeal,donald,federal,block,rule,legal,white_house,homeland_security,halt,justice_department","ban,travel,trump,immigration,trumps,president,order,court,judge,appeal,donald,federal,block,rule,legal,white_house,homeland_security","ban,travel,trump,immigration,trumps,order,court,judge,president,appeal,donald,federal,block,rule,white_house,halt,justice_department","{'US Immigration Policy and Legal Challenges': 'ban, travel, trump, immigration, trumps, president, order, court, judge, appeal, donald, federal, block, rule, legal, white_house, homeland_security, halt, justice_department'}",US Immigration Policy and Legal Challenges,"{'US Immigration Policy': 'ban, travel, immigration, trumps, president, order, court, judge, appeal, donald, federal, block, rule, legal, white_house, homeland_security', 'Trump Administration Legal Challenges': 'trump, trumps, president, order, court, judge, appeal, donald, federal, block, rule, legal, white_house'}",US Immigration Policy.Trump Administration Legal Challenges,"{'US Immigration Policy and Legal Challenges': 'ban, travel, trump, immigration, trumps, order, court, judge, president, appeal, donald, federal, block, rule, white_house, halt, justice_department'}",US Immigration Policy and Legal Challenges
45,11,"['muslimban', 'nobannowall', 'trump', 'muslim', 'ban', 'refugee', 'refugeeswelcome', 'protest', 'law', 'people', 'support']",48,14,"['ban', 'travel', 'trump', 'immigration', 'trumps', 'order', 'court', 'judge', 'president', 'appeal', 'donald', 'federal']",12,"['muslimban', 'nobannowall', 'trump', 'refugee', 'muslim', 'ban', 'refugeeswelcome', 'protest', 'congress']",4,"['ban', 'trump', 'muslim', 'muslimban', 'refugee', 'trumps', 'order']","[818941136, 1255197673, 2457352302, 2820806900, 2878724005, 4094126121, 751688651956887552]","muslimban,nobannowall,trump,muslim,ban,refugee,refugeeswelcome,protest,law,people,support,congress,travel,immigration,trumps,order,court,judge,president,appeal,donald,federal","muslimban,nobannowall,trump,muslim,ban,refugee,refugeeswelcome,protest,law,people,support,congress","ban,travel,trump,immigration,trumps,order,court,judge,president,appeal,donald,federal,muslim,muslimban,refugee","{'US Immigration Policy and Protests': 'muslimban, nobannowall, trump, muslim, ban, refugee, refugeeswelcome, protest, law, people, support, congress, travel, immigration, trumps, order, court, judge, president, appeal, donald, federal'}",US Immigration Policy and Protests,"{'US Immigration Policy and Public Response': 'muslimban, nobannowall, trump, muslim, ban, refugee, refugeeswelcome, protest, law, people, support, congress'}",US Immigration Policy and Public Response,"{'US Immigration Policy': 'ban, travel, trump, immigration, trumps, order, court, judge, president, appeal, donald, federal, muslim, muslimban, refugee'}",US Immigration Policy
49,11,"['muslimban', 'nobannowall', 'trump', 'muslim', 'ban', 'refugee', 'refugeeswelcome', 'protest', 'law', 'people', 'support']",49,2,"['nobannowall', 'muslimban', 'tntweeter', 'uslatino', 'heretostay', 'latism', 'inmigracion', 'notmore', 'immigration', 'refugeeswelcome', 'nomuslimban', 'refugee', 'niunomas', 'timeisnow', 'stand']",12,"['muslimban', 'nobannowall', 'trump', 'refugee', 'muslim', 'ban', 'refugeeswelcome', 'protest', 'congress']",13,"['nobannowall', 'muslimban', 'heretostay', 'nomuslimban', 'refugeeswelcome', 'refugee', 'protest']","[30706364, 248811717, 573842268, 2398502748, 3478662552, 710568045874438146, 739200802582081536]","muslimban,nobannowall,trump,muslim,ban,refugee,refugeeswelcome,protest,law,people,support,congress,tntweeter,uslatino,heretostay,latism,inmigracion,notmore,immigration,nomuslimban,niunomas,timeisnow,stand","muslimban,nobannowall,trump,muslim,ban,refugee,refugeeswelcome,protest,law,people,support,congress","nobannowall,muslimban,tntweeter,uslatino,heretostay,latism,inmigracion,notmore,immigration,refugeeswelcome,nomuslimban,refugee,niunomas,timeisnow,stand,protest","{'Immigration and Refugee Policy': ['muslimban', 'nobannowall', 'trump', 'muslim', 'ban', 'refugee', 'refugeeswelcome', 'protest', 'law', 'people', 'support', 'congress', 'nomuslimban'], 'Latino and Immigrant Rights': ['uslatino', 'heretostay', 'latism', 'inmigracion', 'notmore', 'immigration', 'niunomas', 'timeisnow', 'stand']}",Immigration and Refugee Policy.Latino and Immigrant Rights,"{'US Immigration Policy and Public Response': 'muslimban, nobannowall, trump, muslim, ban, refugee, refugeeswelcome, protest, law, people, support, congress'}",US Immigration Policy and Public Response,"{'Immigration and Refugee Advocacy': ['nobannowall', 'muslimban', 'uslatino', 'heretostay', 'latism', 'inmigracion', 'immigration', 'refugeeswelcome', 'nomuslimban', 'refugee', 'niunomas', 'timeisnow', 'stand', 'protest'], 'Social Media Activism': ['tntweeter', 'notmore']}",Immigration and Refugee Advocacy.Social Media Activism
50,9,"['ban', 'travel', 'trump', 'immigration', 'trumps', 'president', 'order', 'court', 'judge', 'appeal', 'donald', 'federal', 'block', 'rule', 'legal']",54,14,"['ban', 'travel', 'trump', 'immigration', 'trumps', 'order', 'court', 'judge', 'president', 'appeal', 'donald', 'federal']",10,"['ban', 'trump', 'travel', 'immigration', 'trumps', 'judge', 'order', 'president', 'court', 'donald', 'appeal', 'white_house', 'homeland_security', 'federal']",4,"['ban', 'trump', 'muslim', 'muslimban', 'refugee', 'trumps', 'order']","[17446621, 20177423, 3083374722]","ban,travel,trump,immigration,trumps,president,order,court,judge,appeal,donald,federal,block,rule,legal,white_house,homeland_security,muslim,muslimban,refugee","ban,travel,trump,immigration,trumps,president,order,court,judge,appeal,donald,federal,block,rule,legal,white_house,homeland_security","ban,travel,trump,immigration,trumps,order,court,judge,president,appeal,donald,federal,muslim,muslimban,refugee","{'US Immigration Policy and Legal Challenges': 'ban, travel, trump, immigration, trumps, president, order, court, judge, appeal, donald, federal, block, rule, legal, white_house, homeland_security, muslim, muslimban, refugee'}",US Immigration Policy and Legal Challenges,"{'US Immigration Policy': 'ban, travel, immigration, trumps, president, order, court, judge, appeal, donald, federal, block, rule, legal, white_house, homeland_security', 'Trump Administration Legal Challenges': 'trump, trumps, president, order, court, judge, appeal, donald, federal, block, rule, legal, white_house'}",US Immigration Policy.Trump Administration Legal Challenges,"{'US Immigration Policy': 'ban, travel, trump, immigration, trumps, order, court, judge, president, appeal, donald, federal, muslim, muslimban, refugee'}",US Immigration Policy
51,11,"['muslimban', 'nobannowall', 'trump', 'muslim', 'ban', 'refugee', 'refugeeswelcome', 'protest', 'law', 'people', 'support']",55,7,"['muslimban', 'muslim', 'maga', 'travelban']",12,"['muslimban', 'nobannowall', 'trump', 'refugee', 'muslim', 'ban', 'refugeeswelcome', 'protest', 'congress']",4,"['ban', 'trump', 'muslim', 'muslimban', 'refugee', 'trumps', 'order']","[19251971, 82665534, 143104075, 515942394, 612197548, 3066118000, 3299585227, 4765158912, 4877237981, 741014536103301121]","muslimban,nobannowall,trump,muslim,ban,refugee,refugeeswelcome,protest,law,people,support,congress,maga,travelban,trumps,order","muslimban,nobannowall,trump,muslim,ban,refugee,refugeeswelcome,protest,law,people,support,congress","muslimban,muslim,maga,travelban,ban,trump,refugee,trumps,order","{'US Immigration Policy and Protests': 'muslimban, nobannowall, trump, muslim, ban, refugee, refugeeswelcome, protest, law, people, support, congress, maga, travelban, trumps, order'}",US Immigration Policy and Protests,"{'US Immigration Policy and Public Response': 'muslimban, nobannowall, trump, muslim, ban, refugee, refugeeswelcome, protest, law, people, support, congress'}",US Immigration Policy and Public Response,"{'US Immigration Policy': 'muslimban, travelban, ban, refugee, order', 'Trump Administration': 'trump, trumps, maga', 'Impact on Muslim Community': 'muslimban, muslim'}",US Immigration Policy.Trump Administration.Impact on Muslim Community
52,11,"['muslimban', 'nobannowall', 'trump', 'muslim', 'ban', 'refugee', 'refugeeswelcome', 'protest', 'law', 'people', 'support']",58,7,"['muslimban', 'muslim', 'maga', 'travelban']",11,"['ban', 'travel', 'order', 'immigration', 'trump', 'president', 'court', 'trumps', 'federal', 'judge', 'executive', 'muslim', 'halt']",12,"['travelban', 'maga', 'ban', 'trump', 'travel', 'immigration', 'country', 'buildthewall', 'immigrationban', 'support_leader', 'america', 'muslim', 'support', 'refugee', 'immigrationban_maga', 'president', 'liberal']","[26487169, 341073304, 4569259876]","muslimban,nobannowall,trump,muslim,ban,refugee,refugeeswelcome,protest,law,people,support,travel,order,immigration,president,court,trumps,federal,judge,executive,halt,maga,travelban,country,buildthewall,immigrationban,support_leader,america,immigrationban_maga,liberal","muslimban,nobannowall,trump,muslim,ban,refugee,refugeeswelcome,protest,law,people,support,travel,order,immigration,president,court,trumps,federal,judge,executive,halt","muslimban,muslim,maga,travelban,ban,trump,travel,immigration,country,buildthewall,immigrationban,support_leader,america,support,refugee,immigrationban_maga,president,liberal","{'Immigration Policy and Protests': 'muslimban, nobannowall, trump, muslim, ban, refugee, refugeeswelcome, protest, law, people, support, travel, order, immigration, president, court, trumps, federal, judge, executive, halt, maga, travelban, country, buildthewall, immigrationban, support_leader, america, immigrationban_maga, liberal'}",Immigration Policy and Protests,"{'US Immigration Policy and Protests': 'muslimban, nobannowall, trump, muslim, ban, refugee, refugeeswelcome, protest, law, people, support, travel, order, immigration, president, court, trumps, federal, judge, executive, halt'}",US Immigration Policy and Protests,"{'US Immigration Policies': 'muslimban, travelban, ban, immigration, immigrationban, immigrationban_maga, refugee', 'Trump Administration': 'trump, maga, buildthewall, support_leader, president', 'Political Ideologies': 'muslim, america, support, liberal, country, travel'}",US Immigration Policies.Trump Administration.Political Ideologies
53,9,"['ban', 'travel', 'trump', 'immigration', 'trumps', 'president', 'order', 'court', 'judge', 'appeal', 'donald', 'federal', 'block', 'rule', 'legal']",61,14,"['ban', 'travel', 'trump', 'immigration', 'trumps', 'order', 'court', 'judge', 'president', 'appeal', 'donald', 'federal']",10,"['ban', 'trump', 'travel', 'immigration', 'trumps', 'judge', 'order', 'president', 'court', 'donald', 'appeal', 'white_house', 'homeland_security', 'federal']",4,"['ban', 'trump', 'muslim', 'muslimban', 'refugee', 'trumps', 'order']","[320629837, 573277220, 955841496, 1195143002, 1494835716, 2323783152, 2712763860, 733467830478245890, 821465419307511809, 828364058499940352]","ban,travel,trump,immigration,trumps,president,order,court,judge,appeal,donald,federal,block,rule,legal,white_house,homeland_security,muslim,muslimban,refugee","ban,travel,trump,immigration,trumps,president,order,court,judge,appeal,donald,federal,block,rule,legal,white_house,homeland_security","ban,travel,trump,immigration,trumps,order,court,judge,president,appeal,donald,federal,muslim,muslimban,refugee","{'US Immigration Policy and Legal Challenges': 'ban, travel, trump, immigration, trumps, president, order, court, judge, appeal, donald, federal, block, rule, legal, white_house, homeland_security, muslim, muslimban, refugee'}",US Immigration Policy and Legal Challenges,"{'US Immigration Policy': 'ban, travel, immigration, trumps, president, order, court, judge, appeal, donald, federal, block, rule, legal, white_house, homeland_security', 'Trump Administration Legal Challenges': 'trump, trumps, president, order, court, judge, appeal, donald, federal, block, rule, legal, white_house'}",US Immigration Policy.Trump Administration Legal Challenges,"{'US Immigration Policy': 'ban, travel, trump, immigration, trumps, order, court, judge, president, appeal, donald, federal, muslim, muslimban, refugee'}",US Immigration Policy
54,11,"['muslimban', 'nobannowall', 'trump', 'muslim', 'ban', 'refugee', 'refugeeswelcome', 'protest', 'law', 'people', 'support']",217,9,"['trump', 'ban', 'president', 'order', 'court', 'people', 'security']",12,"['muslimban', 'nobannowall', 'trump', 'refugee', 'muslim', 'ban', 'refugeeswelcome', 'protest', 'congress']",4,"['ban', 'trump', 'muslim', 'muslimban', 'refugee', 'trumps', 'order']","[20657302, 43424951, 245531160, 500496955, 735999643, 2702394775, 3097641152, 4378798994, 807810340339744768, 807810340339744800]","muslimban,nobannowall,trump,muslim,ban,refugee,refugeeswelcome,protest,law,people,support,congress,president,order,court,security,trumps","muslimban,nobannowall,trump,muslim,ban,refugee,refugeeswelcome,protest,law,people,support,congress","trump,ban,president,order,court,people,security,muslim,muslimban,refugee,trumps","{'US Immigration Policy and Protests': 'muslimban, nobannowall, trump, muslim, ban, refugee, refugeeswelcome, protest, law, people, support, congress, president, order, court, security, trumps'}",US Immigration Policy and Protests,"{'US Immigration Policy and Public Response': 'muslimban, nobannowall, trump, muslim, ban, refugee, refugeeswelcome, protest, law, people, support, congress'}",US Immigration Policy and Public Response,"{'US Immigration Policy': 'trump, ban, president, order, court, people, security, muslim, muslimban, refugee, trumps'}",US Immigration Policy
55,11,"['muslimban', 'nobannowall', 'trump', 'muslim', 'ban', 'refugee', 'refugeeswelcome', 'protest', 'law', 'people', 'support']",62,9,"['trump', 'ban', 'president', 'order', 'court', 'people', 'security']",12,"['muslimban', 'nobannowall', 'trump', 'refugee', 'muslim', 'ban', 'refugeeswelcome', 'protest', 'congress']",4,"['ban', 'trump', 'muslim', 'muslimban', 'refugee', 'trumps', 'order']","[18165049, 26186655, 135342156, 146160591, 240812994, 242426145, 267935801, 805003357, 1155335864, 2357656989, 2421228369, 2962868158, 4709186883, 717032687643529216, 780524293172129792, 802355121191550976, 806274495669407744, 825744221344759810]","muslimban,nobannowall,trump,muslim,ban,refugee,refugeeswelcome,protest,law,people,support,congress,president,order,court,security,trumps","muslimban,nobannowall,trump,muslim,ban,refugee,refugeeswelcome,protest,law,people,support,congress","trump,ban,president,order,court,people,security,muslim,muslimban,refugee,trumps","{'US Immigration Policy and Protests': 'muslimban, nobannowall, trump, muslim, ban, refugee, refugeeswelcome, protest, law, people, support, congress, president, order, court, security, trumps'}",US Immigration Policy and Protests,"{'US Immigration Policy and Public Response': 'muslimban, nobannowall, trump, muslim, ban, refugee, refugeeswelcome, protest, law, people, support, congress'}",US Immigration Policy and Public Response,"{'US Immigration Policy': 'trump, ban, president, order, court, people, security, muslim, muslimban, refugee, trumps'}",US Immigration Policy
56,8,"['tntweeter', 'uslatino', 'latism', 'immigration', 'inmigracion', 'uniteblue', 'niunomas', 'timeisnow', 'theresistance', 'altotrump', 'russian']",244,2,"['nobannowall', 'muslimban', 'tntweeter', 'uslatino', 'heretostay', 'latism', 'inmigracion', 'notmore', 'immigration', 'refugeeswelcome', 'nomuslimban', 'refugee', 'niunomas', 'timeisnow', 'stand']",0,"['inmigracion_tntweeter', 'tntweeter', 'uslatino_heretostay', 'uslatino', 'uniteblue_notmore', 'art_bxlart', 'nobannowall']",11,"['inmigracion_tntweeter', 'tntweeter', 'uslatino_heretostay', 'uslatino', 'uniteblue_notmore', 'latism']","[24645871, 142979922, 284090190, 358005482, 1511154877, 1692227370, 1939212224, 1947549415, 2178339595, 2274974018, 2282990761, 2296218770, 2308943065, 2321479686, 2322972280, 2331266245, 2334894821, 2347832648, 2351157576, 2358140324, 2358613165, 2359310914, 2367572508, 2383802631, 2864321805, 2994390921, 3153083326, 3241468546, 740735647833432064]","tntweeter,uslatino,latism,immigration,inmigracion,uniteblue,niunomas,timeisnow,theresistance,altotrump,russian,inmigracion_tntweeter,uslatino_heretostay,uniteblue_notmore,art_bxlart,nobannowall,muslimban,heretostay,notmore,refugeeswelcome,nomuslimban,refugee,stand","tntweeter,uslatino,latism,immigration,inmigracion,uniteblue,niunomas,timeisnow,theresistance,altotrump,russian,inmigracion_tntweeter,uslatino_heretostay,uniteblue_notmore,art_bxlart,nobannowall","nobannowall,muslimban,tntweeter,uslatino,heretostay,latism,inmigracion,notmore,immigration,refugeeswelcome,nomuslimban,refugee,niunomas,timeisnow,stand,inmigracion_tntweeter,uslatino_heretostay,uniteblue_notmore","{'Immigration and Social Movements': ['tntweeter', 'uslatino', 'latism', 'immigration', 'inmigracion', 'uniteblue', 'niunomas', 'timeisnow', 'theresistance', 'altotrump', 'inmigracion_tntweeter', 'uslatino_heretostay', 'uniteblue_notmore', 'heretostay', 'notmore', 'nobannowall', 'muslimban', 'nomuslimban', 'refugeeswelcome', 'refugee', 'stand'], 'Political Resistance': ['theresistance', 'altotrump', 'uniteblue', 'uniteblue_notmore'], 'Anti-Discrimination and Refugee Support': ['nobannowall', 'muslimban', 'nomuslimban', 'refugeeswelcome', 'refugee'], 'Art and Culture': ['art_bxlart']}",Immigration and Social Movements.Political Resistance.Anti-Discrimination and Refugee Support.Art and Culture,"{'Social Media Activism': 'tntweeter, uniteblue, uniteblue_notmore, theresistance, altotrump, nobannowall', 'Latino Community and Immigration': 'uslatino, latism, immigration, inmigracion, inmigracion_tntweeter, uslatino_heretostay, niunomas, timeisnow', 'Political Resistance': 'theresistance, altotrump, nobannowall, russian'}",Social Media Activism.Latino Community and Immigration.Political Resistance,"{'Immigration and Refugee Advocacy': ['nobannowall', 'muslimban', 'refugeeswelcome', 'nomuslimban', 'refugee', 'immigration', 'heretostay', 'inmigracion', 'timeisnow', 'stand', 'inmigracion_tntweeter', 'uslatino_heretostay', 'uniteblue_notmore', 'notmore', 'niunomas', 'tntweeter', 'uslatino', 'latism']}",Immigration and Refugee Advocacy
58,9,"['ban', 'travel', 'trump', 'immigration', 'trumps', 'president', 'order', 'court', 'judge', 'appeal', 'donald', 'federal', 'block', 'rule', 'legal']",64,14,"['ban', 'travel', 'trump', 'immigration', 'trumps', 'order', 'court', 'judge', 'president', 'appeal', 'donald', 'federal']",10,"['ban', 'trump', 'travel', 'immigration', 'trumps', 'judge', 'order', 'president', 'court', 'donald', 'appeal', 'white_house', 'homeland_security', 'federal']",6,"['ban', 'travel', 'trump', 'immigration', 'trumps', 'order', 'court', 'judge', 'president', 'appeal', 'federal', 'block', 'rule', 'white_house', 'halt', 'justice_department']","[16374678, 516783934, 3038474730]","ban,travel,trump,immigration,trumps,president,order,court,judge,appeal,donald,federal,block,rule,legal,white_house,homeland_security,halt,justice_department","ban,travel,trump,immigration,trumps,president,order,court,judge,appeal,donald,federal,block,rule,legal,white_house,homeland_security","ban,travel,trump,immigration,trumps,order,court,judge,president,appeal,donald,federal,block,rule,white_house,halt,justice_department","{'US Immigration Policy and Legal Challenges': 'ban, travel, trump, immigration, trumps, president, order, court, judge, appeal, donald, federal, block, rule, legal, white_house, homeland_security, halt, justice_department'}",US Immigration Policy and Legal Challenges,"{'US Immigration Policy': 'ban, travel, immigration, trumps, president, order, court, judge, appeal, donald, federal, block, rule, legal, white_house, homeland_security', 'Trump Administration Legal Challenges': 'trump, trumps, president, order, court, judge, appeal, donald, federal, block, rule, legal, white_house'}",US Immigration Policy.Trump Administration Legal Challenges,"{'US Immigration Policy and Legal Challenges': 'ban, travel, trump, immigration, trumps, order, court, judge, president, appeal, donald, federal, block, rule, white_house, halt, justice_department'}",US Immigration Policy and Legal Challenges
59,9,"['ban', 'travel', 'trump', 'immigration', 'trumps', 'president', 'order', 'court', 'judge', 'appeal', 'donald', 'federal', 'block', 'rule', 'legal']",65,9,"['trump', 'ban', 'president', 'order', 'court', 'people', 'security']",10,"['ban', 'trump', 'travel', 'immigration', 'trumps', 'judge', 'order', 'president', 'court', 'donald', 'appeal', 'white_house', 'homeland_security', 'federal']",4,"['ban', 'trump', 'muslim', 'muslimban', 'refugee', 'trumps', 'order']","[35606154, 104459389, 798350907159101442]","ban,travel,trump,immigration,trumps,president,order,court,judge,appeal,donald,federal,block,rule,legal,white_house,homeland_security,people,security,muslim,muslimban,refugee","ban,travel,trump,immigration,trumps,president,order,court,judge,appeal,donald,federal,block,rule,legal,white_house,homeland_security","trump,ban,president,order,court,people,security,muslim,muslimban,refugee,trumps","{'US Immigration Policy and Legal Challenges': 'ban, travel, trump, immigration, trumps, president, order, court, judge, appeal, donald, federal, block, rule, legal, white_house, homeland_security, people, security, muslim, muslimban, refugee'}",US Immigration Policy and Legal Challenges,"{'US Immigration Policy': 'ban, travel, immigration, trumps, president, order, court, judge, appeal, donald, federal, block, rule, legal, white_house, homeland_security', 'Trump Administration Legal Challenges': 'trump, trumps, president, order, court, judge, appeal, donald, federal, block, rule, legal, white_house'}",US Immigration Policy.Trump Administration Legal Challenges,"{'US Immigration Policy': 'trump, ban, president, order, court, people, security, muslim, muslimban, refugee, trumps'}",US Immigration Policy
61,11,"['muslimban', 'nobannowall', 'trump', 'muslim', 'ban', 'refugee', 'refugeeswelcome', 'protest', 'law', 'people', 'support']",66,9,"['trump', 'ban', 'president', 'order', 'court', 'people', 'security']",12,"['muslimban', 'nobannowall', 'trump', 'refugee', 'muslim', 'ban', 'refugeeswelcome', 'protest', 'congress']",4,"['ban', 'trump', 'muslim', 'muslimban', 'refugee', 'trumps', 'order']","[42839772, 44105634, 2164321527, 2257859085]","muslimban,nobannowall,trump,muslim,ban,refugee,refugeeswelcome,protest,law,people,support,congress,president,order,court,security,trumps","muslimban,nobannowall,trump,muslim,ban,refugee,refugeeswelcome,protest,law,people,support,congress","trump,ban,president,order,court,people,security,muslim,muslimban,refugee,trumps","{'US Immigration Policy and Protests': 'muslimban, nobannowall, trump, muslim, ban, refugee, refugeeswelcome, protest, law, people, support, congress, president, order, court, security, trumps'}",US Immigration Policy and Protests,"{'US Immigration Policy and Public Response': 'muslimban, nobannowall, trump, muslim, ban, refugee, refugeeswelcome, protest, law, people, support, congress'}",US Immigration Policy and Public Response,"{'US Immigration Policy': 'trump, ban, president, order, court, people, security, muslim, muslimban, refugee, trumps'}",US Immigration Policy
62,1,"['ban', 'trump', 'muslim', 'bannon', 'white', 'security', 'house', 'call', 'lie', 'attack', 'terrorism', 'head', 'general', 'miller']",67,9,"['trump', 'ban', 'president', 'order', 'court', 'people', 'security']",4,"['ban', 'trump', 'muslim', 'travel', 'trumps', 'white_house', 'attack']",4,"['ban', 'trump', 'muslim', 'muslimban', 'refugee', 'trumps', 'order']","[2311561, 19830783, 19833463, 27036811, 30199864, 68350943, 103378433, 107842391, 2814761729, 2821135623, 3313010039, 749981613593853956]","ban,trump,muslim,bannon,white,security,house,call,lie,attack,terrorism,head,general,miller,travel,trumps,white_house,president,order,court,people,muslimban,refugee","ban,trump,muslim,bannon,white,security,house,call,lie,attack,terrorism,head,general,miller,travel,trumps,white_house","trump,ban,president,order,court,people,security,muslim,muslimban,refugee,trumps","{'US Travel Ban Controversy': 'ban, trump, muslim, bannon, white, security, house, call, lie, attack, terrorism, head, general, miller, travel, trumps, white_house, president, order, court, people, muslimban, refugee'}",US Travel Ban Controversy,"{'US Politics and Immigration Policy': 'ban, trump, muslim, bannon, white, security, house, call, lie, attack, terrorism, head, general, miller, travel, trumps, white_house'}",US Politics and Immigration Policy,"{'US Immigration Policy': 'trump, ban, president, order, court, people, security, muslim, muslimban, refugee, trumps'}",US Immigration Policy
63,11,"['muslimban', 'nobannowall', 'trump', 'muslim', 'ban', 'refugee', 'refugeeswelcome', 'protest', 'law', 'people', 'support']",68,9,"['trump', 'ban', 'president', 'order', 'court', 'people', 'security']",12,"['muslimban', 'nobannowall', 'trump', 'refugee', 'muslim', 'ban', 'refugeeswelcome', 'protest', 'congress']",4,"['ban', 'trump', 'muslim', 'muslimban', 'refugee', 'trumps', 'order']","[197838315, 341601545, 595009255, 821511862881845200]","muslimban,nobannowall,trump,muslim,ban,refugee,refugeeswelcome,protest,law,people,support,congress,president,order,court,security,trumps","muslimban,nobannowall,trump,muslim,ban,refugee,refugeeswelcome,protest,law,people,support,congress","trump,ban,president,order,court,people,security,muslim,muslimban,refugee,trumps","{'US Immigration Policy and Protests': 'muslimban, nobannowall, trump, muslim, ban, refugee, refugeeswelcome, protest, law, people, support, congress, president, order, court, security, trumps'}",US Immigration Policy and Protests,"{'US Immigration Policy and Public Response': 'muslimban, nobannowall, trump, muslim, ban, refugee, refugeeswelcome, protest, law, people, support, congress'}",US Immigration Policy and Public Response,"{'US Immigration Policy': 'trump, ban, president, order, court, people, security, muslim, muslimban, refugee, trumps'}",US Immigration Policy
65,11,"['muslimban', 'nobannowall', 'trump', 'muslim', 'ban', 'refugee', 'refugeeswelcome', 'protest', 'law', 'people', 'support']",69,7,"['muslimban', 'muslim', 'maga', 'travelban']",12,"['muslimban', 'nobannowall', 'trump', 'refugee', 'muslim', 'ban', 'refugeeswelcome', 'protest', 'congress']",4,"['ban', 'trump', 'muslim', 'muslimban', 'refugee', 'trumps', 'order']","[334288260, 1042145826, 2217247936]","muslimban,nobannowall,trump,muslim,ban,refugee,refugeeswelcome,protest,law,people,support,congress,maga,travelban,trumps,order","muslimban,nobannowall,trump,muslim,ban,refugee,refugeeswelcome,protest,law,people,support,congress","muslimban,muslim,maga,travelban,ban,trump,refugee,trumps,order","{'US Immigration Policy and Public Reaction': 'muslimban, nobannowall, trump, muslim, ban, refugee, refugeeswelcome, protest, law, people, support, congress, maga, travelban, trumps, order'}",US Immigration Policy and Public Reaction,"{'US Immigration Policy and Public Response': 'muslimban, nobannowall, trump, muslim, ban, refugee, refugeeswelcome, protest, law, people, support, congress'}",US Immigration Policy and Public Response,"{'US Immigration Policy': 'muslimban, travelban, ban, refugee, order', 'Trump Administration': 'trump, trumps, maga', 'Impact on Muslim Community': 'muslimban, muslim'}",US Immigration Policy.Trump Administration.Impact on Muslim Community
66,11,"['muslimban', 'nobannowall', 'trump', 'muslim', 'ban', 'refugee', 'refugeeswelcome', 'protest', 'law', 'people', 'support']",70,14,"['ban', 'travel', 'trump', 'immigration', 'trumps', 'order', 'court', 'judge', 'president', 'appeal', 'donald', 'federal']",12,"['muslimban', 'nobannowall', 'trump', 'refugee', 'muslim', 'ban', 'refugeeswelcome', 'protest', 'congress']",4,"['ban', 'trump', 'muslim', 'muslimban', 'refugee', 'trumps', 'order']","[244452577, 523085134, 2494833214]","muslimban,nobannowall,trump,muslim,ban,refugee,refugeeswelcome,protest,law,people,support,congress,travel,immigration,trumps,order,court,judge,president,appeal,donald,federal","muslimban,nobannowall,trump,muslim,ban,refugee,refugeeswelcome,protest,law,people,support,congress","ban,travel,trump,immigration,trumps,order,court,judge,president,appeal,donald,federal,muslim,muslimban,refugee","{'Travel Ban Controversy': 'muslimban, nobannowall, trump, muslim, ban, refugee, refugeeswelcome, protest, law, people, support, congress, travel, immigration, trumps, order, court, judge, president, appeal, donald, federal'}",Travel Ban Controversy,"{'US Immigration Policy and Public Response': 'muslimban, nobannowall, trump, muslim, ban, refugee, refugeeswelcome, protest, law, people, support, congress'}",US Immigration Policy and Public Response,"{'US Immigration Policy': 'ban, travel, trump, immigration, trumps, order, court, judge, president, appeal, donald, federal, muslim, muslimban, refugee'}",US Immigration Policy
67,9,"['ban', 'travel', 'trump', 'immigration', 'trumps', 'president', 'order', 'court', 'judge', 'appeal', 'donald', 'federal', 'block', 'rule', 'legal']",71,14,"['ban', 'travel', 'trump', 'immigration', 'trumps', 'order', 'court', 'judge', 'president', 'appeal', 'donald', 'federal']",10,"['ban', 'trump', 'travel', 'immigration', 'trumps', 'judge', 'order', 'president', 'court', 'donald', 'appeal', 'white_house', 'homeland_security', 'federal']",4,"['ban', 'trump', 'muslim', 'muslimban', 'refugee', 'trumps', 'order']","[594886554, 905530344, 3757015887, 710738910725275648, 714235834463981568]","ban,travel,trump,immigration,trumps,president,order,court,judge,appeal,donald,federal,block,rule,legal,white_house,homeland_security,muslim,muslimban,refugee","ban,travel,trump,immigration,trumps,president,order,court,judge,appeal,donald,federal,block,rule,legal,white_house,homeland_security","ban,travel,trump,immigration,trumps,order,court,judge,president,appeal,donald,federal,muslim,muslimban,refugee","{'US Immigration Policy': 'ban, travel, trump, immigration, trumps, president, order, court, judge, appeal, donald, federal, block, rule, legal, white_house, homeland_security, muslim, muslimban, refugee'}",US Immigration Policy,"{'US Immigration Policy': 'ban, travel, immigration, trumps, president, order, court, judge, appeal, donald, federal, block, rule, legal, white_house, homeland_security', 'Trump Administration Legal Challenges': 'trump, trumps, president, order, court, judge, appeal, donald, federal, block, rule, legal, white_house'}",US Immigration Policy.Trump Administration Legal Challenges,"{'US Immigration Policy': 'ban, travel, trump, immigration, trumps, order, court, judge, president, appeal, donald, federal, muslim, muslimban, refugee'}",US Immigration Policy
68,2,"['muslimban', 'maga', 'travelban', 'islam', 'usa', 'trump', 'liberal', 'americafirst', 'immigrationban', 'tcot', 'terrorist']",72,7,"['muslimban', 'muslim', 'maga', 'travelban']",1,"['muslimban', 'maga', 'americafirst', 'islam', 'wahhabism_daily', 'muslim', 'usa', 'buildthewall', 'donaldtrump', 'wahhabism', 'tcot', 'support']",0,"['muslimban', 'americafirst', 'maga', 'islam', 'tcot', 'usa', 'wahhabism_daily', 'dts_tcot', 'isis']","[121108694, 140721535, 148058023, 350074813, 542428403, 925406383]","muslimban,maga,travelban,islam,usa,trump,liberal,americafirst,immigrationban,tcot,terrorist,wahhabism_daily,muslim,buildthewall,donaldtrump,wahhabism,support,dts_tcot,isis","muslimban,maga,travelban,islam,usa,trump,liberal,americafirst,immigrationban,tcot,terrorist,wahhabism_daily,muslim,buildthewall,donaldtrump,wahhabism,support","muslimban,muslim,maga,travelban,americafirst,islam,tcot,usa,wahhabism_daily,dts_tcot,isis","{'US Immigration and National Security Policies': 'muslimban, travelban, immigrationban, buildthewall, americafirst, usa, trump, donaldtrump, maga, liberal, support, dts_tcot, tcot', 'Islam and Extremism': 'islam, muslim, wahhabism, wahhabism_daily, isis, terrorist'}",US Immigration and National Security Policies.Islam and Extremism,"{'US Immigration and Travel Policies': 'muslimban, travelban, immigrationban, buildthewall, americafirst', 'Political Ideologies and Movements': 'maga, liberal, tcot, support', 'Islam and Related Topics': 'islam, muslim, wahhabism, wahhabism_daily', 'Donald Trump and His Policies': 'usa, trump, donaldtrump'}",US Immigration and Travel Policies.Political Ideologies and Movements.Islam and Related Topics.Donald Trump and His Policies,"{'US Travel and Immigration Policies': 'muslimban, travelban, americafirst, usa', 'Islam and Extremism': 'muslim, islam, wahhabism_daily, isis', 'Political Movements and Ideologies': 'maga, tcot, dts_tcot'}",US Travel and Immigration Policies.Islam and Extremism.Political Movements and Ideologies
69,9,"['ban', 'travel', 'trump', 'immigration', 'trumps', 'president', 'order', 'court', 'judge', 'appeal', 'donald', 'federal', 'block', 'rule', 'legal']",74,14,"['ban', 'travel', 'trump', 'immigration', 'trumps', 'order', 'court', 'judge', 'president', 'appeal', 'donald', 'federal']",10,"['ban', 'trump', 'travel', 'immigration', 'trumps', 'judge', 'order', 'president', 'court', 'donald', 'appeal', 'white_house', 'homeland_security', 'federal']",6,"['ban', 'travel', 'trump', 'immigration', 'trumps', 'order', 'court', 'judge', 'president', 'appeal', 'federal', 'block', 'rule', 'white_house', 'halt', 'justice_department']","[7080552, 29465136, 4068337756, 4868688743, 4906718786]","ban,travel,trump,immigration,trumps,president,order,court,judge,appeal,donald,federal,block,rule,legal,white_house,homeland_security,halt,justice_department","ban,travel,trump,immigration,trumps,president,order,court,judge,appeal,donald,federal,block,rule,legal,white_house,homeland_security","ban,travel,trump,immigration,trumps,order,court,judge,president,appeal,donald,federal,block,rule,white_house,halt,justice_department","{'US Immigration Policy': 'ban, travel, trump, immigration, trumps, president, order, court, judge, appeal, donald, federal, block, rule, legal, white_house, homeland_security, halt, justice_department'}",US Immigration Policy,"{'US Immigration Policy': 'ban, travel, immigration, trumps, president, order, court, judge, appeal, donald, federal, block, rule, legal, white_house, homeland_security', 'Trump Administration Legal Challenges': 'trump, trumps, president, order, court, judge, appeal, donald, federal, block, rule, legal, white_house'}",US Immigration Policy.Trump Administration Legal Challenges,"{'US Immigration Policy and Legal Challenges': 'ban, travel, trump, immigration, trumps, order, court, judge, president, appeal, donald, federal, block, rule, white_house, halt, justice_department'}",US Immigration Policy and Legal Challenges
70,11,"['muslimban', 'nobannowall', 'trump', 'muslim', 'ban', 'refugee', 'refugeeswelcome', 'protest', 'law', 'people', 'support']",75,7,"['muslimban', 'muslim', 'maga', 'travelban']",10,"['ban', 'trump', 'travel', 'immigration', 'trumps', 'judge', 'order', 'president', 'court', 'donald', 'appeal', 'white_house', 'homeland_security', 'federal']",4,"['ban', 'trump', 'muslim', 'muslimban', 'refugee', 'trumps', 'order']","[269199676, 3126563358, 785141716886093829, 797162317762990080, 817902968582377474, 818152237818122240]","muslimban,nobannowall,trump,muslim,ban,refugee,refugeeswelcome,protest,law,people,support,travel,immigration,trumps,judge,order,president,court,donald,appeal,white_house,homeland_security,federal,maga,travelban","muslimban,nobannowall,trump,muslim,ban,refugee,refugeeswelcome,protest,law,people,support,travel,immigration,trumps,judge,order,president,court,donald,appeal,white_house,homeland_security,federal","muslimban,muslim,maga,travelban,ban,trump,refugee,trumps,order","{'Theme: US Immigration Policy and Protests': 'muslimban, nobannowall, trump, muslim, ban, refugee, refugeeswelcome, protest, law, people, support, travel, immigration, trumps, judge, order, president, court, donald, appeal, white_house, homeland_security, federal, maga, travelban'}",Theme: US Immigration Policy and Protests,"{'US Immigration Policy Controversy': 'muslimban, nobannowall, trump, muslim, ban, refugee, refugeeswelcome, protest, law, people, support, travel, immigration, trumps, judge, order, president, court, donald, appeal, white_house, homeland_security, federal'}",US Immigration Policy Controversy,"{'US Immigration Policy': 'muslimban, travelban, ban, refugee, order', 'Trump Administration': 'trump, trumps, maga', 'Impact on Muslim Community': 'muslimban, muslim'}",US Immigration Policy.Trump Administration.Impact on Muslim Community
71,9,"['ban', 'travel', 'trump', 'immigration', 'trumps', 'president', 'order', 'court', 'judge', 'appeal', 'donald', 'federal', 'block', 'rule', 'legal']",24,14,"['ban', 'travel', 'trump', 'immigration', 'trumps', 'order', 'court', 'judge', 'president', 'appeal', 'donald', 'federal']",10,"['ban', 'trump', 'travel', 'immigration', 'trumps', 'judge', 'order', 'president', 'court', 'donald', 'appeal', 'white_house', 'homeland_security', 'federal']",14,"['ban', 'travel', 'trump', 'donald', 'trumps', 'president', 'wall_street', 'court', 'judge', 'immigration', 'order', 'appeal', 'state_allow', 'boston_globe']","[863001163, 870872898, 870876488, 870879266, 870881976, 870882342, 870886394, 870886453, 870892134, 870895488, 870898004, 870898051, 870903090, 870906686, 870907736, 870912895, 896433678, 896440986, 896449622, 915468734, 915656912, 915722492, 915760574, 915807048, 915807342, 915812143, 915896065, 915915606, 915975206, 916004004, 916017960, 916037102, 916051280, 916185487, 916342638, 916490078, 929528022, 929532313, 929535824, 951795330, 951798776, 951825942, 953096516, 1091969084, 1091988979, 1092580321, 1092968340, 1093086042, 1093122954, 1094795100, 4431576263, 4496932162, 4501456696, 4506488051, 4577501358, 4577589252, 4697031619, 4697675496, 4698236432, 4699061804, 4710967996, 4717129347, 705010088587739136, 708109929941495809, 708153637780979712, 708168310307749889, 708204345469345792, 753111979355701248, 753118526911737856, 753124449491283968, 753135483530649600, 753146433897922560, 753245086503276545, 753257017985343488, 753261223056211968, 754526264065744896, 755773802613792769, 755801917125779457, 755807795702890496, 755808480037105664, 755814710847602688, 755820797202137088, 755848821448511488, 755853320858763264, 756235895880179712, 756249866553192448, 756264959336669184, 756271610244526080, 756286894376415232, 756303624167362560, 756337577960046593, 756369439541583872, 756399335533846528, 756423469265481728, 756482440215072768, 756727573401534464, 756773426640121856, 756842252295700480, 756867598743109632, 756875453483319296, 756881732826193921, 756891080294039553, 756891507173580800, 756891633086566400, 756893436091961345, 756896667174043648, 756904523189346304, 756905542979813376, 756909373197254656, 756911892535336960, 756912977866002433, 756915457672769536, 756916488829796352, 756919296312344576, 756922206555410432, 756925310289973249, 765572460586696704, 765676559256711168, 765807721782411264, 765809493590564864, 765812133221236736, 765838829454499841, 765857763712966657, 765877629308301312, 765881369943764992, 765890902317563904, 765895476755464192, 765907582259167233, 765909919019196416, 765910052708421632, 765914327887085568, 784263169996836900]","ban,travel,trump,immigration,trumps,president,order,court,judge,appeal,donald,federal,block,rule,legal,white_house,homeland_security,wall_street,state_allow,boston_globe","ban,travel,trump,immigration,trumps,president,order,court,judge,appeal,donald,federal,block,rule,legal,white_house,homeland_security","ban,travel,trump,immigration,trumps,order,court,judge,president,appeal,donald,federal,wall_street,state_allow,boston_globe","{'US Immigration Policy and Legal Challenges': 'ban, travel, trump, immigration, trumps, president, order, court, judge, appeal, donald, federal, block, rule, legal, white_house, homeland_security', 'Media and Public Reaction': 'wall_street, state_allow, boston_globe'}",US Immigration Policy and Legal Challenges.Media and Public Reaction,"{'US Immigration Policy': 'ban, travel, immigration, trumps, president, order, court, judge, appeal, donald, federal, block, rule, legal, white_house, homeland_security', 'Trump Administration Legal Challenges': 'trump, trumps, president, order, court, judge, appeal, donald, federal, block, rule, legal, white_house'}",US Immigration Policy.Trump Administration Legal Challenges,"{'US Immigration Policy and Legal Challenges': 'ban, travel, trump, immigration, trumps, order, court, judge, president, appeal, donald, federal', 'Media Coverage of Political Events': 'wall_street, state_allow, boston_globe'}",US Immigration Policy and Legal Challenges.Media Coverage of Political Events
72,1,"['ban', 'trump', 'muslim', 'bannon', 'white', 'security', 'house', 'call', 'lie', 'attack', 'terrorism', 'head', 'general', 'miller']",78,9,"['trump', 'ban', 'president', 'order', 'court', 'people', 'security']",4,"['ban', 'trump', 'muslim', 'travel', 'trumps', 'white_house', 'attack']",4,"['ban', 'trump', 'muslim', 'muslimban', 'refugee', 'trumps', 'order']","[14471411, 320540635, 2304071930]","ban,trump,muslim,bannon,white,security,house,call,lie,attack,terrorism,head,general,miller,travel,trumps,white_house,president,order,court,people,muslimban,refugee","ban,trump,muslim,bannon,white,security,house,call,lie,attack,terrorism,head,general,miller,travel,trumps,white_house","trump,ban,president,order,court,people,security,muslim,muslimban,refugee,trumps","{'US Immigration Policy': 'ban, muslim, travel, muslimban, refugee', 'Trump Administration': 'trump, bannon, white, house, white_house, president, trumps, miller', 'National Security': 'security, attack, terrorism, general, head', 'Legal and Political Actions': 'order, court, people, call, lie'}",US Immigration Policy.Trump Administration.National Security.Legal and Political Actions,"{'US Politics and Immigration Policy': 'ban, trump, muslim, bannon, white, security, house, call, lie, attack, terrorism, head, general, miller, travel, trumps, white_house'}",US Politics and Immigration Policy,"{'US Immigration Policy': 'trump, ban, president, order, court, people, security, muslim, muslimban, refugee, trumps'}",US Immigration Policy
73,13,"['muslimban', 'board', 'visas', 'valid', 'airlinesnomuslimban', 'nobanjfk', 'traveler', 'court', 'aviation', 'rule', 'travel', 'judge', 'circuit', 'passenger', 'stay']",79,9,"['trump', 'ban', 'president', 'order', 'court', 'people', 'security']",12,"['muslimban', 'nobannowall', 'trump', 'refugee', 'muslim', 'ban', 'refugeeswelcome', 'protest', 'congress']",4,"['ban', 'trump', 'muslim', 'muslimban', 'refugee', 'trumps', 'order']","[38363082, 176953436, 1481865216, 1624926602, 1653422442, 1874495306, 2244322316, 2258610236, 2421397093, 2455806548, 2533536294, 2600286068, 2633981594, 3154707827, 3228631089, 3230970725, 3254255787, 3257154182, 3324219924, 3327043767, 3345349378, 3349825024, 702573500360495104, 703163184106962948, 703576687871660032]","muslimban,board,visas,valid,airlinesnomuslimban,nobanjfk,traveler,court,aviation,rule,travel,judge,circuit,passenger,stay,nobannowall,trump,refugee,muslim,ban,refugeeswelcome,protest,congress,president,order,people,security,trumps","muslimban,board,visas,valid,airlinesnomuslimban,nobanjfk,traveler,court,aviation,rule,travel,judge,circuit,passenger,stay,nobannowall,trump,refugee,muslim,ban,refugeeswelcome,protest,congress","trump,ban,president,order,court,people,security,muslim,muslimban,refugee,trumps","{'Travel Ban and Legal Challenges': 'muslimban, visas, valid, airlinesnomuslimban, nobanjfk, traveler, court, aviation, rule, travel, judge, circuit, passenger, stay, nobannowall, trump, refugee, muslim, ban, refugeeswelcome, protest, congress, president, order, people, security, trumps'}",Travel Ban and Legal Challenges,"{'US Travel Ban Controversy': 'muslimban, visas, valid, airlinesnomuslimban, nobanjfk, traveler, court, aviation, rule, travel, judge, circuit, passenger, stay, nobannowall, trump, refugee, muslim, ban, refugeeswelcome, protest, congress'}",US Travel Ban Controversy,"{'US Immigration Policy': 'trump, ban, president, order, court, people, security, muslim, muslimban, refugee, trumps'}",US Immigration Policy
74,11,"['muslimban', 'nobannowall', 'trump', 'muslim', 'ban', 'refugee', 'refugeeswelcome', 'protest', 'law', 'people', 'support']",80,2,"['nobannowall', 'muslimban', 'tntweeter', 'uslatino', 'heretostay', 'latism', 'inmigracion', 'notmore', 'immigration', 'refugeeswelcome', 'nomuslimban', 'refugee', 'niunomas', 'timeisnow', 'stand']",12,"['muslimban', 'nobannowall', 'trump', 'refugee', 'muslim', 'ban', 'refugeeswelcome', 'protest', 'congress']",13,"['nobannowall', 'muslimban', 'heretostay', 'nomuslimban', 'refugeeswelcome', 'refugee', 'protest']","[69450341, 497154452, 1150149296, 2901969397]","muslimban,nobannowall,trump,muslim,ban,refugee,refugeeswelcome,protest,law,people,support,congress,tntweeter,uslatino,heretostay,latism,inmigracion,notmore,immigration,nomuslimban,niunomas,timeisnow,stand","muslimban,nobannowall,trump,muslim,ban,refugee,refugeeswelcome,protest,law,people,support,congress","nobannowall,muslimban,tntweeter,uslatino,heretostay,latism,inmigracion,notmore,immigration,refugeeswelcome,nomuslimban,refugee,niunomas,timeisnow,stand,protest","{'US Immigration Policies and Protests': 'muslimban, nobannowall, trump, muslim, ban, refugee, refugeeswelcome, protest, law, people, support, congress, tntweeter, uslatino, heretostay, latism, inmigracion, notmore, immigration, nomuslimban, niunomas, timeisnow, stand'}",US Immigration Policies and Protests,"{'US Immigration Policy and Public Response': 'muslimban, nobannowall, trump, muslim, ban, refugee, refugeeswelcome, protest, law, people, support, congress'}",US Immigration Policy and Public Response,"{'Immigration and Refugee Advocacy': ['nobannowall', 'muslimban', 'uslatino', 'heretostay', 'latism', 'inmigracion', 'immigration', 'refugeeswelcome', 'nomuslimban', 'refugee', 'niunomas', 'timeisnow', 'stand', 'protest'], 'Social Media Activism': ['tntweeter', 'notmore']}",Immigration and Refugee Advocacy.Social Media Activism
75,9,"['ban', 'travel', 'trump', 'immigration', 'trumps', 'president', 'order', 'court', 'judge', 'appeal', 'donald', 'federal', 'block', 'rule', 'legal']",81,14,"['ban', 'travel', 'trump', 'immigration', 'trumps', 'order', 'court', 'judge', 'president', 'appeal', 'donald', 'federal']",10,"['ban', 'trump', 'travel', 'immigration', 'trumps', 'judge', 'order', 'president', 'court', 'donald', 'appeal', 'white_house', 'homeland_security', 'federal']",4,"['ban', 'trump', 'muslim', 'muslimban', 'refugee', 'trumps', 'order']","[1932657667, 1964314004, 2473045788, 2475411319, 2567774714, 3318068033, 4440817880]","ban,travel,trump,immigration,trumps,president,order,court,judge,appeal,donald,federal,block,rule,legal,white_house,homeland_security,muslim,muslimban,refugee","ban,travel,trump,immigration,trumps,president,order,court,judge,appeal,donald,federal,block,rule,legal,white_house,homeland_security","ban,travel,trump,immigration,trumps,order,court,judge,president,appeal,donald,federal,muslim,muslimban,refugee","{'US Immigration Policy': 'ban, travel, trump, immigration, trumps, president, order, court, judge, appeal, donald, federal, block, rule, legal, white_house, homeland_security, muslim, muslimban, refugee'}",US Immigration Policy,"{'US Immigration Policy': 'ban, travel, immigration, trumps, president, order, court, judge, appeal, donald, federal, block, rule, legal, white_house, homeland_security', 'Trump Administration Legal Challenges': 'trump, trumps, president, order, court, judge, appeal, donald, federal, block, rule, legal, white_house'}",US Immigration Policy.Trump Administration Legal Challenges,"{'US Immigration Policy': 'ban, travel, trump, immigration, trumps, order, court, judge, president, appeal, donald, federal, muslim, muslimban, refugee'}",US Immigration Policy
76,1,"['ban', 'trump', 'muslim', 'bannon', 'white', 'security', 'house', 'call', 'lie', 'attack', 'terrorism', 'head', 'general', 'miller']",82,9,"['trump', 'ban', 'president', 'order', 'court', 'people', 'security']",4,"['ban', 'trump', 'muslim', 'travel', 'trumps', 'white_house', 'attack']",4,"['ban', 'trump', 'muslim', 'muslimban', 'refugee', 'trumps', 'order']","[14202817, 20190741, 174059200]","ban,trump,muslim,bannon,white,security,house,call,lie,attack,terrorism,head,general,miller,travel,trumps,white_house,president,order,court,people,muslimban,refugee","ban,trump,muslim,bannon,white,security,house,call,lie,attack,terrorism,head,general,miller,travel,trumps,white_house","trump,ban,president,order,court,people,security,muslim,muslimban,refugee,trumps","{'US Immigration Policy Controversy': 'ban, trump, muslim, bannon, white, security, house, call, lie, attack, terrorism, head, general, miller, travel, trumps, white_house, president, order, court, people, muslimban, refugee'}",US Immigration Policy Controversy,"{'US Politics and Immigration Policy': 'ban, trump, muslim, bannon, white, security, house, call, lie, attack, terrorism, head, general, miller, travel, trumps, white_house'}",US Politics and Immigration Policy,"{'US Immigration Policy': 'trump, ban, president, order, court, people, security, muslim, muslimban, refugee, trumps'}",US Immigration Policy
77,9,"['ban', 'travel', 'trump', 'immigration', 'trumps', 'president', 'order', 'court', 'judge', 'appeal', 'donald', 'federal', 'block', 'rule', 'legal']",83,14,"['ban', 'travel', 'trump', 'immigration', 'trumps', 'order', 'court', 'judge', 'president', 'appeal', 'donald', 'federal']",10,"['ban', 'trump', 'travel', 'immigration', 'trumps', 'judge', 'order', 'president', 'court', 'donald', 'appeal', 'white_house', 'homeland_security', 'federal']",4,"['ban', 'trump', 'muslim', 'muslimban', 'refugee', 'trumps', 'order']","[19065989, 154228382, 4786763677, 712463864491872256]","ban,travel,trump,immigration,trumps,president,order,court,judge,appeal,donald,federal,block,rule,legal,white_house,homeland_security,muslim,muslimban,refugee","ban,travel,trump,immigration,trumps,president,order,court,judge,appeal,donald,federal,block,rule,legal,white_house,homeland_security","ban,travel,trump,immigration,trumps,order,court,judge,president,appeal,donald,federal,muslim,muslimban,refugee","{'US Immigration Policy': 'ban, travel, trump, immigration, trumps, president, order, court, judge, appeal, donald, federal, block, rule, legal, white_house, homeland_security, muslim, muslimban, refugee'}",US Immigration Policy,"{'US Immigration Policy': 'ban, travel, immigration, trumps, president, order, court, judge, appeal, donald, federal, block, rule, legal, white_house, homeland_security', 'Trump Administration Legal Challenges': 'trump, trumps, president, order, court, judge, appeal, donald, federal, block, rule, legal, white_house'}",US Immigration Policy.Trump Administration Legal Challenges,"{'US Immigration Policy': 'ban, travel, trump, immigration, trumps, order, court, judge, president, appeal, donald, federal, muslim, muslimban, refugee'}",US Immigration Policy
78,10,"['order', 'immigration', 'ban', 'travel', 'judge', 'executive', 'halt', 'country', 'muslim', 'poll', 'tweet', 'marine', 'iraq', 'comment']",84,14,"['ban', 'travel', 'trump', 'immigration', 'trumps', 'order', 'court', 'judge', 'president', 'appeal', 'donald', 'federal']",11,"['ban', 'travel', 'order', 'immigration', 'trump', 'president', 'court', 'trumps', 'federal', 'judge', 'executive', 'muslim', 'halt']",12,"['travelban', 'maga', 'ban', 'trump', 'travel', 'immigration', 'country', 'buildthewall', 'immigrationban', 'support_leader', 'america', 'muslim', 'support', 'refugee', 'immigrationban_maga', 'president', 'liberal']","[19211550, 3408791968, 754760616351567872]","order,immigration,ban,travel,judge,executive,halt,country,muslim,poll,tweet,marine,iraq,comment,trump,president,court,trumps,federal,appeal,donald,travelban,maga,buildthewall,immigrationban,support_leader,america,support,refugee,immigrationban_maga,liberal","order,immigration,ban,travel,judge,executive,halt,country,muslim,poll,tweet,marine,iraq,comment,trump,president,court,trumps,federal","ban,travel,trump,immigration,trumps,order,court,judge,president,appeal,donald,federal,travelban,maga,country,buildthewall,immigrationban,support_leader,america,muslim,support,refugee,immigrationban_maga,liberal","{'US Immigration Policy and Travel Ban': 'order, immigration, ban, travel, judge, executive, halt, country, muslim, trump, president, court, trumps, federal, appeal, donald, travelban, immigrationban, refugee, immigrationban_maga', 'Political and Public Reactions': 'poll, tweet, comment, maga, buildthewall, support_leader, america, support, liberal', 'Military and International Relations': 'marine, iraq'}",US Immigration Policy and Travel Ban.Political and Public Reactions.Military and International Relations,"{'US Immigration Policy and Legal Challenges': 'order, immigration, ban, travel, judge, executive, halt, country, muslim, court, federal', 'Trump Administration and Public Reaction': 'poll, tweet, comment, trump, president, trumps', 'Military and International Relations': 'marine, iraq'}",US Immigration Policy and Legal Challenges.Trump Administration and Public Reaction.Military and International Relations,"{'US Immigration Policy': 'ban, travel, trump, immigration, trumps, order, court, judge, president, appeal, donald, federal, travelban, maga, country, buildthewall, immigrationban, support_leader, america, muslim, support, refugee, immigrationban_maga, liberal'}",US Immigration Policy
79,11,"['muslimban', 'nobannowall', 'trump', 'muslim', 'ban', 'refugee', 'refugeeswelcome', 'protest', 'law', 'people', 'support']",266,9,"['trump', 'ban', 'president', 'order', 'court', 'people', 'security']",4,"['ban', 'trump', 'muslim', 'travel', 'trumps', 'white_house', 'attack']",4,"['ban', 'trump', 'muslim', 'muslimban', 'refugee', 'trumps', 'order']","[17654763, 17672825, 22812734, 226640681, 409116367, 897197394, 1110222162]","muslimban,nobannowall,trump,muslim,ban,refugee,refugeeswelcome,protest,law,people,support,travel,trumps,white_house,attack,president,order,court,security","muslimban,nobannowall,trump,muslim,ban,refugee,refugeeswelcome,protest,law,people,support,travel,trumps,white_house,attack","trump,ban,president,order,court,people,security,muslim,muslimban,refugee,trumps","{'US Travel Ban Controversy': 'muslimban, nobannowall, trump, muslim, ban, refugee, refugeeswelcome, protest, law, people, support, travel, trumps, white_house, attack, president, order, court, security'}",US Travel Ban Controversy,"{'US Immigration Policy and Protests': 'muslimban, nobannowall, trump, muslim, ban, refugee, refugeeswelcome, protest, law, people, support, travel, trumps, white_house, attack'}",US Immigration Policy and Protests,"{'US Immigration Policy': 'trump, ban, president, order, court, people, security, muslim, muslimban, refugee, trumps'}",US Immigration Policy
80,11,"['muslimban', 'nobannowall', 'trump', 'muslim', 'ban', 'refugee', 'refugeeswelcome', 'protest', 'law', 'people', 'support']",86,7,"['muslimban', 'muslim', 'maga', 'travelban']",1,"['muslimban', 'maga', 'americafirst', 'islam', 'wahhabism_daily', 'muslim', 'usa', 'buildthewall', 'donaldtrump', 'wahhabism', 'tcot', 'support']",4,"['ban', 'trump', 'muslim', 'muslimban', 'refugee', 'trumps', 'order']","[421482987, 990077707, 2814058404, 3964410253]","muslimban,nobannowall,trump,muslim,ban,refugee,refugeeswelcome,protest,law,people,support,maga,americafirst,islam,wahhabism_daily,usa,buildthewall,donaldtrump,wahhabism,tcot,travelban,trumps,order","muslimban,nobannowall,trump,muslim,ban,refugee,refugeeswelcome,protest,law,people,support,maga,americafirst,islam,wahhabism_daily,usa,buildthewall,donaldtrump,wahhabism,tcot","muslimban,muslim,maga,travelban,ban,trump,refugee,trumps,order","{'US Immigration Policy and Protests': 'muslimban, nobannowall, trump, muslim, ban, refugee, refugeeswelcome, protest, law, people, support, maga, americafirst, islam, wahhabism_daily, usa, buildthewall, donaldtrump, wahhabism, tcot, travelban, trumps, order'}",US Immigration Policy and Protests,"{'Immigration Policy and Protests': 'muslimban, nobannowall, trump, muslim, ban, refugee, refugeeswelcome, protest, law, people, support, maga, americafirst, islam, usa, buildthewall, donaldtrump, tcot', 'Islam and Wahhabism': 'islam, wahhabism_daily, wahhabism'}",Immigration Policy and Protests.Islam and Wahhabism,"{'US Immigration Policy': 'muslimban, travelban, ban, refugee, order', 'Trump Administration': 'trump, trumps, maga', 'Impact on Muslim Community': 'muslimban, muslim'}",US Immigration Policy.Trump Administration.Impact on Muslim Community
83,11,"['muslimban', 'nobannowall', 'trump', 'muslim', 'ban', 'refugee', 'refugeeswelcome', 'protest', 'law', 'people', 'support']",88,14,"['ban', 'travel', 'trump', 'immigration', 'trumps', 'order', 'court', 'judge', 'president', 'appeal', 'donald', 'federal']",12,"['muslimban', 'nobannowall', 'trump', 'refugee', 'muslim', 'ban', 'refugeeswelcome', 'protest', 'congress']",4,"['ban', 'trump', 'muslim', 'muslimban', 'refugee', 'trumps', 'order']","[313038011, 352900778, 2247644238, 3196630410]","muslimban,nobannowall,trump,muslim,ban,refugee,refugeeswelcome,protest,law,people,support,congress,travel,immigration,trumps,order,court,judge,president,appeal,donald,federal","muslimban,nobannowall,trump,muslim,ban,refugee,refugeeswelcome,protest,law,people,support,congress","ban,travel,trump,immigration,trumps,order,court,judge,president,appeal,donald,federal,muslim,muslimban,refugee","{'Theme: US Immigration Policy and Protests': 'muslimban, nobannowall, trump, muslim, ban, refugee, refugeeswelcome, protest, law, people, support, congress, travel, immigration, trumps, order, court, judge, president, appeal, donald, federal'}",Theme: US Immigration Policy and Protests,"{'US Immigration Policy and Public Response': 'muslimban, nobannowall, trump, muslim, ban, refugee, refugeeswelcome, protest, law, people, support, congress'}",US Immigration Policy and Public Response,"{'US Immigration Policy': 'ban, travel, trump, immigration, trumps, order, court, judge, president, appeal, donald, federal, muslim, muslimban, refugee'}",US Immigration Policy
84,9,"['ban', 'travel', 'trump', 'immigration', 'trumps', 'president', 'order', 'court', 'judge', 'appeal', 'donald', 'federal', 'block', 'rule', 'legal']",89,14,"['ban', 'travel', 'trump', 'immigration', 'trumps', 'order', 'court', 'judge', 'president', 'appeal', 'donald', 'federal']",11,"['ban', 'travel', 'order', 'immigration', 'trump', 'president', 'court', 'trumps', 'federal', 'judge', 'executive', 'muslim', 'halt']",6,"['ban', 'travel', 'trump', 'immigration', 'trumps', 'order', 'court', 'judge', 'president', 'appeal', 'federal', 'block', 'rule', 'white_house', 'halt', 'justice_department']","[72454254, 479562736, 800663185]","ban,travel,trump,immigration,trumps,president,order,court,judge,appeal,donald,federal,block,rule,legal,executive,muslim,halt,white_house,justice_department","ban,travel,trump,immigration,trumps,president,order,court,judge,appeal,donald,federal,block,rule,legal,executive,muslim,halt","ban,travel,trump,immigration,trumps,order,court,judge,president,appeal,donald,federal,block,rule,white_house,halt,justice_department","{'US Immigration Policy and Legal Challenges': 'ban, travel, trump, immigration, trumps, president, order, court, judge, appeal, donald, federal, block, rule, legal, executive, muslim, halt, white_house, justice_department'}",US Immigration Policy and Legal Challenges,"{'US Immigration Policy and Legal Challenges': 'ban, travel, trump, immigration, trumps, president, order, court, judge, appeal, donald, federal, block, rule, legal, executive, muslim, halt'}",US Immigration Policy and Legal Challenges,"{'US Immigration Policy and Legal Challenges': 'ban, travel, trump, immigration, trumps, order, court, judge, president, appeal, donald, federal, block, rule, white_house, halt, justice_department'}",US Immigration Policy and Legal Challenges
86,11,"['muslimban', 'nobannowall', 'trump', 'muslim', 'ban', 'refugee', 'refugeeswelcome', 'protest', 'law', 'people', 'support']",91,14,"['ban', 'travel', 'trump', 'immigration', 'trumps', 'order', 'court', 'judge', 'president', 'appeal', 'donald', 'federal']",12,"['muslimban', 'nobannowall', 'trump', 'refugee', 'muslim', 'ban', 'refugeeswelcome', 'protest', 'congress']",4,"['ban', 'trump', 'muslim', 'muslimban', 'refugee', 'trumps', 'order']","[19017675, 1586941430, 2716396878, 3311009789, 3369332271, 3381540185, 4521330855, 4690856839, 775044975809757184, 783063150585339905, 801145013799358468, 818947590137987072]","muslimban,nobannowall,trump,muslim,ban,refugee,refugeeswelcome,protest,law,people,support,congress,travel,immigration,trumps,order,court,judge,president,appeal,donald,federal","muslimban,nobannowall,trump,muslim,ban,refugee,refugeeswelcome,protest,law,people,support,congress","ban,travel,trump,immigration,trumps,order,court,judge,president,appeal,donald,federal,muslim,muslimban,refugee","{'Theme: U.S. Immigration Policy and Protests': 'muslimban, nobannowall, trump, muslim, ban, refugee, refugeeswelcome, protest, law, people, support, congress, travel, immigration, trumps, order, court, judge, president, appeal, donald, federal'}",Theme: U.S. Immigration Policy and Protests,"{'US Immigration Policy and Public Response': 'muslimban, nobannowall, trump, muslim, ban, refugee, refugeeswelcome, protest, law, people, support, congress'}",US Immigration Policy and Public Response,"{'US Immigration Policy': 'ban, travel, trump, immigration, trumps, order, court, judge, president, appeal, donald, federal, muslim, muslimban, refugee'}",US Immigration Policy
87,1,"['ban', 'trump', 'muslim', 'bannon', 'white', 'security', 'house', 'call', 'lie', 'attack', 'terrorism', 'head', 'general', 'miller']",92,9,"['trump', 'ban', 'president', 'order', 'court', 'people', 'security']",4,"['ban', 'trump', 'muslim', 'travel', 'trumps', 'white_house', 'attack']",4,"['ban', 'trump', 'muslim', 'muslimban', 'refugee', 'trumps', 'order']","[14811217, 63517019, 111490230, 280158384]","ban,trump,muslim,bannon,white,security,house,call,lie,attack,terrorism,head,general,miller,travel,trumps,white_house,president,order,court,people,muslimban,refugee","ban,trump,muslim,bannon,white,security,house,call,lie,attack,terrorism,head,general,miller,travel,trumps,white_house","trump,ban,president,order,court,people,security,muslim,muslimban,refugee,trumps","{'US Travel Ban Controversy': 'ban, trump, muslim, bannon, white, security, house, call, lie, attack, terrorism, head, general, miller, travel, trumps, white_house, president, order, court, people, muslimban, refugee'}",US Travel Ban Controversy,"{'US Politics and Immigration Policy': 'ban, trump, muslim, bannon, white, security, house, call, lie, attack, terrorism, head, general, miller, travel, trumps, white_house'}",US Politics and Immigration Policy,"{'US Immigration Policy': 'trump, ban, president, order, court, people, security, muslim, muslimban, refugee, trumps'}",US Immigration Policy
88,11,"['muslimban', 'nobannowall', 'trump', 'muslim', 'ban', 'refugee', 'refugeeswelcome', 'protest', 'law', 'people', 'support']",94,9,"['trump', 'ban', 'president', 'order', 'court', 'people', 'security']",12,"['muslimban', 'nobannowall', 'trump', 'refugee', 'muslim', 'ban', 'refugeeswelcome', 'protest', 'congress']",4,"['ban', 'trump', 'muslim', 'muslimban', 'refugee', 'trumps', 'order']","[104198706, 279668945, 1112486646]","muslimban,nobannowall,trump,muslim,ban,refugee,refugeeswelcome,protest,law,people,support,congress,president,order,court,security,trumps","muslimban,nobannowall,trump,muslim,ban,refugee,refugeeswelcome,protest,law,people,support,congress","trump,ban,president,order,court,people,security,muslim,muslimban,refugee,trumps","{'US Immigration Policy and Protests': 'muslimban, nobannowall, trump, muslim, ban, refugee, refugeeswelcome, protest, law, people, support, congress, president, order, court, security, trumps'}",US Immigration Policy and Protests,"{'US Immigration Policy and Public Response': 'muslimban, nobannowall, trump, muslim, ban, refugee, refugeeswelcome, protest, law, people, support, congress'}",US Immigration Policy and Public Response,"{'US Immigration Policy': 'trump, ban, president, order, court, people, security, muslim, muslimban, refugee, trumps'}",US Immigration Policy
89,11,"['muslimban', 'nobannowall', 'trump', 'muslim', 'ban', 'refugee', 'refugeeswelcome', 'protest', 'law', 'people', 'support']",97,7,"['muslimban', 'muslim', 'maga', 'travelban']",12,"['muslimban', 'nobannowall', 'trump', 'refugee', 'muslim', 'ban', 'refugeeswelcome', 'protest', 'congress']",4,"['ban', 'trump', 'muslim', 'muslimban', 'refugee', 'trumps', 'order']","[123910041, 250623436, 3070001098, 778876449348546560]","muslimban,nobannowall,trump,muslim,ban,refugee,refugeeswelcome,protest,law,people,support,congress,maga,travelban,trumps,order","muslimban,nobannowall,trump,muslim,ban,refugee,refugeeswelcome,protest,law,people,support,congress","muslimban,muslim,maga,travelban,ban,trump,refugee,trumps,order","{'US Immigration Policy and Protests': 'muslimban, nobannowall, trump, muslim, ban, refugee, refugeeswelcome, protest, law, people, support, congress, maga, travelban, trumps, order'}",US Immigration Policy and Protests,"{'US Immigration Policy and Public Response': 'muslimban, nobannowall, trump, muslim, ban, refugee, refugeeswelcome, protest, law, people, support, congress'}",US Immigration Policy and Public Response,"{'US Immigration Policy': 'muslimban, travelban, ban, refugee, order', 'Trump Administration': 'trump, trumps, maga', 'Impact on Muslim Community': 'muslimban, muslim'}",US Immigration Policy.Trump Administration.Impact on Muslim Community
91,11,"['muslimban', 'nobannowall', 'trump', 'muslim', 'ban', 'refugee', 'refugeeswelcome', 'protest', 'law', 'people', 'support']",101,9,"['trump', 'ban', 'president', 'order', 'court', 'people', 'security']",12,"['muslimban', 'nobannowall', 'trump', 'refugee', 'muslim', 'ban', 'refugeeswelcome', 'protest', 'congress']",4,"['ban', 'trump', 'muslim', 'muslimban', 'refugee', 'trumps', 'order']","[21439144, 4378260195, 811174268881014784]","muslimban,nobannowall,trump,muslim,ban,refugee,refugeeswelcome,protest,law,people,support,congress,president,order,court,security,trumps","muslimban,nobannowall,trump,muslim,ban,refugee,refugeeswelcome,protest,law,people,support,congress","trump,ban,president,order,court,people,security,muslim,muslimban,refugee,trumps","{'US Immigration Policy and Protests': 'muslimban, nobannowall, trump, muslim, ban, refugee, refugeeswelcome, protest, law, people, support, congress, president, order, court, security, trumps'}",US Immigration Policy and Protests,"{'US Immigration Policy and Public Response': 'muslimban, nobannowall, trump, muslim, ban, refugee, refugeeswelcome, protest, law, people, support, congress'}",US Immigration Policy and Public Response,"{'US Immigration Policy': 'trump, ban, president, order, court, people, security, muslim, muslimban, refugee, trumps'}",US Immigration Policy
93,2,"['muslimban', 'maga', 'travelban', 'islam', 'usa', 'trump', 'liberal', 'americafirst', 'immigrationban', 'tcot', 'terrorist']",103,5,"['muslimban', 'trumprussia', 'trumpleak', 'trump', 'tie', 'resist', 'read', 'resistance']",12,"['muslimban', 'nobannowall', 'trump', 'refugee', 'muslim', 'ban', 'refugeeswelcome', 'protest', 'congress']",6,"['ban', 'travel', 'trump', 'immigration', 'trumps', 'order', 'court', 'judge', 'president', 'appeal', 'federal', 'block', 'rule', 'white_house', 'halt', 'justice_department']","[5734902, 2185383780, 4499095419]","muslimban,maga,travelban,islam,usa,trump,liberal,americafirst,immigrationban,tcot,terrorist,nobannowall,refugee,muslim,ban,refugeeswelcome,protest,congress,trumprussia,trumpleak,tie,resist,read,resistance,travel,immigration,trumps,order,court,judge,president,appeal,federal,block,rule,white_house,halt,justice_department","muslimban,maga,travelban,islam,usa,trump,liberal,americafirst,immigrationban,tcot,terrorist,nobannowall,refugee,muslim,ban,refugeeswelcome,protest,congress","muslimban,trumprussia,trumpleak,trump,tie,resist,read,resistance,ban,travel,immigration,trumps,order,court,judge,president,appeal,federal,block,rule,white_house,halt,justice_department","{'US Immigration Policy and Protests': 'muslimban, travelban, immigrationban, immigration, refugeeswelcome, protest, nobannowall, resist, resistance', 'Trump Administration and Legal Challenges': 'maga, usa, trump, americafirst, congress, trumprussia, trumpleak, order, court, judge, president, appeal, federal, block, rule, white_house, halt, justice_department', 'Religious and Cultural Tensions': 'islam, muslim, refugee, refugeeswelcome, terrorist', 'Political Ideologies and Movements': 'liberal, tcot, resist, resistance'}",US Immigration Policy and Protests.Trump Administration and Legal Challenges.Religious and Cultural Tensions.Political Ideologies and Movements,"{'US Immigration Policy and Protests': 'muslimban, maga, travelban, islam, usa, trump, liberal, americafirst, immigrationban, tcot, terrorist, nobannowall, refugee, muslim, ban, refugeeswelcome, protest, congress'}",US Immigration Policy and Protests,"{'US Politics and Legal Challenges': 'muslimban, trumprussia, trumpleak, trump, resist, resistance, ban, travel, immigration, trumps, order, court, judge, president, appeal, federal, block, rule, white_house, halt, justice_department'}",US Politics and Legal Challenges
94,11,"['muslimban', 'nobannowall', 'trump', 'muslim', 'ban', 'refugee', 'refugeeswelcome', 'protest', 'law', 'people', 'support']",104,4,"['resist', 'theresistance', 'dworkinreport', 'trump', 'nodapl', 'impeachtrump', 'flynn', 'fireflynn']",13,"['theresistance', 'resist', 'nobannowall', 'impeachtrump', 'impeachtrump_impeachtrumpnow', 'resistance', 'trump']",7,"['muslimban', 'resist', 'theresistance', 'dworkinreport', 'nodapl', 'impeachtrump']","[93904951, 234306352, 774672882, 1195546008, 2327080175]","muslimban,nobannowall,trump,muslim,ban,refugee,refugeeswelcome,protest,law,people,support,theresistance,resist,impeachtrump,impeachtrump_impeachtrumpnow,resistance,dworkinreport,nodapl,flynn,fireflynn","muslimban,nobannowall,trump,muslim,ban,refugee,refugeeswelcome,protest,law,people,support,theresistance,resist,impeachtrump,impeachtrump_impeachtrumpnow,resistance","resist,theresistance,dworkinreport,trump,nodapl,impeachtrump,flynn,fireflynn,muslimban","{'Travel Ban and Immigration Policy': ['muslimban', 'nobannowall', 'trump', 'muslim', 'ban', 'refugee', 'refugeeswelcome'], 'Protest and Resistance Movements': ['protest', 'people', 'support', 'theresistance', 'resist', 'resistance'], 'Political Opposition and Impeachment': ['impeachtrump', 'impeachtrump_impeachtrumpnow', 'dworkinreport'], 'Controversial Government Actions': ['nodapl', 'flynn', 'fireflynn']}",Travel Ban and Immigration Policy.Protest and Resistance Movements.Political Opposition and Impeachment.Controversial Government Actions,"{'US Immigration Policy and Public Response': 'muslimban, nobannowall, trump, muslim, ban, refugee, refugeeswelcome, protest, law, people, support, theresistance, resist, impeachtrump, impeachtrump_impeachtrumpnow, resistance'}",US Immigration Policy and Public Response,"{'Political Resistance and Activism': 'resist, theresistance, nodapl, impeachtrump', 'Trump Administration Controversies': 'dworkinreport, trump, flynn, fireflynn, muslimban'}",Political Resistance and Activism.Trump Administration Controversies
95,11,"['muslimban', 'nobannowall', 'trump', 'muslim', 'ban', 'refugee', 'refugeeswelcome', 'protest', 'law', 'people', 'support']",105,2,"['nobannowall', 'muslimban', 'tntweeter', 'uslatino', 'heretostay', 'latism', 'inmigracion', 'notmore', 'immigration', 'refugeeswelcome', 'nomuslimban', 'refugee', 'niunomas', 'timeisnow', 'stand']",12,"['muslimban', 'nobannowall', 'trump', 'refugee', 'muslim', 'ban', 'refugeeswelcome', 'protest', 'congress']",4,"['ban', 'trump', 'muslim', 'muslimban', 'refugee', 'trumps', 'order']","[2265661259, 2650905729, 3056507852]","muslimban,nobannowall,trump,muslim,ban,refugee,refugeeswelcome,protest,law,people,support,congress,tntweeter,uslatino,heretostay,latism,inmigracion,notmore,immigration,nomuslimban,niunomas,timeisnow,stand,trumps,order","muslimban,nobannowall,trump,muslim,ban,refugee,refugeeswelcome,protest,law,people,support,congress","nobannowall,muslimban,tntweeter,uslatino,heretostay,latism,inmigracion,notmore,immigration,refugeeswelcome,nomuslimban,refugee,niunomas,timeisnow,stand,ban,trump,muslim,trumps,order","{'Immigration Policy and Protests': 'muslimban, nobannowall, trump, muslim, ban, refugee, refugeeswelcome, protest, law, people, support, congress, tntweeter, uslatino, heretostay, latism, inmigracion, notmore, immigration, nomuslimban, niunomas, timeisnow, stand, trumps, order'}",Immigration Policy and Protests,"{'US Immigration Policy and Public Response': 'muslimban, nobannowall, trump, muslim, ban, refugee, refugeeswelcome, protest, law, people, support, congress'}",US Immigration Policy and Public Response,"{'Immigration and Refugee Policies': ['nobannowall', 'muslimban', 'heretostay', 'inmigracion', 'immigration', 'refugeeswelcome', 'nomuslimban', 'refugee', 'ban', 'trump', 'muslim', 'trumps', 'order'], 'Social Media Activism': ['tntweeter', 'uslatino', 'latism', 'notmore', 'niunomas', 'timeisnow', 'stand']}",Immigration and Refugee Policies.Social Media Activism
96,11,"['muslimban', 'nobannowall', 'trump', 'muslim', 'ban', 'refugee', 'refugeeswelcome', 'protest', 'law', 'people', 'support']",106,9,"['trump', 'ban', 'president', 'order', 'court', 'people', 'security']",4,"['ban', 'trump', 'muslim', 'travel', 'trumps', 'white_house', 'attack']",4,"['ban', 'trump', 'muslim', 'muslimban', 'refugee', 'trumps', 'order']","[145597506, 361380289, 442077506]","muslimban,nobannowall,trump,muslim,ban,refugee,refugeeswelcome,protest,law,people,support,travel,trumps,white_house,attack,president,order,court,security","muslimban,nobannowall,trump,muslim,ban,refugee,refugeeswelcome,protest,law,people,support,travel,trumps,white_house,attack","trump,ban,president,order,court,people,security,muslim,muslimban,refugee,trumps","{'US Travel Ban Controversy': 'muslimban, nobannowall, trump, muslim, ban, refugee, refugeeswelcome, protest, law, people, support, travel, trumps, white_house, attack, president, order, court, security'}",US Travel Ban Controversy,"{'US Immigration Policy and Protests': 'muslimban, nobannowall, trump, muslim, ban, refugee, refugeeswelcome, protest, law, people, support, travel, trumps, white_house, attack'}",US Immigration Policy and Protests,"{'US Immigration Policy': 'trump, ban, president, order, court, people, security, muslim, muslimban, refugee, trumps'}",US Immigration Policy
97,11,"['muslimban', 'nobannowall', 'trump', 'muslim', 'ban', 'refugee', 'refugeeswelcome', 'protest', 'law', 'people', 'support']",107,9,"['trump', 'ban', 'president', 'order', 'court', 'people', 'security']",12,"['muslimban', 'nobannowall', 'trump', 'refugee', 'muslim', 'ban', 'refugeeswelcome', 'protest', 'congress']",4,"['ban', 'trump', 'muslim', 'muslimban', 'refugee', 'trumps', 'order']","[160216460, 1055907624, 771807399917326337]","muslimban,nobannowall,trump,muslim,ban,refugee,refugeeswelcome,protest,law,people,support,congress,president,order,court,security,trumps","muslimban,nobannowall,trump,muslim,ban,refugee,refugeeswelcome,protest,law,people,support,congress","trump,ban,president,order,court,people,security,muslim,muslimban,refugee,trumps","{'US Immigration Policy and Protests': 'muslimban, nobannowall, trump, muslim, ban, refugee, refugeeswelcome, protest, law, people, support, congress, president, order, court, security, trumps'}",US Immigration Policy and Protests,"{'US Immigration Policy and Public Response': 'muslimban, nobannowall, trump, muslim, ban, refugee, refugeeswelcome, protest, law, people, support, congress'}",US Immigration Policy and Public Response,"{'US Immigration Policy': 'trump, ban, president, order, court, people, security, muslim, muslimban, refugee, trumps'}",US Immigration Policy
98,10,"['order', 'immigration', 'ban', 'travel', 'judge', 'executive', 'halt', 'country', 'muslim', 'poll', 'tweet', 'marine', 'iraq', 'comment']",108,7,"['muslimban', 'muslim', 'maga', 'travelban']",12,"['muslimban', 'nobannowall', 'trump', 'refugee', 'muslim', 'ban', 'refugeeswelcome', 'protest', 'congress']",12,"['travelban', 'maga', 'ban', 'trump', 'travel', 'immigration', 'country', 'buildthewall', 'immigrationban', 'support_leader', 'america', 'muslim', 'support', 'refugee', 'immigrationban_maga', 'president', 'liberal']","[37919483, 284097614, 795224209052012500]","order,immigration,ban,travel,judge,executive,halt,country,muslim,poll,tweet,marine,iraq,comment,muslimban,nobannowall,trump,refugee,refugeeswelcome,protest,congress,maga,travelban,buildthewall,immigrationban,support_leader,america,support,immigrationban_maga,president,liberal","order,immigration,ban,travel,judge,executive,halt,country,muslim,poll,tweet,marine,iraq,comment,muslimban,nobannowall,trump,refugee,refugeeswelcome,protest,congress","muslimban,muslim,maga,travelban,ban,trump,travel,immigration,country,buildthewall,immigrationban,support_leader,america,support,refugee,immigrationban_maga,president,liberal","{'US Immigration Policy': 'order, immigration, ban, travel, judge, executive, halt, country, muslim, muslimban, travelban, immigrationban, immigrationban_maga, trump, refugee, refugeeswelcome, protest, congress, maga, buildthewall, immigrationban, america, support, president, liberal'}",US Immigration Policy,"{'US Immigration Policy and Controversy': 'order, immigration, ban, travel, judge, executive, halt, country, muslim, poll, tweet, marine, iraq, comment, muslimban, nobannowall, trump, refugee, refugeeswelcome, protest, congress'}",US Immigration Policy and Controversy,"{'US Immigration Policies': 'muslimban, travelban, ban, immigration, immigrationban, immigrationban_maga, refugee', 'Trump Administration': 'trump, maga, buildthewall, support_leader, president', 'Political Ideologies': 'muslim, america, support, liberal, country, travel'}",US Immigration Policies.Trump Administration.Political Ideologies
99,11,"['muslimban', 'nobannowall', 'trump', 'muslim', 'ban', 'refugee', 'refugeeswelcome', 'protest', 'law', 'people', 'support']",112,9,"['trump', 'ban', 'president', 'order', 'court', 'people', 'security']",12,"['muslimban', 'nobannowall', 'trump', 'refugee', 'muslim', 'ban', 'refugeeswelcome', 'protest', 'congress']",4,"['ban', 'trump', 'muslim', 'muslimban', 'refugee', 'trumps', 'order']","[323998361, 1260168942, 717495723466571776, 796183885319127040]","muslimban,nobannowall,trump,muslim,ban,refugee,refugeeswelcome,protest,law,people,support,congress,president,order,court,security,trumps","muslimban,nobannowall,trump,muslim,ban,refugee,refugeeswelcome,protest,law,people,support,congress","trump,ban,president,order,court,people,security,muslim,muslimban,refugee,trumps","{'US Immigration Policy and Protests': 'muslimban, nobannowall, trump, muslim, ban, refugee, refugeeswelcome, protest, law, people, support, congress, president, order, court, security, trumps'}",US Immigration Policy and Protests,"{'US Immigration Policy and Public Response': 'muslimban, nobannowall, trump, muslim, ban, refugee, refugeeswelcome, protest, law, people, support, congress'}",US Immigration Policy and Public Response,"{'US Immigration Policy': 'trump, ban, president, order, court, people, security, muslim, muslimban, refugee, trumps'}",US Immigration Policy
100,9,"['ban', 'travel', 'trump', 'immigration', 'trumps', 'president', 'order', 'court', 'judge', 'appeal', 'donald', 'federal', 'block', 'rule', 'legal']",113,9,"['trump', 'ban', 'president', 'order', 'court', 'people', 'security']",10,"['ban', 'trump', 'travel', 'immigration', 'trumps', 'judge', 'order', 'president', 'court', 'donald', 'appeal', 'white_house', 'homeland_security', 'federal']",4,"['ban', 'trump', 'muslim', 'muslimban', 'refugee', 'trumps', 'order']","[21457151, 43969372, 520847919]","ban,travel,trump,immigration,trumps,president,order,court,judge,appeal,donald,federal,block,rule,legal,white_house,homeland_security,people,security,muslim,muslimban,refugee","ban,travel,trump,immigration,trumps,president,order,court,judge,appeal,donald,federal,block,rule,legal,white_house,homeland_security","trump,ban,president,order,court,people,security,muslim,muslimban,refugee,trumps","{'US Immigration Policy and Legal Challenges': 'ban, travel, trump, immigration, trumps, president, order, court, judge, appeal, donald, federal, block, rule, legal, white_house, homeland_security, people, security, muslim, muslimban, refugee'}",US Immigration Policy and Legal Challenges,"{'US Immigration Policy': 'ban, travel, immigration, trumps, president, order, court, judge, appeal, donald, federal, block, rule, legal, white_house, homeland_security', 'Trump Administration Legal Challenges': 'trump, trumps, president, order, court, judge, appeal, donald, federal, block, rule, legal, white_house'}",US Immigration Policy.Trump Administration Legal Challenges,"{'US Immigration Policy': 'trump, ban, president, order, court, people, security, muslim, muslimban, refugee, trumps'}",US Immigration Policy
101,11,"['muslimban', 'nobannowall', 'trump', 'muslim', 'ban', 'refugee', 'refugeeswelcome', 'protest', 'law', 'people', 'support']",114,9,"['trump', 'ban', 'president', 'order', 'court', 'people', 'security']",12,"['muslimban', 'nobannowall', 'trump', 'refugee', 'muslim', 'ban', 'refugeeswelcome', 'protest', 'congress']",4,"['ban', 'trump', 'muslim', 'muslimban', 'refugee', 'trumps', 'order']","[77043235, 109456108, 2440140210, 2613783553, 2904163055, 3010711135, 3762884535, 728947876836089856, 728947876836089900]","muslimban,nobannowall,trump,muslim,ban,refugee,refugeeswelcome,protest,law,people,support,congress,president,order,court,security,trumps","muslimban,nobannowall,trump,muslim,ban,refugee,refugeeswelcome,protest,law,people,support,congress","trump,ban,president,order,court,people,security,muslim,muslimban,refugee,trumps","{'US Immigration Policy and Protests': 'muslimban, nobannowall, trump, muslim, ban, refugee, refugeeswelcome, protest, law, people, support, congress, president, order, court, security, trumps'}",US Immigration Policy and Protests,"{'US Immigration Policy and Public Response': 'muslimban, nobannowall, trump, muslim, ban, refugee, refugeeswelcome, protest, law, people, support, congress'}",US Immigration Policy and Public Response,"{'US Immigration Policy': 'trump, ban, president, order, court, people, security, muslim, muslimban, refugee, trumps'}",US Immigration Policy
102,11,"['muslimban', 'nobannowall', 'trump', 'muslim', 'ban', 'refugee', 'refugeeswelcome', 'protest', 'law', 'people', 'support']",115,2,"['nobannowall', 'muslimban', 'tntweeter', 'uslatino', 'heretostay', 'latism', 'inmigracion', 'notmore', 'immigration', 'refugeeswelcome', 'nomuslimban', 'refugee', 'niunomas', 'timeisnow', 'stand']",12,"['muslimban', 'nobannowall', 'trump', 'refugee', 'muslim', 'ban', 'refugeeswelcome', 'protest', 'congress']",13,"['nobannowall', 'muslimban', 'heretostay', 'nomuslimban', 'refugeeswelcome', 'refugee', 'protest']","[19670226, 613988694, 2805980130]","muslimban,nobannowall,trump,muslim,ban,refugee,refugeeswelcome,protest,law,people,support,congress,tntweeter,uslatino,heretostay,latism,inmigracion,notmore,immigration,nomuslimban,niunomas,timeisnow,stand","muslimban,nobannowall,trump,muslim,ban,refugee,refugeeswelcome,protest,law,people,support,congress","nobannowall,muslimban,tntweeter,uslatino,heretostay,latism,inmigracion,notmore,immigration,refugeeswelcome,nomuslimban,refugee,niunomas,timeisnow,stand,protest","{'US Immigration Policy and Protests': 'muslimban, nobannowall, trump, muslim, ban, refugee, refugeeswelcome, protest, law, people, support, congress, tntweeter, uslatino, heretostay, latism, inmigracion, notmore, immigration, nomuslimban, niunomas, timeisnow, stand'}",US Immigration Policy and Protests,"{'US Immigration Policy and Public Response': 'muslimban, nobannowall, trump, muslim, ban, refugee, refugeeswelcome, protest, law, people, support, congress'}",US Immigration Policy and Public Response,"{'Immigration and Refugee Advocacy': ['nobannowall', 'muslimban', 'uslatino', 'heretostay', 'latism', 'inmigracion', 'immigration', 'refugeeswelcome', 'nomuslimban', 'refugee', 'niunomas', 'timeisnow', 'stand', 'protest'], 'Social Media Activism': ['tntweeter', 'notmore']}",Immigration and Refugee Advocacy.Social Media Activism
103,9,"['ban', 'travel', 'trump', 'immigration', 'trumps', 'president', 'order', 'court', 'judge', 'appeal', 'donald', 'federal', 'block', 'rule', 'legal']",258,14,"['ban', 'travel', 'trump', 'immigration', 'trumps', 'order', 'court', 'judge', 'president', 'appeal', 'donald', 'federal']",10,"['ban', 'trump', 'travel', 'immigration', 'trumps', 'judge', 'order', 'president', 'court', 'donald', 'appeal', 'white_house', 'homeland_security', 'federal']",6,"['ban', 'travel', 'trump', 'immigration', 'trumps', 'order', 'court', 'judge', 'president', 'appeal', 'federal', 'block', 'rule', 'white_house', 'halt', 'justice_department']","[23588075, 144569635, 821957852]","ban,travel,trump,immigration,trumps,president,order,court,judge,appeal,donald,federal,block,rule,legal,white_house,homeland_security,halt,justice_department","ban,travel,trump,immigration,trumps,president,order,court,judge,appeal,donald,federal,block,rule,legal,white_house,homeland_security","ban,travel,trump,immigration,trumps,order,court,judge,president,appeal,donald,federal,block,rule,white_house,halt,justice_department","{'US Immigration Policy and Legal Challenges': 'ban, travel, trump, immigration, trumps, president, order, court, judge, appeal, donald, federal, block, rule, legal, white_house, homeland_security, halt, justice_department'}",US Immigration Policy and Legal Challenges,"{'US Immigration Policy': 'ban, travel, immigration, trumps, president, order, court, judge, appeal, donald, federal, block, rule, legal, white_house, homeland_security', 'Trump Administration Legal Challenges': 'trump, trumps, president, order, court, judge, appeal, donald, federal, block, rule, legal, white_house'}",US Immigration Policy.Trump Administration Legal Challenges,"{'US Immigration Policy and Legal Challenges': 'ban, travel, trump, immigration, trumps, order, court, judge, president, appeal, donald, federal, block, rule, white_house, halt, justice_department'}",US Immigration Policy and Legal Challenges
104,9,"['ban', 'travel', 'trump', 'immigration', 'trumps', 'president', 'order', 'court', 'judge', 'appeal', 'donald', 'federal', 'block', 'rule', 'legal']",116,14,"['ban', 'travel', 'trump', 'immigration', 'trumps', 'order', 'court', 'judge', 'president', 'appeal', 'donald', 'federal']",10,"['ban', 'trump', 'travel', 'immigration', 'trumps', 'judge', 'order', 'president', 'court', 'donald', 'appeal', 'white_house', 'homeland_security', 'federal']",4,"['ban', 'trump', 'muslim', 'muslimban', 'refugee', 'trumps', 'order']","[831651150, 2174509045, 720964252761063424, 757965470460882945, 771674431252934657, 772018715131076608, 774837253248024576, 824006152585379800, 824006152585379840]","ban,travel,trump,immigration,trumps,president,order,court,judge,appeal,donald,federal,block,rule,legal,white_house,homeland_security,muslim,muslimban,refugee","ban,travel,trump,immigration,trumps,president,order,court,judge,appeal,donald,federal,block,rule,legal,white_house,homeland_security","ban,travel,trump,immigration,trumps,order,court,judge,president,appeal,donald,federal,muslim,muslimban,refugee","{'US Immigration Policy': 'ban, travel, trump, immigration, trumps, president, order, court, judge, appeal, donald, federal, block, rule, legal, white_house, homeland_security, muslim, muslimban, refugee'}",US Immigration Policy,"{'US Immigration Policy': 'ban, travel, immigration, trumps, president, order, court, judge, appeal, donald, federal, block, rule, legal, white_house, homeland_security', 'Trump Administration Legal Challenges': 'trump, trumps, president, order, court, judge, appeal, donald, federal, block, rule, legal, white_house'}",US Immigration Policy.Trump Administration Legal Challenges,"{'US Immigration Policy': 'ban, travel, trump, immigration, trumps, order, court, judge, president, appeal, donald, federal, muslim, muslimban, refugee'}",US Immigration Policy
105,9,"['ban', 'travel', 'trump', 'immigration', 'trumps', 'president', 'order', 'court', 'judge', 'appeal', 'donald', 'federal', 'block', 'rule', 'legal']",118,14,"['ban', 'travel', 'trump', 'immigration', 'trumps', 'order', 'court', 'judge', 'president', 'appeal', 'donald', 'federal']",10,"['ban', 'trump', 'travel', 'immigration', 'trumps', 'judge', 'order', 'president', 'court', 'donald', 'appeal', 'white_house', 'homeland_security', 'federal']",4,"['ban', 'trump', 'muslim', 'muslimban', 'refugee', 'trumps', 'order']","[604251115, 634330366, 766390728511586304]","ban,travel,trump,immigration,trumps,president,order,court,judge,appeal,donald,federal,block,rule,legal,white_house,homeland_security,muslim,muslimban,refugee","ban,travel,trump,immigration,trumps,president,order,court,judge,appeal,donald,federal,block,rule,legal,white_house,homeland_security","ban,travel,trump,immigration,trumps,order,court,judge,president,appeal,donald,federal,muslim,muslimban,refugee","{'US Immigration Policy and Legal Challenges': 'ban, travel, trump, immigration, trumps, president, order, court, judge, appeal, donald, federal, block, rule, legal, white_house, homeland_security, muslim, muslimban, refugee'}",US Immigration Policy and Legal Challenges,"{'US Immigration Policy': 'ban, travel, immigration, trumps, president, order, court, judge, appeal, donald, federal, block, rule, legal, white_house, homeland_security', 'Trump Administration Legal Challenges': 'trump, trumps, president, order, court, judge, appeal, donald, federal, block, rule, legal, white_house'}",US Immigration Policy.Trump Administration Legal Challenges,"{'US Immigration Policy': 'ban, travel, trump, immigration, trumps, order, court, judge, president, appeal, donald, federal, muslim, muslimban, refugee'}",US Immigration Policy
106,9,"['ban', 'travel', 'trump', 'immigration', 'trumps', 'president', 'order', 'court', 'judge', 'appeal', 'donald', 'federal', 'block', 'rule', 'legal']",119,14,"['ban', 'travel', 'trump', 'immigration', 'trumps', 'order', 'court', 'judge', 'president', 'appeal', 'donald', 'federal']",10,"['ban', 'trump', 'travel', 'immigration', 'trumps', 'judge', 'order', 'president', 'court', 'donald', 'appeal', 'white_house', 'homeland_security', 'federal']",6,"['ban', 'travel', 'trump', 'immigration', 'trumps', 'order', 'court', 'judge', 'president', 'appeal', 'federal', 'block', 'rule', 'white_house', 'halt', 'justice_department']","[2443083780, 2513881490, 3387219983]","ban,travel,trump,immigration,trumps,president,order,court,judge,appeal,donald,federal,block,rule,legal,white_house,homeland_security,halt,justice_department","ban,travel,trump,immigration,trumps,president,order,court,judge,appeal,donald,federal,block,rule,legal,white_house,homeland_security","ban,travel,trump,immigration,trumps,order,court,judge,president,appeal,donald,federal,block,rule,white_house,halt,justice_department","{'US Immigration Policy and Legal Challenges': 'ban, travel, trump, immigration, trumps, president, order, court, judge, appeal, donald, federal, block, rule, legal, white_house, homeland_security, halt, justice_department'}",US Immigration Policy and Legal Challenges,"{'US Immigration Policy': 'ban, travel, immigration, trumps, president, order, court, judge, appeal, donald, federal, block, rule, legal, white_house, homeland_security', 'Trump Administration Legal Challenges': 'trump, trumps, president, order, court, judge, appeal, donald, federal, block, rule, legal, white_house'}",US Immigration Policy.Trump Administration Legal Challenges,"{'US Immigration Policy and Legal Challenges': 'ban, travel, trump, immigration, trumps, order, court, judge, president, appeal, donald, federal, block, rule, white_house, halt, justice_department'}",US Immigration Policy and Legal Challenges
107,2,"['muslimban', 'maga', 'travelban', 'islam', 'usa', 'trump', 'liberal', 'americafirst', 'immigrationban', 'tcot', 'terrorist']",121,7,"['muslimban', 'muslim', 'maga', 'travelban']",1,"['muslimban', 'maga', 'americafirst', 'islam', 'wahhabism_daily', 'muslim', 'usa', 'buildthewall', 'donaldtrump', 'wahhabism', 'tcot', 'support']",0,"['muslimban', 'americafirst', 'maga', 'islam', 'tcot', 'usa', 'wahhabism_daily', 'dts_tcot', 'isis']","[44595784, 817067206588715000, 817067206588715009]","muslimban,maga,travelban,islam,usa,trump,liberal,americafirst,immigrationban,tcot,terrorist,wahhabism_daily,muslim,buildthewall,donaldtrump,wahhabism,support,dts_tcot,isis","muslimban,maga,travelban,islam,usa,trump,liberal,americafirst,immigrationban,tcot,terrorist,wahhabism_daily,muslim,buildthewall,donaldtrump,wahhabism,support","muslimban,muslim,maga,travelban,americafirst,islam,tcot,usa,wahhabism_daily,dts_tcot,isis","{'US Immigration Policy and Islam': 'muslimban, travelban, islam, usa, trump, americafirst, immigrationban, muslim, buildthewall, donaldtrump', 'Political Ideologies and Movements': 'maga, liberal, tcot, support, dts_tcot', 'Terrorism and Extremism': 'terrorist, wahhabism_daily, isis, wahhabism'}",US Immigration Policy and Islam.Political Ideologies and Movements.Terrorism and Extremism,"{'US Immigration and Travel Policies': 'muslimban, travelban, immigrationban, buildthewall, americafirst', 'Political Ideologies and Movements': 'maga, liberal, tcot, support', 'Islam and Related Topics': 'islam, muslim, wahhabism, wahhabism_daily', 'Donald Trump and His Policies': 'usa, trump, donaldtrump'}",US Immigration and Travel Policies.Political Ideologies and Movements.Islam and Related Topics.Donald Trump and His Policies,"{'US Travel and Immigration Policies': 'muslimban, travelban, americafirst, usa', 'Islam and Extremism': 'muslim, islam, wahhabism_daily, isis', 'Political Movements and Ideologies': 'maga, tcot, dts_tcot'}",US Travel and Immigration Policies.Islam and Extremism.Political Movements and Ideologies
108,1,"['ban', 'trump', 'muslim', 'bannon', 'white', 'security', 'house', 'call', 'lie', 'attack', 'terrorism', 'head', 'general', 'miller']",122,2,"['nobannowall', 'muslimban', 'tntweeter', 'uslatino', 'heretostay', 'latism', 'inmigracion', 'notmore', 'immigration', 'refugeeswelcome', 'nomuslimban', 'refugee', 'niunomas', 'timeisnow', 'stand']",0,"['inmigracion_tntweeter', 'tntweeter', 'uslatino_heretostay', 'uslatino', 'uniteblue_notmore', 'art_bxlart', 'nobannowall']",4,"['ban', 'trump', 'muslim', 'muslimban', 'refugee', 'trumps', 'order']","[371793255, 1142269345, 3223554188, 825321318883217400]","ban,trump,muslim,bannon,white,security,house,call,lie,attack,terrorism,head,general,miller,inmigracion_tntweeter,tntweeter,uslatino_heretostay,uslatino,uniteblue_notmore,art_bxlart,nobannowall,muslimban,heretostay,latism,inmigracion,notmore,immigration,refugeeswelcome,nomuslimban,refugee,niunomas,timeisnow,stand,trumps,order","ban,trump,muslim,bannon,white,security,house,call,lie,attack,terrorism,head,general,miller,inmigracion_tntweeter,tntweeter,uslatino_heretostay,uslatino,uniteblue_notmore,art_bxlart,nobannowall","nobannowall,muslimban,tntweeter,uslatino,heretostay,latism,inmigracion,notmore,immigration,refugeeswelcome,nomuslimban,refugee,niunomas,timeisnow,stand,ban,trump,muslim,trumps,order","{'US Immigration Policy and Controversy': 'ban, trump, muslim, bannon, white, security, house, call, lie, attack, terrorism, head, general, miller, inmigracion_tntweeter, tntweeter, uslatino_heretostay, uslatino, uniteblue_notmore, art_bxlart, nobannowall, muslimban, heretostay, latism, inmigracion, notmore, immigration, refugeeswelcome, nomuslimban, refugee, niunomas, timeisnow, stand, trumps, order'}",US Immigration Policy and Controversy,"{'US Immigration Policy and Controversy': 'ban, trump, muslim, bannon, white, security, house, call, lie, attack, terrorism, head, general, miller, inmigracion_tntweeter, tntweeter, uslatino_heretostay, uslatino, uniteblue_notmore, nobannowall'}",US Immigration Policy and Controversy,"{'Immigration and Refugee Policies': ['nobannowall', 'muslimban', 'heretostay', 'inmigracion', 'immigration', 'refugeeswelcome', 'nomuslimban', 'refugee', 'ban', 'trump', 'muslim', 'trumps', 'order'], 'Social Media Activism': ['tntweeter', 'uslatino', 'latism', 'notmore', 'niunomas', 'timeisnow', 'stand']}",Immigration and Refugee Policies.Social Media Activism
109,9,"['ban', 'travel', 'trump', 'immigration', 'trumps', 'president', 'order', 'court', 'judge', 'appeal', 'donald', 'federal', 'block', 'rule', 'legal']",123,14,"['ban', 'travel', 'trump', 'immigration', 'trumps', 'order', 'court', 'judge', 'president', 'appeal', 'donald', 'federal']",10,"['ban', 'trump', 'travel', 'immigration', 'trumps', 'judge', 'order', 'president', 'court', 'donald', 'appeal', 'white_house', 'homeland_security', 'federal']",6,"['ban', 'travel', 'trump', 'immigration', 'trumps', 'order', 'court', 'judge', 'president', 'appeal', 'federal', 'block', 'rule', 'white_house', 'halt', 'justice_department']","[1955132936, 2958647850, 787650258218123268, 822620289758560260]","ban,travel,trump,immigration,trumps,president,order,court,judge,appeal,donald,federal,block,rule,legal,white_house,homeland_security,halt,justice_department","ban,travel,trump,immigration,trumps,president,order,court,judge,appeal,donald,federal,block,rule,legal,white_house,homeland_security","ban,travel,trump,immigration,trumps,order,court,judge,president,appeal,donald,federal,block,rule,white_house,halt,justice_department","{'US Immigration Policy and Legal Challenges': 'ban, travel, trump, immigration, trumps, president, order, court, judge, appeal, donald, federal, block, rule, legal, white_house, homeland_security, halt, justice_department'}",US Immigration Policy and Legal Challenges,"{'US Immigration Policy': 'ban, travel, immigration, trumps, president, order, court, judge, appeal, donald, federal, block, rule, legal, white_house, homeland_security', 'Trump Administration Legal Challenges': 'trump, trumps, president, order, court, judge, appeal, donald, federal, block, rule, legal, white_house'}",US Immigration Policy.Trump Administration Legal Challenges,"{'US Immigration Policy and Legal Challenges': 'ban, travel, trump, immigration, trumps, order, court, judge, president, appeal, donald, federal, block, rule, white_house, halt, justice_department'}",US Immigration Policy and Legal Challenges
110,11,"['muslimban', 'nobannowall', 'trump', 'muslim', 'ban', 'refugee', 'refugeeswelcome', 'protest', 'law', 'people', 'support']",124,9,"['trump', 'ban', 'president', 'order', 'court', 'people', 'security']",4,"['ban', 'trump', 'muslim', 'travel', 'trumps', 'white_house', 'attack']",4,"['ban', 'trump', 'muslim', 'muslimban', 'refugee', 'trumps', 'order']","[18149465, 20954885, 301189264, 401094657, 1056071892, 2884915968]","muslimban,nobannowall,trump,muslim,ban,refugee,refugeeswelcome,protest,law,people,support,travel,trumps,white_house,attack,president,order,court,security","muslimban,nobannowall,trump,muslim,ban,refugee,refugeeswelcome,protest,law,people,support,travel,trumps,white_house,attack","trump,ban,president,order,court,people,security,muslim,muslimban,refugee,trumps","{'US Travel Ban Controversy': 'muslimban, nobannowall, trump, muslim, ban, refugee, refugeeswelcome, protest, law, people, support, travel, trumps, white_house, attack, president, order, court, security'}",US Travel Ban Controversy,"{'US Immigration Policy and Protests': 'muslimban, nobannowall, trump, muslim, ban, refugee, refugeeswelcome, protest, law, people, support, travel, trumps, white_house, attack'}",US Immigration Policy and Protests,"{'US Immigration Policy': 'trump, ban, president, order, court, people, security, muslim, muslimban, refugee, trumps'}",US Immigration Policy
111,3,"['americafirst', 'neverforget', 'forget', 'refugeeban', 'patriotsunite', 'wow', 'buildthewall', 'border']",125,7,"['muslimban', 'muslim', 'maga', 'travelban']",1,"['muslimban', 'maga', 'americafirst', 'islam', 'wahhabism_daily', 'muslim', 'usa', 'buildthewall', 'donaldtrump', 'wahhabism', 'tcot', 'support']",0,"['muslimban', 'americafirst', 'maga', 'islam', 'tcot', 'usa', 'wahhabism_daily', 'dts_tcot', 'isis']","[18757886, 816689245821681664, 828841277131141120]","americafirst,neverforget,forget,refugeeban,patriotsunite,wow,buildthewall,border,muslimban,maga,islam,wahhabism_daily,muslim,usa,donaldtrump,wahhabism,tcot,support,travelban,dts_tcot,isis","americafirst,neverforget,forget,refugeeban,patriotsunite,wow,buildthewall,border,muslimban,maga,islam,wahhabism_daily,muslim,usa,donaldtrump,wahhabism,tcot,support","muslimban,muslim,maga,travelban,americafirst,islam,tcot,usa,wahhabism_daily,dts_tcot,isis","{'US Immigration and National Security Policies': 'americafirst, refugeeban, buildthewall, border, muslimban, travelban, donaldtrump, usa', 'Patriotism and Nationalism': 'neverforget, patriotsunite, maga, support, dts_tcot', 'Islam and Extremism': 'islam, wahhabism_daily, muslim, wahhabism, isis'}",US Immigration and National Security Policies.Patriotism and Nationalism.Islam and Extremism,"{'US Immigration and National Security': 'americafirst, refugeeban, buildthewall, border, muslimban, maga, donaldtrump, usa', 'Patriotism and National Identity': 'neverforget, patriotsunite, americafirst, usa, support', 'Islam and Wahhabism': 'islam, wahhabism_daily, muslim, wahhabism'}",US Immigration and National Security.Patriotism and National Identity.Islam and Wahhabism,"{'US Travel and Immigration Policies': 'muslimban, travelban, americafirst, usa', 'Islam and Extremism': 'muslim, islam, wahhabism_daily, isis', 'Political Movements and Ideologies': 'maga, tcot, dts_tcot'}",US Travel and Immigration Policies.Islam and Extremism.Political Movements and Ideologies
112,11,"['muslimban', 'nobannowall', 'trump', 'muslim', 'ban', 'refugee', 'refugeeswelcome', 'protest', 'law', 'people', 'support']",127,9,"['trump', 'ban', 'president', 'order', 'court', 'people', 'security']",4,"['ban', 'trump', 'muslim', 'travel', 'trumps', 'white_house', 'attack']",6,"['ban', 'travel', 'trump', 'immigration', 'trumps', 'order', 'court', 'judge', 'president', 'appeal', 'federal', 'block', 'rule', 'white_house', 'halt', 'justice_department']","[560817896, 802319182360612869, 802319182360612900, 809892522805829600, 809892522805829632]","muslimban,nobannowall,trump,muslim,ban,refugee,refugeeswelcome,protest,law,people,support,travel,trumps,white_house,attack,president,order,court,security,immigration,judge,appeal,federal,block,rule,halt,justice_department","muslimban,nobannowall,trump,muslim,ban,refugee,refugeeswelcome,protest,law,people,support,travel,trumps,white_house,attack","trump,ban,president,order,court,people,security,travel,immigration,trumps,judge,appeal,federal,block,rule,white_house,halt,justice_department","{'US Immigration Policy and Legal Challenges': 'muslimban, nobannowall, trump, muslim, ban, refugee, refugeeswelcome, protest, law, people, support, travel, trumps, white_house, attack, president, order, court, security, immigration, judge, appeal, federal, block, rule, halt, justice_department'}",US Immigration Policy and Legal Challenges,"{'US Immigration Policy and Protests': 'muslimban, nobannowall, trump, muslim, ban, refugee, refugeeswelcome, protest, law, people, support, travel, trumps, white_house, attack'}",US Immigration Policy and Protests,"{'US Immigration Policy and Legal Challenges': 'trump, ban, president, order, court, people, security, travel, immigration, trumps, judge, appeal, federal, block, rule, white_house, halt, justice_department'}",US Immigration Policy and Legal Challenges
113,11,"['muslimban', 'nobannowall', 'trump', 'muslim', 'ban', 'refugee', 'refugeeswelcome', 'protest', 'law', 'people', 'support']",128,2,"['nobannowall', 'muslimban', 'tntweeter', 'uslatino', 'heretostay', 'latism', 'inmigracion', 'notmore', 'immigration', 'refugeeswelcome', 'nomuslimban', 'refugee', 'niunomas', 'timeisnow', 'stand']",12,"['muslimban', 'nobannowall', 'trump', 'refugee', 'muslim', 'ban', 'refugeeswelcome', 'protest', 'congress']",13,"['nobannowall', 'muslimban', 'heretostay', 'nomuslimban', 'refugeeswelcome', 'refugee', 'protest']","[15651835, 22873947, 785159807787466752]","muslimban,nobannowall,trump,muslim,ban,refugee,refugeeswelcome,protest,law,people,support,congress,tntweeter,uslatino,heretostay,latism,inmigracion,notmore,immigration,nomuslimban,niunomas,timeisnow,stand","muslimban,nobannowall,trump,muslim,ban,refugee,refugeeswelcome,protest,law,people,support,congress","nobannowall,muslimban,tntweeter,uslatino,heretostay,latism,inmigracion,notmore,immigration,refugeeswelcome,nomuslimban,refugee,niunomas,timeisnow,stand,protest","{'Immigration and Refugee Policies': 'muslimban, nobannowall, trump, muslim, ban, refugee, refugeeswelcome, protest, law, people, support, congress, nomuslimban', 'Social Movements and Activism': 'tntweeter, uslatino, heretostay, latism, inmigracion, notmore, immigration, niunomas, timeisnow, stand'}",Immigration and Refugee Policies.Social Movements and Activism,"{'US Immigration Policy and Public Response': 'muslimban, nobannowall, trump, muslim, ban, refugee, refugeeswelcome, protest, law, people, support, congress'}",US Immigration Policy and Public Response,"{'Immigration and Refugee Advocacy': ['nobannowall', 'muslimban', 'uslatino', 'heretostay', 'latism', 'inmigracion', 'immigration', 'refugeeswelcome', 'nomuslimban', 'refugee', 'niunomas', 'timeisnow', 'stand', 'protest'], 'Social Media Activism': ['tntweeter', 'notmore']}",Immigration and Refugee Advocacy.Social Media Activism
115,9,"['ban', 'travel', 'trump', 'immigration', 'trumps', 'president', 'order', 'court', 'judge', 'appeal', 'donald', 'federal', 'block', 'rule', 'legal']",130,14,"['ban', 'travel', 'trump', 'immigration', 'trumps', 'order', 'court', 'judge', 'president', 'appeal', 'donald', 'federal']",10,"['ban', 'trump', 'travel', 'immigration', 'trumps', 'judge', 'order', 'president', 'court', 'donald', 'appeal', 'white_house', 'homeland_security', 'federal']",6,"['ban', 'travel', 'trump', 'immigration', 'trumps', 'order', 'court', 'judge', 'president', 'appeal', 'federal', 'block', 'rule', 'white_house', 'halt', 'justice_department']","[296005306, 331810117, 727882497237913601]","ban,travel,trump,immigration,trumps,president,order,court,judge,appeal,donald,federal,block,rule,legal,white_house,homeland_security,halt,justice_department","ban,travel,trump,immigration,trumps,president,order,court,judge,appeal,donald,federal,block,rule,legal,white_house,homeland_security","ban,travel,trump,immigration,trumps,order,court,judge,president,appeal,donald,federal,block,rule,white_house,halt,justice_department","{'US Immigration Policy and Legal Challenges': 'ban, travel, trump, immigration, trumps, president, order, court, judge, appeal, donald, federal, block, rule, legal, white_house, homeland_security, halt, justice_department'}",US Immigration Policy and Legal Challenges,"{'US Immigration Policy': 'ban, travel, immigration, trumps, president, order, court, judge, appeal, donald, federal, block, rule, legal, white_house, homeland_security', 'Trump Administration Legal Challenges': 'trump, trumps, president, order, court, judge, appeal, donald, federal, block, rule, legal, white_house'}",US Immigration Policy.Trump Administration Legal Challenges,"{'US Immigration Policy and Legal Challenges': 'ban, travel, trump, immigration, trumps, order, court, judge, president, appeal, donald, federal, block, rule, white_house, halt, justice_department'}",US Immigration Policy and Legal Challenges
116,11,"['muslimban', 'nobannowall', 'trump', 'muslim', 'ban', 'refugee', 'refugeeswelcome', 'protest', 'law', 'people', 'support']",131,7,"['muslimban', 'muslim', 'maga', 'travelban']",12,"['muslimban', 'nobannowall', 'trump', 'refugee', 'muslim', 'ban', 'refugeeswelcome', 'protest', 'congress']",4,"['ban', 'trump', 'muslim', 'muslimban', 'refugee', 'trumps', 'order']","[20010422, 204339253, 867087306, 968976661]","muslimban,nobannowall,trump,muslim,ban,refugee,refugeeswelcome,protest,law,people,support,congress,maga,travelban,trumps,order","muslimban,nobannowall,trump,muslim,ban,refugee,refugeeswelcome,protest,law,people,support,congress","muslimban,muslim,maga,travelban,ban,trump,refugee,trumps,order","{'US Immigration Policy and Protests': 'muslimban, nobannowall, trump, muslim, ban, refugee, refugeeswelcome, protest, law, people, support, congress, maga, travelban, trumps, order'}",US Immigration Policy and Protests,"{'US Immigration Policy and Public Response': 'muslimban, nobannowall, trump, muslim, ban, refugee, refugeeswelcome, protest, law, people, support, congress'}",US Immigration Policy and Public Response,"{'US Immigration Policy': 'muslimban, travelban, ban, refugee, order', 'Trump Administration': 'trump, trumps, maga', 'Impact on Muslim Community': 'muslimban, muslim'}",US Immigration Policy.Trump Administration.Impact on Muslim Community
117,11,"['muslimban', 'nobannowall', 'trump', 'muslim', 'ban', 'refugee', 'refugeeswelcome', 'protest', 'law', 'people', 'support']",132,2,"['nobannowall', 'muslimban', 'tntweeter', 'uslatino', 'heretostay', 'latism', 'inmigracion', 'notmore', 'immigration', 'refugeeswelcome', 'nomuslimban', 'refugee', 'niunomas', 'timeisnow', 'stand']",12,"['muslimban', 'nobannowall', 'trump', 'refugee', 'muslim', 'ban', 'refugeeswelcome', 'protest', 'congress']",5,"['refugeeswelcome', 'migrantenkriminalitat', 'refugeeswelcome_migrantenkriminalitat', 'afd', 'migrantenkriminalitat_refugeeswelcome', 'munich']","[1334295828, 1642419774, 3883183774, 4738947977, 704369311004139500, 716630421598040065, 720873437095309313, 764196970105868289, 768755478671290368]","muslimban,nobannowall,trump,muslim,ban,refugee,refugeeswelcome,protest,law,people,support,congress,tntweeter,uslatino,heretostay,latism,inmigracion,notmore,immigration,nomuslimban,niunomas,timeisnow,stand,migrantenkriminalitat,refugeeswelcome_migrantenkriminalitat,afd,migrantenkriminalitat_refugeeswelcome,munich","muslimban,nobannowall,trump,muslim,ban,refugee,refugeeswelcome,protest,law,people,support,congress","nobannowall,muslimban,tntweeter,uslatino,heretostay,latism,inmigracion,notmore,immigration,refugeeswelcome,nomuslimban,refugee,niunomas,timeisnow,stand,migrantenkriminalitat,refugeeswelcome_migrantenkriminalitat,afd,migrantenkriminalitat_refugeeswelcome,munich","{'US Immigration Policy': ['muslimban', 'nobannowall', 'trump', 'muslim', 'ban', 'refugee', 'refugeeswelcome', 'protest', 'law', 'people', 'support', 'congress', 'nomuslimban', 'heretostay', 'immigration', 'notmore', 'timeisnow', 'stand'], 'Latino and Immigration Advocacy': ['tntweeter', 'uslatino', 'latism', 'inmigracion', 'niunomas'], 'European Refugee and Migrant Issues': ['migrantenkriminalitat', 'refugeeswelcome_migrantenkriminalitat', 'afd', 'migrantenkriminalitat_refugeeswelcome', 'munich']}",US Immigration Policy.Latino and Immigration Advocacy.European Refugee and Migrant Issues,"{'US Immigration Policy and Public Response': 'muslimban, nobannowall, trump, muslim, ban, refugee, refugeeswelcome, protest, law, people, support, congress'}",US Immigration Policy and Public Response,"{'Immigration and Refugee Policies': ['nobannowall', 'muslimban', 'heretostay', 'inmigracion', 'immigration', 'refugeeswelcome', 'nomuslimban', 'refugee', 'refugeeswelcome_migrantenkriminalitat', 'migrantenkriminalitat_refugeeswelcome'], 'Social Media and Activism': ['tntweeter', 'uslatino', 'latism', 'notmore', 'niunomas', 'timeisnow', 'stand'], 'Political and Social Issues in Germany': ['migrantenkriminalitat', 'afd', 'munich']}",Immigration and Refugee Policies.Social Media and Activism.Political and Social Issues in Germany
118,11,"['muslimban', 'nobannowall', 'trump', 'muslim', 'ban', 'refugee', 'refugeeswelcome', 'protest', 'law', 'people', 'support']",133,9,"['trump', 'ban', 'president', 'order', 'court', 'people', 'security']",4,"['ban', 'trump', 'muslim', 'travel', 'trumps', 'white_house', 'attack']",4,"['ban', 'trump', 'muslim', 'muslimban', 'refugee', 'trumps', 'order']","[194750628, 222368570, 2201782562, 2205870708]","muslimban,nobannowall,trump,muslim,ban,refugee,refugeeswelcome,protest,law,people,support,travel,trumps,white_house,attack,president,order,court,security","muslimban,nobannowall,trump,muslim,ban,refugee,refugeeswelcome,protest,law,people,support,travel,trumps,white_house,attack","trump,ban,president,order,court,people,security,muslim,muslimban,refugee,trumps","{'US Immigration Policy Controversy': 'muslimban, nobannowall, trump, muslim, ban, refugee, refugeeswelcome, protest, law, people, support, travel, trumps, white_house, attack, president, order, court, security'}",US Immigration Policy Controversy,"{'US Immigration Policy and Protests': 'muslimban, nobannowall, trump, muslim, ban, refugee, refugeeswelcome, protest, law, people, support, travel, trumps, white_house, attack'}",US Immigration Policy and Protests,"{'US Immigration Policy': 'trump, ban, president, order, court, people, security, muslim, muslimban, refugee, trumps'}",US Immigration Policy
119,11,"['muslimban', 'nobannowall', 'trump', 'muslim', 'ban', 'refugee', 'refugeeswelcome', 'protest', 'law', 'people', 'support']",134,9,"['trump', 'ban', 'president', 'order', 'court', 'people', 'security']",12,"['muslimban', 'nobannowall', 'trump', 'refugee', 'muslim', 'ban', 'refugeeswelcome', 'protest', 'congress']",4,"['ban', 'trump', 'muslim', 'muslimban', 'refugee', 'trumps', 'order']","[35689139, 39689218, 3015999308, 4199239817]","muslimban,nobannowall,trump,muslim,ban,refugee,refugeeswelcome,protest,law,people,support,congress,president,order,court,security,trumps","muslimban,nobannowall,trump,muslim,ban,refugee,refugeeswelcome,protest,law,people,support,congress","trump,ban,president,order,court,people,security,muslim,muslimban,refugee,trumps","{'US Immigration Policy and Protests': 'muslimban, nobannowall, trump, muslim, ban, refugee, refugeeswelcome, protest, law, people, support, congress, president, order, court, security, trumps'}",US Immigration Policy and Protests,"{'US Immigration Policy and Public Response': 'muslimban, nobannowall, trump, muslim, ban, refugee, refugeeswelcome, protest, law, people, support, congress'}",US Immigration Policy and Public Response,"{'US Immigration Policy': 'trump, ban, president, order, court, people, security, muslim, muslimban, refugee, trumps'}",US Immigration Policy
120,10,"['order', 'immigration', 'ban', 'travel', 'judge', 'executive', 'halt', 'country', 'muslim', 'poll', 'tweet', 'marine', 'iraq', 'comment']",135,9,"['trump', 'ban', 'president', 'order', 'court', 'people', 'security']",11,"['ban', 'travel', 'order', 'immigration', 'trump', 'president', 'court', 'trumps', 'federal', 'judge', 'executive', 'muslim', 'halt']",6,"['ban', 'travel', 'trump', 'immigration', 'trumps', 'order', 'court', 'judge', 'president', 'appeal', 'federal', 'block', 'rule', 'white_house', 'halt', 'justice_department']","[3214214153, 3310659202, 3473817435, 720967777134227457]","order,immigration,ban,travel,judge,executive,halt,country,muslim,poll,tweet,marine,iraq,comment,trump,president,court,trumps,federal,people,security,appeal,block,rule,white_house,justice_department","order,immigration,ban,travel,judge,executive,halt,country,muslim,poll,tweet,marine,iraq,comment,trump,president,court,trumps,federal","trump,ban,president,order,court,people,security,travel,immigration,trumps,judge,appeal,federal,block,rule,white_house,halt,justice_department","{'Theme: Immigration Policy and Legal Challenges': 'order, immigration, ban, travel, judge, executive, halt, country, muslim, trump, president, court, trumps, federal, people, security, appeal, block, rule, white_house, justice_department'}",Theme: Immigration Policy and Legal Challenges,"{'US Immigration Policy and Legal Challenges': 'order, immigration, ban, travel, judge, executive, halt, country, muslim, court, federal', 'Trump Administration and Public Reaction': 'poll, tweet, comment, trump, president, trumps', 'Military and International Relations': 'marine, iraq'}",US Immigration Policy and Legal Challenges.Trump Administration and Public Reaction.Military and International Relations,"{'US Immigration Policy and Legal Challenges': 'trump, ban, president, order, court, people, security, travel, immigration, trumps, judge, appeal, federal, block, rule, white_house, halt, justice_department'}",US Immigration Policy and Legal Challenges
121,11,"['muslimban', 'nobannowall', 'trump', 'muslim', 'ban', 'refugee', 'refugeeswelcome', 'protest', 'law', 'people', 'support']",189,7,"['muslimban', 'muslim', 'maga', 'travelban']",1,"['muslimban', 'maga', 'americafirst', 'islam', 'wahhabism_daily', 'muslim', 'usa', 'buildthewall', 'donaldtrump', 'wahhabism', 'tcot', 'support']",4,"['ban', 'trump', 'muslim', 'muslimban', 'refugee', 'trumps', 'order']","[22657914, 66033904, 86989456]","muslimban,nobannowall,trump,muslim,ban,refugee,refugeeswelcome,protest,law,people,support,maga,americafirst,islam,wahhabism_daily,usa,buildthewall,donaldtrump,wahhabism,tcot,travelban,trumps,order","muslimban,nobannowall,trump,muslim,ban,refugee,refugeeswelcome,protest,law,people,support,maga,americafirst,islam,wahhabism_daily,usa,buildthewall,donaldtrump,wahhabism,tcot","muslimban,muslim,maga,travelban,ban,trump,refugee,trumps,order","{'US Immigration Policy': 'muslimban, nobannowall, trump, muslim, ban, refugee, refugeeswelcome, protest, law, people, support, maga, americafirst, islam, wahhabism_daily, usa, buildthewall, donaldtrump, wahhabism, tcot, travelban, trumps, order'}",US Immigration Policy,"{'Immigration Policy and Protests': 'muslimban, nobannowall, trump, muslim, ban, refugee, refugeeswelcome, protest, law, people, support, maga, americafirst, islam, usa, buildthewall, donaldtrump, tcot', 'Islam and Wahhabism': 'islam, wahhabism_daily, wahhabism'}",Immigration Policy and Protests.Islam and Wahhabism,"{'US Immigration Policy': 'muslimban, travelban, ban, refugee, order', 'Trump Administration': 'trump, trumps, maga', 'Impact on Muslim Community': 'muslimban, muslim'}",US Immigration Policy.Trump Administration.Impact on Muslim Community
122,9,"['ban', 'travel', 'trump', 'immigration', 'trumps', 'president', 'order', 'court', 'judge', 'appeal', 'donald', 'federal', 'block', 'rule', 'legal']",137,14,"['ban', 'travel', 'trump', 'immigration', 'trumps', 'order', 'court', 'judge', 'president', 'appeal', 'donald', 'federal']",10,"['ban', 'trump', 'travel', 'immigration', 'trumps', 'judge', 'order', 'president', 'court', 'donald', 'appeal', 'white_house', 'homeland_security', 'federal']",6,"['ban', 'travel', 'trump', 'immigration', 'trumps', 'order', 'court', 'judge', 'president', 'appeal', 'federal', 'block', 'rule', 'white_house', 'halt', 'justice_department']","[92597709, 93363329, 108009760]","ban,travel,trump,immigration,trumps,president,order,court,judge,appeal,donald,federal,block,rule,legal,white_house,homeland_security,halt,justice_department","ban,travel,trump,immigration,trumps,president,order,court,judge,appeal,donald,federal,block,rule,legal,white_house,homeland_security","ban,travel,trump,immigration,trumps,order,court,judge,president,appeal,donald,federal,block,rule,white_house,halt,justice_department","{'US Immigration Policy and Legal Challenges': 'ban, travel, trump, immigration, trumps, president, order, court, judge, appeal, donald, federal, block, rule, legal, white_house, homeland_security, halt, justice_department'}",US Immigration Policy and Legal Challenges,"{'US Immigration Policy': 'ban, travel, immigration, trumps, president, order, court, judge, appeal, donald, federal, block, rule, legal, white_house, homeland_security', 'Trump Administration Legal Challenges': 'trump, trumps, president, order, court, judge, appeal, donald, federal, block, rule, legal, white_house'}",US Immigration Policy.Trump Administration Legal Challenges,"{'US Immigration Policy and Legal Challenges': 'ban, travel, trump, immigration, trumps, order, court, judge, president, appeal, donald, federal, block, rule, white_house, halt, justice_department'}",US Immigration Policy and Legal Challenges
123,11,"['muslimban', 'nobannowall', 'trump', 'muslim', 'ban', 'refugee', 'refugeeswelcome', 'protest', 'law', 'people', 'support']",138,9,"['trump', 'ban', 'president', 'order', 'court', 'people', 'security']",12,"['muslimban', 'nobannowall', 'trump', 'refugee', 'muslim', 'ban', 'refugeeswelcome', 'protest', 'congress']",4,"['ban', 'trump', 'muslim', 'muslimban', 'refugee', 'trumps', 'order']","[146872519, 295717711, 2173740702]","muslimban,nobannowall,trump,muslim,ban,refugee,refugeeswelcome,protest,law,people,support,congress,president,order,court,security,trumps","muslimban,nobannowall,trump,muslim,ban,refugee,refugeeswelcome,protest,law,people,support,congress","trump,ban,president,order,court,people,security,muslim,muslimban,refugee,trumps","{'US Immigration Policy and Protests': 'muslimban, nobannowall, trump, muslim, ban, refugee, refugeeswelcome, protest, law, people, support, congress, president, order, court, security, trumps'}",US Immigration Policy and Protests,"{'US Immigration Policy and Public Response': 'muslimban, nobannowall, trump, muslim, ban, refugee, refugeeswelcome, protest, law, people, support, congress'}",US Immigration Policy and Public Response,"{'US Immigration Policy': 'trump, ban, president, order, court, people, security, muslim, muslimban, refugee, trumps'}",US Immigration Policy
124,9,"['ban', 'travel', 'trump', 'immigration', 'trumps', 'president', 'order', 'court', 'judge', 'appeal', 'donald', 'federal', 'block', 'rule', 'legal']",140,14,"['ban', 'travel', 'trump', 'immigration', 'trumps', 'order', 'court', 'judge', 'president', 'appeal', 'donald', 'federal']",11,"['ban', 'travel', 'order', 'immigration', 'trump', 'president', 'court', 'trumps', 'federal', 'judge', 'executive', 'muslim', 'halt']",10,"['trumprussia', 'trumpleak', 'trump', 'tie', 'flynn', 'ban', 'break', 'travel', 'read']","[17690402, 326665662, 3084992351, 3242040828]","ban,travel,trump,immigration,trumps,president,order,court,judge,appeal,donald,federal,block,rule,legal,executive,muslim,halt,trumprussia,trumpleak,tie,flynn,break,read","ban,travel,trump,immigration,trumps,president,order,court,judge,appeal,donald,federal,block,rule,legal,executive,muslim,halt","ban,travel,trump,immigration,trumps,order,court,judge,president,appeal,donald,federal,trumprussia,trumpleak,tie,flynn,break,read","{'Travel Ban and Legal Challenges': 'ban, travel, trump, immigration, trumps, president, order, court, judge, appeal, donald, federal, block, rule, legal, executive, muslim, halt', 'Trump-Russia Ties and Leaks': 'trumprussia, trumpleak, tie, flynn, break, read'}",Travel Ban and Legal Challenges.Trump-Russia Ties and Leaks,"{'US Immigration Policy and Legal Challenges': 'ban, travel, trump, immigration, trumps, president, order, court, judge, appeal, donald, federal, block, rule, legal, executive, muslim, halt'}",US Immigration Policy and Legal Challenges,"{'US Immigration Policy': 'ban, travel, trump, immigration, trumps, order, court, judge, president, appeal, donald, federal', 'Trump-Russia Investigation': 'trumprussia, trumpleak, tie, flynn, break, read'}",US Immigration Policy.Trump-Russia Investigation
125,9,"['ban', 'travel', 'trump', 'immigration', 'trumps', 'president', 'order', 'court', 'judge', 'appeal', 'donald', 'federal', 'block', 'rule', 'legal']",141,9,"['trump', 'ban', 'president', 'order', 'court', 'people', 'security']",11,"['ban', 'travel', 'order', 'immigration', 'trump', 'president', 'court', 'trumps', 'federal', 'judge', 'executive', 'muslim', 'halt']",6,"['ban', 'travel', 'trump', 'immigration', 'trumps', 'order', 'court', 'judge', 'president', 'appeal', 'federal', 'block', 'rule', 'white_house', 'halt', 'justice_department']","[497665754, 632999879, 879909500, 1219267034]","ban,travel,trump,immigration,trumps,president,order,court,judge,appeal,donald,federal,block,rule,legal,executive,muslim,halt,people,security,white_house,justice_department","ban,travel,trump,immigration,trumps,president,order,court,judge,appeal,donald,federal,block,rule,legal,executive,muslim,halt","trump,ban,president,order,court,people,security,travel,immigration,trumps,judge,appeal,federal,block,rule,white_house,halt,justice_department","{'US Immigration Policy and Legal Challenges': 'ban, travel, trump, immigration, trumps, president, order, court, judge, appeal, donald, federal, block, rule, legal, executive, muslim, halt, people, security, white_house, justice_department'}",US Immigration Policy and Legal Challenges,"{'US Immigration Policy and Legal Challenges': 'ban, travel, trump, immigration, trumps, president, order, court, judge, appeal, donald, federal, block, rule, legal, executive, muslim, halt'}",US Immigration Policy and Legal Challenges,"{'US Immigration Policy and Legal Challenges': 'trump, ban, president, order, court, people, security, travel, immigration, trumps, judge, appeal, federal, block, rule, white_house, halt, justice_department'}",US Immigration Policy and Legal Challenges
126,1,"['ban', 'trump', 'muslim', 'bannon', 'white', 'security', 'house', 'call', 'lie', 'attack', 'terrorism', 'head', 'general', 'miller']",142,9,"['trump', 'ban', 'president', 'order', 'court', 'people', 'security']",12,"['muslimban', 'nobannowall', 'trump', 'refugee', 'muslim', 'ban', 'refugeeswelcome', 'protest', 'congress']",4,"['ban', 'trump', 'muslim', 'muslimban', 'refugee', 'trumps', 'order']","[24562722, 3439065657, 825153022653128700, 830438470489296897]","ban,trump,muslim,bannon,white,security,house,call,lie,attack,terrorism,head,general,miller,muslimban,nobannowall,refugee,refugeeswelcome,protest,congress,president,order,court,people,trumps","ban,trump,muslim,bannon,white,security,house,call,lie,attack,terrorism,head,general,miller,muslimban,nobannowall,refugee,refugeeswelcome,protest,congress","trump,ban,president,order,court,people,security,muslim,muslimban,refugee,trumps","{'Travel Ban Controversy': 'ban, trump, muslim, bannon, white, security, house, call, lie, attack, terrorism, head, general, miller, muslimban, nobannowall, refugee, refugeeswelcome, protest, congress, president, order, court, people, trumps'}",Travel Ban Controversy,"{'US Immigration Policy and Controversy': 'ban, trump, muslim, bannon, white, security, house, call, lie, attack, terrorism, head, general, miller, muslimban, nobannowall, refugee, refugeeswelcome, protest, congress'}",US Immigration Policy and Controversy,"{'US Immigration Policy': 'trump, ban, president, order, court, people, security, muslim, muslimban, refugee, trumps'}",US Immigration Policy
127,11,"['muslimban', 'nobannowall', 'trump', 'muslim', 'ban', 'refugee', 'refugeeswelcome', 'protest', 'law', 'people', 'support']",144,7,"['muslimban', 'muslim', 'maga', 'travelban']",12,"['muslimban', 'nobannowall', 'trump', 'refugee', 'muslim', 'ban', 'refugeeswelcome', 'protest', 'congress']",12,"['travelban', 'maga', 'ban', 'trump', 'travel', 'immigration', 'country', 'buildthewall', 'immigrationban', 'support_leader', 'america', 'muslim', 'support', 'refugee', 'immigrationban_maga', 'president', 'liberal']","[803749406696701952, 810698204375293953, 810698204375294000, 816371234325794820]","muslimban,nobannowall,trump,muslim,ban,refugee,refugeeswelcome,protest,law,people,support,congress,maga,travelban,travel,immigration,country,buildthewall,immigrationban,support_leader,america,immigrationban_maga,president,liberal","muslimban,nobannowall,trump,muslim,ban,refugee,refugeeswelcome,protest,law,people,support,congress","muslimban,muslim,maga,travelban,ban,trump,travel,immigration,country,buildthewall,immigrationban,support_leader,america,support,refugee,immigrationban_maga,president,liberal","{'US Immigration Policy Debate': 'muslimban, nobannowall, trump, muslim, ban, refugee, refugeeswelcome, protest, law, people, support, congress, maga, travelban, travel, immigration, country, buildthewall, immigrationban, support_leader, america, immigrationban_maga, president, liberal'}",US Immigration Policy Debate,"{'US Immigration Policy and Public Response': 'muslimban, nobannowall, trump, muslim, ban, refugee, refugeeswelcome, protest, law, people, support, congress'}",US Immigration Policy and Public Response,"{'US Immigration Policies': 'muslimban, travelban, ban, immigration, immigrationban, immigrationban_maga, refugee', 'Trump Administration': 'trump, maga, buildthewall, support_leader, president', 'Political Ideologies': 'muslim, america, support, liberal, country, travel'}",US Immigration Policies.Trump Administration.Political Ideologies
128,11,"['muslimban', 'nobannowall', 'trump', 'muslim', 'ban', 'refugee', 'refugeeswelcome', 'protest', 'law', 'people', 'support']",146,7,"['muslimban', 'muslim', 'maga', 'travelban']",12,"['muslimban', 'nobannowall', 'trump', 'refugee', 'muslim', 'ban', 'refugeeswelcome', 'protest', 'congress']",4,"['ban', 'trump', 'muslim', 'muslimban', 'refugee', 'trumps', 'order']","[248817681, 407002473, 2465431458]","muslimban,nobannowall,trump,muslim,ban,refugee,refugeeswelcome,protest,law,people,support,congress,maga,travelban,trumps,order","muslimban,nobannowall,trump,muslim,ban,refugee,refugeeswelcome,protest,law,people,support,congress","muslimban,muslim,maga,travelban,ban,trump,refugee,trumps,order","{'US Immigration Policy and Protests': 'muslimban, nobannowall, trump, muslim, ban, refugee, refugeeswelcome, protest, law, people, support, congress, maga, travelban, trumps, order'}",US Immigration Policy and Protests,"{'US Immigration Policy and Public Response': 'muslimban, nobannowall, trump, muslim, ban, refugee, refugeeswelcome, protest, law, people, support, congress'}",US Immigration Policy and Public Response,"{'US Immigration Policy': 'muslimban, travelban, ban, refugee, order', 'Trump Administration': 'trump, trumps, maga', 'Impact on Muslim Community': 'muslimban, muslim'}",US Immigration Policy.Trump Administration.Impact on Muslim Community
129,11,"['muslimban', 'nobannowall', 'trump', 'muslim', 'ban', 'refugee', 'refugeeswelcome', 'protest', 'law', 'people', 'support']",147,14,"['ban', 'travel', 'trump', 'immigration', 'trumps', 'order', 'court', 'judge', 'president', 'appeal', 'donald', 'federal']",10,"['ban', 'trump', 'travel', 'immigration', 'trumps', 'judge', 'order', 'president', 'court', 'donald', 'appeal', 'white_house', 'homeland_security', 'federal']",4,"['ban', 'trump', 'muslim', 'muslimban', 'refugee', 'trumps', 'order']","[52281004, 217098564, 466864852, 3098500169]","muslimban,nobannowall,trump,muslim,ban,refugee,refugeeswelcome,protest,law,people,support,travel,immigration,trumps,judge,order,president,court,donald,appeal,white_house,homeland_security,federal","muslimban,nobannowall,trump,muslim,ban,refugee,refugeeswelcome,protest,law,people,support,travel,immigration,trumps,judge,order,president,court,donald,appeal,white_house,homeland_security,federal","ban,travel,trump,immigration,trumps,order,court,judge,president,appeal,donald,federal,muslim,muslimban,refugee","{'US Immigration Policy and Protests': 'muslimban, nobannowall, trump, muslim, ban, refugee, refugeeswelcome, protest, law, people, support, travel, immigration, trumps, judge, order, president, court, donald, appeal, white_house, homeland_security, federal'}",US Immigration Policy and Protests,"{'US Immigration Policy Controversy': 'muslimban, nobannowall, trump, muslim, ban, refugee, refugeeswelcome, protest, law, people, support, travel, immigration, trumps, judge, order, president, court, donald, appeal, white_house, homeland_security, federal'}",US Immigration Policy Controversy,"{'US Immigration Policy': 'ban, travel, trump, immigration, trumps, order, court, judge, president, appeal, donald, federal, muslim, muslimban, refugee'}",US Immigration Policy
130,11,"['muslimban', 'nobannowall', 'trump', 'muslim', 'ban', 'refugee', 'refugeeswelcome', 'protest', 'law', 'people', 'support']",149,7,"['muslimban', 'muslim', 'maga', 'travelban']",12,"['muslimban', 'nobannowall', 'trump', 'refugee', 'muslim', 'ban', 'refugeeswelcome', 'protest', 'congress']",4,"['ban', 'trump', 'muslim', 'muslimban', 'refugee', 'trumps', 'order']","[787113920297332700, 808497871066636289, 808806831913140224, 811041617704587265]","muslimban,nobannowall,trump,muslim,ban,refugee,refugeeswelcome,protest,law,people,support,congress,maga,travelban,trumps,order","muslimban,nobannowall,trump,muslim,ban,refugee,refugeeswelcome,protest,law,people,support,congress","muslimban,muslim,maga,travelban,ban,trump,refugee,trumps,order","{'US Immigration Policy and Protests': 'muslimban, nobannowall, trump, muslim, ban, refugee, refugeeswelcome, protest, law, people, support, congress, maga, travelban, trumps, order'}",US Immigration Policy and Protests,"{'US Immigration Policy and Public Response': 'muslimban, nobannowall, trump, muslim, ban, refugee, refugeeswelcome, protest, law, people, support, congress'}",US Immigration Policy and Public Response,"{'US Immigration Policy': 'muslimban, travelban, ban, refugee, order', 'Trump Administration': 'trump, trumps, maga', 'Impact on Muslim Community': 'muslimban, muslim'}",US Immigration Policy.Trump Administration.Impact on Muslim Community
131,9,"['ban', 'travel', 'trump', 'immigration', 'trumps', 'president', 'order', 'court', 'judge', 'appeal', 'donald', 'federal', 'block', 'rule', 'legal']",150,14,"['ban', 'travel', 'trump', 'immigration', 'trumps', 'order', 'court', 'judge', 'president', 'appeal', 'donald', 'federal']",10,"['ban', 'trump', 'travel', 'immigration', 'trumps', 'judge', 'order', 'president', 'court', 'donald', 'appeal', 'white_house', 'homeland_security', 'federal']",6,"['ban', 'travel', 'trump', 'immigration', 'trumps', 'order', 'court', 'judge', 'president', 'appeal', 'federal', 'block', 'rule', 'white_house', 'halt', 'justice_department']","[61362581, 65270885, 808580246, 719615303014039552, 765584621119631360, 778288267141771264, 797279709440524289, 802508984301342720, 821724057720721408, 822219436799250432, 827591854686220290]","ban,travel,trump,immigration,trumps,president,order,court,judge,appeal,donald,federal,block,rule,legal,white_house,homeland_security,halt,justice_department","ban,travel,trump,immigration,trumps,president,order,court,judge,appeal,donald,federal,block,rule,legal,white_house,homeland_security","ban,travel,trump,immigration,trumps,order,court,judge,president,appeal,donald,federal,block,rule,white_house,halt,justice_department","{'US Immigration Policy and Legal Challenges': 'ban, travel, trump, immigration, trumps, president, order, court, judge, appeal, donald, federal, block, rule, legal, white_house, homeland_security, halt, justice_department'}",US Immigration Policy and Legal Challenges,"{'US Immigration Policy': 'ban, travel, immigration, trumps, president, order, court, judge, appeal, donald, federal, block, rule, legal, white_house, homeland_security', 'Trump Administration Legal Challenges': 'trump, trumps, president, order, court, judge, appeal, donald, federal, block, rule, legal, white_house'}",US Immigration Policy.Trump Administration Legal Challenges,"{'US Immigration Policy and Legal Challenges': 'ban, travel, trump, immigration, trumps, order, court, judge, president, appeal, donald, federal, block, rule, white_house, halt, justice_department'}",US Immigration Policy and Legal Challenges
133,11,"['muslimban', 'nobannowall', 'trump', 'muslim', 'ban', 'refugee', 'refugeeswelcome', 'protest', 'law', 'people', 'support']",152,9,"['trump', 'ban', 'president', 'order', 'court', 'people', 'security']",12,"['muslimban', 'nobannowall', 'trump', 'refugee', 'muslim', 'ban', 'refugeeswelcome', 'protest', 'congress']",4,"['ban', 'trump', 'muslim', 'muslimban', 'refugee', 'trumps', 'order']","[3124986791, 802242853850202112, 825414931453460500]","muslimban,nobannowall,trump,muslim,ban,refugee,refugeeswelcome,protest,law,people,support,congress,president,order,court,security,trumps","muslimban,nobannowall,trump,muslim,ban,refugee,refugeeswelcome,protest,law,people,support,congress","trump,ban,president,order,court,people,security,muslim,muslimban,refugee,trumps","{'US Immigration Policy and Protests': 'muslimban, nobannowall, trump, muslim, ban, refugee, refugeeswelcome, protest, law, people, support, congress, president, order, court, security, trumps'}",US Immigration Policy and Protests,"{'US Immigration Policy and Public Response': 'muslimban, nobannowall, trump, muslim, ban, refugee, refugeeswelcome, protest, law, people, support, congress'}",US Immigration Policy and Public Response,"{'US Immigration Policy': 'trump, ban, president, order, court, people, security, muslim, muslimban, refugee, trumps'}",US Immigration Policy
134,9,"['ban', 'travel', 'trump', 'immigration', 'trumps', 'president', 'order', 'court', 'judge', 'appeal', 'donald', 'federal', 'block', 'rule', 'legal']",153,9,"['trump', 'ban', 'president', 'order', 'court', 'people', 'security']",10,"['ban', 'trump', 'travel', 'immigration', 'trumps', 'judge', 'order', 'president', 'court', 'donald', 'appeal', 'white_house', 'homeland_security', 'federal']",4,"['ban', 'trump', 'muslim', 'muslimban', 'refugee', 'trumps', 'order']","[1428245454, 1548756944, 2822640558, 3012462963]","ban,travel,trump,immigration,trumps,president,order,court,judge,appeal,donald,federal,block,rule,legal,white_house,homeland_security,people,security,muslim,muslimban,refugee","ban,travel,trump,immigration,trumps,president,order,court,judge,appeal,donald,federal,block,rule,legal,white_house,homeland_security","trump,ban,president,order,court,people,security,muslim,muslimban,refugee,trumps","{'US Immigration Policy': 'ban, travel, trump, immigration, trumps, president, order, court, judge, appeal, donald, federal, block, rule, legal, white_house, homeland_security, people, security, muslim, muslimban, refugee'}",US Immigration Policy,"{'US Immigration Policy': 'ban, travel, immigration, trumps, president, order, court, judge, appeal, donald, federal, block, rule, legal, white_house, homeland_security', 'Trump Administration Legal Challenges': 'trump, trumps, president, order, court, judge, appeal, donald, federal, block, rule, legal, white_house'}",US Immigration Policy.Trump Administration Legal Challenges,"{'US Immigration Policy': 'trump, ban, president, order, court, people, security, muslim, muslimban, refugee, trumps'}",US Immigration Policy
135,9,"['ban', 'travel', 'trump', 'immigration', 'trumps', 'president', 'order', 'court', 'judge', 'appeal', 'donald', 'federal', 'block', 'rule', 'legal']",154,14,"['ban', 'travel', 'trump', 'immigration', 'trumps', 'order', 'court', 'judge', 'president', 'appeal', 'donald', 'federal']",10,"['ban', 'trump', 'travel', 'immigration', 'trumps', 'judge', 'order', 'president', 'court', 'donald', 'appeal', 'white_house', 'homeland_security', 'federal']",6,"['ban', 'travel', 'trump', 'immigration', 'trumps', 'order', 'court', 'judge', 'president', 'appeal', 'federal', 'block', 'rule', 'white_house', 'halt', 'justice_department']","[78817006, 715329083802931200, 791783093145178112, 808342475228127232]","ban,travel,trump,immigration,trumps,president,order,court,judge,appeal,donald,federal,block,rule,legal,white_house,homeland_security,halt,justice_department","ban,travel,trump,immigration,trumps,president,order,court,judge,appeal,donald,federal,block,rule,legal,white_house,homeland_security","ban,travel,trump,immigration,trumps,order,court,judge,president,appeal,donald,federal,block,rule,white_house,halt,justice_department","{'US Immigration Policy and Legal Challenges': 'ban, travel, trump, immigration, trumps, president, order, court, judge, appeal, donald, federal, block, rule, legal, white_house, homeland_security, halt, justice_department'}",US Immigration Policy and Legal Challenges,"{'US Immigration Policy': 'ban, travel, immigration, trumps, president, order, court, judge, appeal, donald, federal, block, rule, legal, white_house, homeland_security', 'Trump Administration Legal Challenges': 'trump, trumps, president, order, court, judge, appeal, donald, federal, block, rule, legal, white_house'}",US Immigration Policy.Trump Administration Legal Challenges,"{'US Immigration Policy and Legal Challenges': 'ban, travel, trump, immigration, trumps, order, court, judge, president, appeal, donald, federal, block, rule, white_house, halt, justice_department'}",US Immigration Policy and Legal Challenges
136,2,"['muslimban', 'maga', 'travelban', 'islam', 'usa', 'trump', 'liberal', 'americafirst', 'immigrationban', 'tcot', 'terrorist']",155,7,"['muslimban', 'muslim', 'maga', 'travelban']",1,"['muslimban', 'maga', 'americafirst', 'islam', 'wahhabism_daily', 'muslim', 'usa', 'buildthewall', 'donaldtrump', 'wahhabism', 'tcot', 'support']",12,"['travelban', 'maga', 'ban', 'trump', 'travel', 'immigration', 'country', 'buildthewall', 'immigrationban', 'support_leader', 'america', 'muslim', 'support', 'refugee', 'immigrationban_maga', 'president', 'liberal']","[2447278640, 2462935452, 2956261143, 2967475006, 2979502145, 2991637275, 2991705749, 2993815630, 2995443045, 2999257265, 2999296937, 3062904754]","muslimban,maga,travelban,islam,usa,trump,liberal,americafirst,immigrationban,tcot,terrorist,wahhabism_daily,muslim,buildthewall,donaldtrump,wahhabism,support,ban,travel,immigration,country,support_leader,america,refugee,immigrationban_maga,president","muslimban,maga,travelban,islam,usa,trump,liberal,americafirst,immigrationban,tcot,terrorist,wahhabism_daily,muslim,buildthewall,donaldtrump,wahhabism,support","muslimban,muslim,maga,travelban,ban,trump,travel,immigration,country,buildthewall,immigrationban,support_leader,america,support,refugee,immigrationban_maga,president,liberal","{'US Immigration Policy': 'muslimban, travelban, immigrationban, immigration, refugee, buildthewall, americafirst, america, country', 'Trump Administration': 'maga, donaldtrump, trump, president, support_leader', 'Islam and Security': 'islam, muslim, wahhabism, wahhabism_daily, terrorist', 'Political Ideologies': 'liberal, tcot, support'}",US Immigration Policy.Trump Administration.Islam and Security.Political Ideologies,"{'US Immigration and Travel Policies': 'muslimban, travelban, immigrationban, buildthewall, americafirst', 'Political Ideologies and Movements': 'maga, liberal, tcot, support', 'Islam and Related Topics': 'islam, muslim, wahhabism, wahhabism_daily', 'Donald Trump and His Policies': 'usa, trump, donaldtrump'}",US Immigration and Travel Policies.Political Ideologies and Movements.Islam and Related Topics.Donald Trump and His Policies,"{'US Immigration Policies': 'muslimban, travelban, ban, immigration, immigrationban, immigrationban_maga, refugee', 'Trump Administration': 'trump, maga, buildthewall, support_leader, president', 'Political Ideologies': 'muslim, america, support, liberal, country, travel'}",US Immigration Policies.Trump Administration.Political Ideologies
137,11,"['muslimban', 'nobannowall', 'trump', 'muslim', 'ban', 'refugee', 'refugeeswelcome', 'protest', 'law', 'people', 'support']",156,2,"['nobannowall', 'muslimban', 'tntweeter', 'uslatino', 'heretostay', 'latism', 'inmigracion', 'notmore', 'immigration', 'refugeeswelcome', 'nomuslimban', 'refugee', 'niunomas', 'timeisnow', 'stand']",12,"['muslimban', 'nobannowall', 'trump', 'refugee', 'muslim', 'ban', 'refugeeswelcome', 'protest', 'congress']",5,"['refugeeswelcome', 'migrantenkriminalitat', 'refugeeswelcome_migrantenkriminalitat', 'afd', 'migrantenkriminalitat_refugeeswelcome', 'munich']","[726426186, 3293720865, 749292001867202600, 777521593962602500]","muslimban,nobannowall,trump,muslim,ban,refugee,refugeeswelcome,protest,law,people,support,congress,tntweeter,uslatino,heretostay,latism,inmigracion,notmore,immigration,nomuslimban,niunomas,timeisnow,stand,migrantenkriminalitat,refugeeswelcome_migrantenkriminalitat,afd,migrantenkriminalitat_refugeeswelcome,munich","muslimban,nobannowall,trump,muslim,ban,refugee,refugeeswelcome,protest,law,people,support,congress","nobannowall,muslimban,tntweeter,uslatino,heretostay,latism,inmigracion,notmore,immigration,refugeeswelcome,nomuslimban,refugee,niunomas,timeisnow,stand,migrantenkriminalitat,refugeeswelcome_migrantenkriminalitat,afd,migrantenkriminalitat_refugeeswelcome,munich","{'US Immigration Policy and Protests': ['muslimban', 'nobannowall', 'trump', 'muslim', 'ban', 'refugee', 'refugeeswelcome', 'protest', 'law', 'people', 'support', 'congress', 'tntweeter', 'uslatino', 'heretostay', 'latism', 'inmigracion', 'notmore', 'immigration', 'nomuslimban', 'niunomas', 'timeisnow', 'stand'], 'European Refugee and Migrant Issues': ['migrantenkriminalitat', 'refugeeswelcome_migrantenkriminalitat', 'afd', 'migrantenkriminalitat_refugeeswelcome', 'munich']}",US Immigration Policy and Protests.European Refugee and Migrant Issues,"{'US Immigration Policy and Public Response': 'muslimban, nobannowall, trump, muslim, ban, refugee, refugeeswelcome, protest, law, people, support, congress'}",US Immigration Policy and Public Response,"{'Immigration and Refugee Policies': ['nobannowall', 'muslimban', 'heretostay', 'inmigracion', 'immigration', 'refugeeswelcome', 'nomuslimban', 'refugee', 'refugeeswelcome_migrantenkriminalitat', 'migrantenkriminalitat_refugeeswelcome'], 'Social Media and Activism': ['tntweeter', 'uslatino', 'latism', 'notmore', 'niunomas', 'timeisnow', 'stand'], 'Political and Social Issues in Germany': ['migrantenkriminalitat', 'afd', 'munich']}",Immigration and Refugee Policies.Social Media and Activism.Political and Social Issues in Germany
138,9,"['ban', 'travel', 'trump', 'immigration', 'trumps', 'president', 'order', 'court', 'judge', 'appeal', 'donald', 'federal', 'block', 'rule', 'legal']",157,9,"['trump', 'ban', 'president', 'order', 'court', 'people', 'security']",10,"['ban', 'trump', 'travel', 'immigration', 'trumps', 'judge', 'order', 'president', 'court', 'donald', 'appeal', 'white_house', 'homeland_security', 'federal']",4,"['ban', 'trump', 'muslim', 'muslimban', 'refugee', 'trumps', 'order']","[31198756, 213088537, 2434305450]","ban,travel,trump,immigration,trumps,president,order,court,judge,appeal,donald,federal,block,rule,legal,white_house,homeland_security,people,security,muslim,muslimban,refugee","ban,travel,trump,immigration,trumps,president,order,court,judge,appeal,donald,federal,block,rule,legal,white_house,homeland_security","trump,ban,president,order,court,people,security,muslim,muslimban,refugee,trumps","{'US Immigration Policy': 'ban, travel, trump, immigration, trumps, president, order, court, judge, appeal, donald, federal, block, rule, legal, white_house, homeland_security, people, security, muslim, muslimban, refugee'}",US Immigration Policy,"{'US Immigration Policy': 'ban, travel, immigration, trumps, president, order, court, judge, appeal, donald, federal, block, rule, legal, white_house, homeland_security', 'Trump Administration Legal Challenges': 'trump, trumps, president, order, court, judge, appeal, donald, federal, block, rule, legal, white_house'}",US Immigration Policy.Trump Administration Legal Challenges,"{'US Immigration Policy': 'trump, ban, president, order, court, people, security, muslim, muslimban, refugee, trumps'}",US Immigration Policy
139,11,"['muslimban', 'nobannowall', 'trump', 'muslim', 'ban', 'refugee', 'refugeeswelcome', 'protest', 'law', 'people', 'support']",158,7,"['muslimban', 'muslim', 'maga', 'travelban']",12,"['muslimban', 'nobannowall', 'trump', 'refugee', 'muslim', 'ban', 'refugeeswelcome', 'protest', 'congress']",4,"['ban', 'trump', 'muslim', 'muslimban', 'refugee', 'trumps', 'order']","[14496886, 39971992, 597888584, 808498736250884096]","muslimban,nobannowall,trump,muslim,ban,refugee,refugeeswelcome,protest,law,people,support,congress,maga,travelban,trumps,order","muslimban,nobannowall,trump,muslim,ban,refugee,refugeeswelcome,protest,law,people,support,congress","muslimban,muslim,maga,travelban,ban,trump,refugee,trumps,order","{'US Immigration Policy and Protests': 'muslimban, nobannowall, trump, muslim, ban, refugee, refugeeswelcome, protest, law, people, support, congress, maga, travelban, trumps, order'}",US Immigration Policy and Protests,"{'US Immigration Policy and Public Response': 'muslimban, nobannowall, trump, muslim, ban, refugee, refugeeswelcome, protest, law, people, support, congress'}",US Immigration Policy and Public Response,"{'US Immigration Policy': 'muslimban, travelban, ban, refugee, order', 'Trump Administration': 'trump, trumps, maga', 'Impact on Muslim Community': 'muslimban, muslim'}",US Immigration Policy.Trump Administration.Impact on Muslim Community
140,11,"['muslimban', 'nobannowall', 'trump', 'muslim', 'ban', 'refugee', 'refugeeswelcome', 'protest', 'law', 'people', 'support']",160,9,"['trump', 'ban', 'president', 'order', 'court', 'people', 'security']",10,"['ban', 'trump', 'travel', 'immigration', 'trumps', 'judge', 'order', 'president', 'court', 'donald', 'appeal', 'white_house', 'homeland_security', 'federal']",4,"['ban', 'trump', 'muslim', 'muslimban', 'refugee', 'trumps', 'order']","[18666310, 3369925198, 728062616334159872, 736637394317922304, 736681821765836800, 738076526898470912, 776897909434544128, 783090711088533504, 783802387618234368, 794259857616601088, 820156689034911746]","muslimban,nobannowall,trump,muslim,ban,refugee,refugeeswelcome,protest,law,people,support,travel,immigration,trumps,judge,order,president,court,donald,appeal,white_house,homeland_security,federal,security","muslimban,nobannowall,trump,muslim,ban,refugee,refugeeswelcome,protest,law,people,support,travel,immigration,trumps,judge,order,president,court,donald,appeal,white_house,homeland_security,federal","trump,ban,president,order,court,people,security,muslim,muslimban,refugee,trumps","{'Theme: US Immigration Policy and Protests': 'muslimban, nobannowall, trump, muslim, ban, refugee, refugeeswelcome, protest, law, people, support, travel, immigration, trumps, judge, order, president, court, donald, appeal, white_house, homeland_security, federal, security'}",Theme: US Immigration Policy and Protests,"{'US Immigration Policy Controversy': 'muslimban, nobannowall, trump, muslim, ban, refugee, refugeeswelcome, protest, law, people, support, travel, immigration, trumps, judge, order, president, court, donald, appeal, white_house, homeland_security, federal'}",US Immigration Policy Controversy,"{'US Immigration Policy': 'trump, ban, president, order, court, people, security, muslim, muslimban, refugee, trumps'}",US Immigration Policy
141,9,"['ban', 'travel', 'trump', 'immigration', 'trumps', 'president', 'order', 'court', 'judge', 'appeal', 'donald', 'federal', 'block', 'rule', 'legal']",163,14,"['ban', 'travel', 'trump', 'immigration', 'trumps', 'order', 'court', 'judge', 'president', 'appeal', 'donald', 'federal']",10,"['ban', 'trump', 'travel', 'immigration', 'trumps', 'judge', 'order', 'president', 'court', 'donald', 'appeal', 'white_house', 'homeland_security', 'federal']",6,"['ban', 'travel', 'trump', 'immigration', 'trumps', 'order', 'court', 'judge', 'president', 'appeal', 'federal', 'block', 'rule', 'white_house', 'halt', 'justice_department']","[52436759, 122448174, 334944709, 3341798140]","ban,travel,trump,immigration,trumps,president,order,court,judge,appeal,donald,federal,block,rule,legal,white_house,homeland_security,halt,justice_department","ban,travel,trump,immigration,trumps,president,order,court,judge,appeal,donald,federal,block,rule,legal,white_house,homeland_security","ban,travel,trump,immigration,trumps,order,court,judge,president,appeal,donald,federal,block,rule,white_house,halt,justice_department","{'US Immigration Policy and Legal Challenges': 'ban, travel, trump, immigration, trumps, president, order, court, judge, appeal, donald, federal, block, rule, legal, white_house, homeland_security, halt, justice_department'}",US Immigration Policy and Legal Challenges,"{'US Immigration Policy': 'ban, travel, immigration, trumps, president, order, court, judge, appeal, donald, federal, block, rule, legal, white_house, homeland_security', 'Trump Administration Legal Challenges': 'trump, trumps, president, order, court, judge, appeal, donald, federal, block, rule, legal, white_house'}",US Immigration Policy.Trump Administration Legal Challenges,"{'US Immigration Policy and Legal Challenges': 'ban, travel, trump, immigration, trumps, order, court, judge, president, appeal, donald, federal, block, rule, white_house, halt, justice_department'}",US Immigration Policy and Legal Challenges
142,11,"['muslimban', 'nobannowall', 'trump', 'muslim', 'ban', 'refugee', 'refugeeswelcome', 'protest', 'law', 'people', 'support']",164,9,"['trump', 'ban', 'president', 'order', 'court', 'people', 'security']",12,"['muslimban', 'nobannowall', 'trump', 'refugee', 'muslim', 'ban', 'refugeeswelcome', 'protest', 'congress']",4,"['ban', 'trump', 'muslim', 'muslimban', 'refugee', 'trumps', 'order']","[2543934432, 2838359254, 709930449368440833]","muslimban,nobannowall,trump,muslim,ban,refugee,refugeeswelcome,protest,law,people,support,congress,president,order,court,security,trumps","muslimban,nobannowall,trump,muslim,ban,refugee,refugeeswelcome,protest,law,people,support,congress","trump,ban,president,order,court,people,security,muslim,muslimban,refugee,trumps","{'US Immigration Policy and Protests': 'muslimban, nobannowall, trump, muslim, ban, refugee, refugeeswelcome, protest, law, people, support, congress, president, order, court, security, trumps'}",US Immigration Policy and Protests,"{'US Immigration Policy and Public Response': 'muslimban, nobannowall, trump, muslim, ban, refugee, refugeeswelcome, protest, law, people, support, congress'}",US Immigration Policy and Public Response,"{'US Immigration Policy': 'trump, ban, president, order, court, people, security, muslim, muslimban, refugee, trumps'}",US Immigration Policy
143,9,"['ban', 'travel', 'trump', 'immigration', 'trumps', 'president', 'order', 'court', 'judge', 'appeal', 'donald', 'federal', 'block', 'rule', 'legal']",165,14,"['ban', 'travel', 'trump', 'immigration', 'trumps', 'order', 'court', 'judge', 'president', 'appeal', 'donald', 'federal']",11,"['ban', 'travel', 'order', 'immigration', 'trump', 'president', 'court', 'trumps', 'federal', 'judge', 'executive', 'muslim', 'halt']",6,"['ban', 'travel', 'trump', 'immigration', 'trumps', 'order', 'court', 'judge', 'president', 'appeal', 'federal', 'block', 'rule', 'white_house', 'halt', 'justice_department']","[2877098825, 2916179705, 3043819293, 3192736846]","ban,travel,trump,immigration,trumps,president,order,court,judge,appeal,donald,federal,block,rule,legal,executive,muslim,halt,white_house,justice_department","ban,travel,trump,immigration,trumps,president,order,court,judge,appeal,donald,federal,block,rule,legal,executive,muslim,halt","ban,travel,trump,immigration,trumps,order,court,judge,president,appeal,donald,federal,block,rule,white_house,halt,justice_department","{'US Immigration Policy and Legal Challenges': 'ban, travel, trump, immigration, trumps, president, order, court, judge, appeal, donald, federal, block, rule, legal, executive, muslim, halt, white_house, justice_department'}",US Immigration Policy and Legal Challenges,"{'US Immigration Policy and Legal Challenges': 'ban, travel, trump, immigration, trumps, president, order, court, judge, appeal, donald, federal, block, rule, legal, executive, muslim, halt'}",US Immigration Policy and Legal Challenges,"{'US Immigration Policy and Legal Challenges': 'ban, travel, trump, immigration, trumps, order, court, judge, president, appeal, donald, federal, block, rule, white_house, halt, justice_department'}",US Immigration Policy and Legal Challenges
144,11,"['muslimban', 'nobannowall', 'trump', 'muslim', 'ban', 'refugee', 'refugeeswelcome', 'protest', 'law', 'people', 'support']",166,9,"['trump', 'ban', 'president', 'order', 'court', 'people', 'security']",12,"['muslimban', 'nobannowall', 'trump', 'refugee', 'muslim', 'ban', 'refugeeswelcome', 'protest', 'congress']",4,"['ban', 'trump', 'muslim', 'muslimban', 'refugee', 'trumps', 'order']","[123771138, 243950136, 749133664609382406]","muslimban,nobannowall,trump,muslim,ban,refugee,refugeeswelcome,protest,law,people,support,congress,president,order,court,security,trumps","muslimban,nobannowall,trump,muslim,ban,refugee,refugeeswelcome,protest,law,people,support,congress","trump,ban,president,order,court,people,security,muslim,muslimban,refugee,trumps","{'US Immigration Policy and Protests': 'muslimban, nobannowall, trump, muslim, ban, refugee, refugeeswelcome, protest, law, people, support, congress, president, order, court, security, trumps'}",US Immigration Policy and Protests,"{'US Immigration Policy and Public Response': 'muslimban, nobannowall, trump, muslim, ban, refugee, refugeeswelcome, protest, law, people, support, congress'}",US Immigration Policy and Public Response,"{'US Immigration Policy': 'trump, ban, president, order, court, people, security, muslim, muslimban, refugee, trumps'}",US Immigration Policy
145,11,"['muslimban', 'nobannowall', 'trump', 'muslim', 'ban', 'refugee', 'refugeeswelcome', 'protest', 'law', 'people', 'support']",167,9,"['trump', 'ban', 'president', 'order', 'court', 'people', 'security']",4,"['ban', 'trump', 'muslim', 'travel', 'trumps', 'white_house', 'attack']",4,"['ban', 'trump', 'muslim', 'muslimban', 'refugee', 'trumps', 'order']","[15660641, 130617992, 938140405, 823653754520170497]","muslimban,nobannowall,trump,muslim,ban,refugee,refugeeswelcome,protest,law,people,support,travel,trumps,white_house,attack,president,order,court,security","muslimban,nobannowall,trump,muslim,ban,refugee,refugeeswelcome,protest,law,people,support,travel,trumps,white_house,attack","trump,ban,president,order,court,people,security,muslim,muslimban,refugee,trumps","{'US Travel Ban Controversy': 'muslimban, nobannowall, trump, muslim, ban, refugee, refugeeswelcome, protest, law, people, support, travel, trumps, white_house, attack, president, order, court, security'}",US Travel Ban Controversy,"{'US Immigration Policy and Protests': 'muslimban, nobannowall, trump, muslim, ban, refugee, refugeeswelcome, protest, law, people, support, travel, trumps, white_house, attack'}",US Immigration Policy and Protests,"{'US Immigration Policy': 'trump, ban, president, order, court, people, security, muslim, muslimban, refugee, trumps'}",US Immigration Policy
146,9,"['ban', 'travel', 'trump', 'immigration', 'trumps', 'president', 'order', 'court', 'judge', 'appeal', 'donald', 'federal', 'block', 'rule', 'legal']",170,14,"['ban', 'travel', 'trump', 'immigration', 'trumps', 'order', 'court', 'judge', 'president', 'appeal', 'donald', 'federal']",10,"['ban', 'trump', 'travel', 'immigration', 'trumps', 'judge', 'order', 'president', 'court', 'donald', 'appeal', 'white_house', 'homeland_security', 'federal']",6,"['ban', 'travel', 'trump', 'immigration', 'trumps', 'order', 'court', 'judge', 'president', 'appeal', 'federal', 'block', 'rule', 'white_house', 'halt', 'justice_department']","[11332012, 1013374544, 1494071780]","ban,travel,trump,immigration,trumps,president,order,court,judge,appeal,donald,federal,block,rule,legal,white_house,homeland_security,halt,justice_department","ban,travel,trump,immigration,trumps,president,order,court,judge,appeal,donald,federal,block,rule,legal,white_house,homeland_security","ban,travel,trump,immigration,trumps,order,court,judge,president,appeal,donald,federal,block,rule,white_house,halt,justice_department","{'US Immigration Policy and Legal Challenges': 'ban, travel, trump, immigration, trumps, president, order, court, judge, appeal, donald, federal, block, rule, legal, white_house, homeland_security, halt, justice_department'}",US Immigration Policy and Legal Challenges,"{'US Immigration Policy': 'ban, travel, immigration, trumps, president, order, court, judge, appeal, donald, federal, block, rule, legal, white_house, homeland_security', 'Trump Administration Legal Challenges': 'trump, trumps, president, order, court, judge, appeal, donald, federal, block, rule, legal, white_house'}",US Immigration Policy.Trump Administration Legal Challenges,"{'US Immigration Policy and Legal Challenges': 'ban, travel, trump, immigration, trumps, order, court, judge, president, appeal, donald, federal, block, rule, white_house, halt, justice_department'}",US Immigration Policy and Legal Challenges
147,9,"['ban', 'travel', 'trump', 'immigration', 'trumps', 'president', 'order', 'court', 'judge', 'appeal', 'donald', 'federal', 'block', 'rule', 'legal']",171,14,"['ban', 'travel', 'trump', 'immigration', 'trumps', 'order', 'court', 'judge', 'president', 'appeal', 'donald', 'federal']",10,"['ban', 'trump', 'travel', 'immigration', 'trumps', 'judge', 'order', 'president', 'court', 'donald', 'appeal', 'white_house', 'homeland_security', 'federal']",6,"['ban', 'travel', 'trump', 'immigration', 'trumps', 'order', 'court', 'judge', 'president', 'appeal', 'federal', 'block', 'rule', 'white_house', 'halt', 'justice_department']","[101136300, 902841756, 3024568735, 752309378527555584, 760348481659600896, 761050368021110784, 763621734230597632, 824053976144281600, 828433145292681217]","ban,travel,trump,immigration,trumps,president,order,court,judge,appeal,donald,federal,block,rule,legal,white_house,homeland_security,halt,justice_department","ban,travel,trump,immigration,trumps,president,order,court,judge,appeal,donald,federal,block,rule,legal,white_house,homeland_security","ban,travel,trump,immigration,trumps,order,court,judge,president,appeal,donald,federal,block,rule,white_house,halt,justice_department","{'US Immigration Policy': 'ban, travel, trump, immigration, trumps, president, order, court, judge, appeal, donald, federal, block, rule, legal, white_house, homeland_security, halt, justice_department'}",US Immigration Policy,"{'US Immigration Policy': 'ban, travel, immigration, trumps, president, order, court, judge, appeal, donald, federal, block, rule, legal, white_house, homeland_security', 'Trump Administration Legal Challenges': 'trump, trumps, president, order, court, judge, appeal, donald, federal, block, rule, legal, white_house'}",US Immigration Policy.Trump Administration Legal Challenges,"{'US Immigration Policy and Legal Challenges': 'ban, travel, trump, immigration, trumps, order, court, judge, president, appeal, donald, federal, block, rule, white_house, halt, justice_department'}",US Immigration Policy and Legal Challenges
148,11,"['muslimban', 'nobannowall', 'trump', 'muslim', 'ban', 'refugee', 'refugeeswelcome', 'protest', 'law', 'people', 'support']",172,7,"['muslimban', 'muslim', 'maga', 'travelban']",12,"['muslimban', 'nobannowall', 'trump', 'refugee', 'muslim', 'ban', 'refugeeswelcome', 'protest', 'congress']",4,"['ban', 'trump', 'muslim', 'muslimban', 'refugee', 'trumps', 'order']","[776414185, 2187410251, 2216336281, 3928269613, 774232297574961152]","muslimban,nobannowall,trump,muslim,ban,refugee,refugeeswelcome,protest,law,people,support,congress,maga,travelban,trumps,order","muslimban,nobannowall,trump,muslim,ban,refugee,refugeeswelcome,protest,law,people,support,congress","muslimban,muslim,maga,travelban,ban,trump,refugee,trumps,order","{'US Travel Ban Controversy': 'muslimban, nobannowall, trump, muslim, ban, refugee, refugeeswelcome, protest, law, people, support, congress, maga, travelban, trumps, order'}",US Travel Ban Controversy,"{'US Immigration Policy and Public Response': 'muslimban, nobannowall, trump, muslim, ban, refugee, refugeeswelcome, protest, law, people, support, congress'}",US Immigration Policy and Public Response,"{'US Immigration Policy': 'muslimban, travelban, ban, refugee, order', 'Trump Administration': 'trump, trumps, maga', 'Impact on Muslim Community': 'muslimban, muslim'}",US Immigration Policy.Trump Administration.Impact on Muslim Community
149,11,"['muslimban', 'nobannowall', 'trump', 'muslim', 'ban', 'refugee', 'refugeeswelcome', 'protest', 'law', 'people', 'support']",173,7,"['muslimban', 'muslim', 'maga', 'travelban']",12,"['muslimban', 'nobannowall', 'trump', 'refugee', 'muslim', 'ban', 'refugeeswelcome', 'protest', 'congress']",4,"['ban', 'trump', 'muslim', 'muslimban', 'refugee', 'trumps', 'order']","[21879603, 3069015979, 3307415973]","muslimban,nobannowall,trump,muslim,ban,refugee,refugeeswelcome,protest,law,people,support,congress,maga,travelban,trumps,order","muslimban,nobannowall,trump,muslim,ban,refugee,refugeeswelcome,protest,law,people,support,congress","muslimban,muslim,maga,travelban,ban,trump,refugee,trumps,order","{'US Immigration Policy and Protests': 'muslimban, nobannowall, trump, muslim, ban, refugee, refugeeswelcome, protest, law, people, support, congress, maga, travelban, trumps, order'}",US Immigration Policy and Protests,"{'US Immigration Policy and Public Response': 'muslimban, nobannowall, trump, muslim, ban, refugee, refugeeswelcome, protest, law, people, support, congress'}",US Immigration Policy and Public Response,"{'US Immigration Policy': 'muslimban, travelban, ban, refugee, order', 'Trump Administration': 'trump, trumps, maga', 'Impact on Muslim Community': 'muslimban, muslim'}",US Immigration Policy.Trump Administration.Impact on Muslim Community
150,11,"['muslimban', 'nobannowall', 'trump', 'muslim', 'ban', 'refugee', 'refugeeswelcome', 'protest', 'law', 'people', 'support']",174,9,"['trump', 'ban', 'president', 'order', 'court', 'people', 'security']",12,"['muslimban', 'nobannowall', 'trump', 'refugee', 'muslim', 'ban', 'refugeeswelcome', 'protest', 'congress']",4,"['ban', 'trump', 'muslim', 'muslimban', 'refugee', 'trumps', 'order']","[16185569, 173915399, 3428769333]","muslimban,nobannowall,trump,muslim,ban,refugee,refugeeswelcome,protest,law,people,support,congress,president,order,court,security,trumps","muslimban,nobannowall,trump,muslim,ban,refugee,refugeeswelcome,protest,law,people,support,congress","trump,ban,president,order,court,people,security,muslim,muslimban,refugee,trumps","{'US Immigration Policy and Protests': 'muslimban, nobannowall, trump, muslim, ban, refugee, refugeeswelcome, protest, law, people, support, congress, president, order, court, security, trumps'}",US Immigration Policy and Protests,"{'US Immigration Policy and Public Response': 'muslimban, nobannowall, trump, muslim, ban, refugee, refugeeswelcome, protest, law, people, support, congress'}",US Immigration Policy and Public Response,"{'US Immigration Policy': 'trump, ban, president, order, court, people, security, muslim, muslimban, refugee, trumps'}",US Immigration Policy
151,9,"['ban', 'travel', 'trump', 'immigration', 'trumps', 'president', 'order', 'court', 'judge', 'appeal', 'donald', 'federal', 'block', 'rule', 'legal']",175,14,"['ban', 'travel', 'trump', 'immigration', 'trumps', 'order', 'court', 'judge', 'president', 'appeal', 'donald', 'federal']",11,"['ban', 'travel', 'order', 'immigration', 'trump', 'president', 'court', 'trumps', 'federal', 'judge', 'executive', 'muslim', 'halt']",6,"['ban', 'travel', 'trump', 'immigration', 'trumps', 'order', 'court', 'judge', 'president', 'appeal', 'federal', 'block', 'rule', 'white_house', 'halt', 'justice_department']","[21213927, 21216178, 236968929, 857445764]","ban,travel,trump,immigration,trumps,president,order,court,judge,appeal,donald,federal,block,rule,legal,executive,muslim,halt,white_house,justice_department","ban,travel,trump,immigration,trumps,president,order,court,judge,appeal,donald,federal,block,rule,legal,executive,muslim,halt","ban,travel,trump,immigration,trumps,order,court,judge,president,appeal,donald,federal,block,rule,white_house,halt,justice_department","{'US Immigration Policy and Legal Challenges': 'ban, travel, trump, immigration, trumps, president, order, court, judge, appeal, donald, federal, block, rule, legal, executive, muslim, halt, white_house, justice_department'}",US Immigration Policy and Legal Challenges,"{'US Immigration Policy and Legal Challenges': 'ban, travel, trump, immigration, trumps, president, order, court, judge, appeal, donald, federal, block, rule, legal, executive, muslim, halt'}",US Immigration Policy and Legal Challenges,"{'US Immigration Policy and Legal Challenges': 'ban, travel, trump, immigration, trumps, order, court, judge, president, appeal, donald, federal, block, rule, white_house, halt, justice_department'}",US Immigration Policy and Legal Challenges
152,9,"['ban', 'travel', 'trump', 'immigration', 'trumps', 'president', 'order', 'court', 'judge', 'appeal', 'donald', 'federal', 'block', 'rule', 'legal']",270,14,"['ban', 'travel', 'trump', 'immigration', 'trumps', 'order', 'court', 'judge', 'president', 'appeal', 'donald', 'federal']",10,"['ban', 'trump', 'travel', 'immigration', 'trumps', 'judge', 'order', 'president', 'court', 'donald', 'appeal', 'white_house', 'homeland_security', 'federal']",4,"['ban', 'trump', 'muslim', 'muslimban', 'refugee', 'trumps', 'order']","[3183768157, 3374126201, 713953191742816300, 780216787824742400, 798190900744568800, 808204218762825728]","ban,travel,trump,immigration,trumps,president,order,court,judge,appeal,donald,federal,block,rule,legal,white_house,homeland_security,muslim,muslimban,refugee","ban,travel,trump,immigration,trumps,president,order,court,judge,appeal,donald,federal,block,rule,legal,white_house,homeland_security","ban,travel,trump,immigration,trumps,order,court,judge,president,appeal,donald,federal,muslim,muslimban,refugee","{'US Immigration Policy': 'ban, travel, trump, immigration, trumps, president, order, court, judge, appeal, donald, federal, block, rule, legal, white_house, homeland_security, muslim, muslimban, refugee'}",US Immigration Policy,"{'US Immigration Policy': 'ban, travel, immigration, trumps, president, order, court, judge, appeal, donald, federal, block, rule, legal, white_house, homeland_security', 'Trump Administration Legal Challenges': 'trump, trumps, president, order, court, judge, appeal, donald, federal, block, rule, legal, white_house'}",US Immigration Policy.Trump Administration Legal Challenges,"{'US Immigration Policy': 'ban, travel, trump, immigration, trumps, order, court, judge, president, appeal, donald, federal, muslim, muslimban, refugee'}",US Immigration Policy
153,11,"['muslimban', 'nobannowall', 'trump', 'muslim', 'ban', 'refugee', 'refugeeswelcome', 'protest', 'law', 'people', 'support']",177,9,"['trump', 'ban', 'president', 'order', 'court', 'people', 'security']",12,"['muslimban', 'nobannowall', 'trump', 'refugee', 'muslim', 'ban', 'refugeeswelcome', 'protest', 'congress']",4,"['ban', 'trump', 'muslim', 'muslimban', 'refugee', 'trumps', 'order']","[155721492, 209574683, 288598376, 332407856, 737676884977258497, 823642841507315712]","muslimban,nobannowall,trump,muslim,ban,refugee,refugeeswelcome,protest,law,people,support,congress,president,order,court,security,trumps","muslimban,nobannowall,trump,muslim,ban,refugee,refugeeswelcome,protest,law,people,support,congress","trump,ban,president,order,court,people,security,muslim,muslimban,refugee,trumps","{'US Immigration Policy and Protests': 'muslimban, nobannowall, trump, muslim, ban, refugee, refugeeswelcome, protest, law, people, support, congress, president, order, court, security, trumps'}",US Immigration Policy and Protests,"{'US Immigration Policy and Public Response': 'muslimban, nobannowall, trump, muslim, ban, refugee, refugeeswelcome, protest, law, people, support, congress'}",US Immigration Policy and Public Response,"{'US Immigration Policy': 'trump, ban, president, order, court, people, security, muslim, muslimban, refugee, trumps'}",US Immigration Policy
154,9,"['ban', 'travel', 'trump', 'immigration', 'trumps', 'president', 'order', 'court', 'judge', 'appeal', 'donald', 'federal', 'block', 'rule', 'legal']",178,14,"['ban', 'travel', 'trump', 'immigration', 'trumps', 'order', 'court', 'judge', 'president', 'appeal', 'donald', 'federal']",10,"['ban', 'trump', 'travel', 'immigration', 'trumps', 'judge', 'order', 'president', 'court', 'donald', 'appeal', 'white_house', 'homeland_security', 'federal']",6,"['ban', 'travel', 'trump', 'immigration', 'trumps', 'order', 'court', 'judge', 'president', 'appeal', 'federal', 'block', 'rule', 'white_house', 'halt', 'justice_department']","[630379079, 4902144081, 774223198137090049, 798654799382122496, 816379289503338496]","ban,travel,trump,immigration,trumps,president,order,court,judge,appeal,donald,federal,block,rule,legal,white_house,homeland_security,halt,justice_department","ban,travel,trump,immigration,trumps,president,order,court,judge,appeal,donald,federal,block,rule,legal,white_house,homeland_security","ban,travel,trump,immigration,trumps,order,court,judge,president,appeal,donald,federal,block,rule,white_house,halt,justice_department","{'US Immigration Policy and Legal Challenges': 'ban, travel, trump, immigration, trumps, president, order, court, judge, appeal, donald, federal, block, rule, legal, white_house, homeland_security, halt, justice_department'}",US Immigration Policy and Legal Challenges,"{'US Immigration Policy': 'ban, travel, immigration, trumps, president, order, court, judge, appeal, donald, federal, block, rule, legal, white_house, homeland_security', 'Trump Administration Legal Challenges': 'trump, trumps, president, order, court, judge, appeal, donald, federal, block, rule, legal, white_house'}",US Immigration Policy.Trump Administration Legal Challenges,"{'US Immigration Policy and Legal Challenges': 'ban, travel, trump, immigration, trumps, order, court, judge, president, appeal, donald, federal, block, rule, white_house, halt, justice_department'}",US Immigration Policy and Legal Challenges
155,1,"['ban', 'trump', 'muslim', 'bannon', 'white', 'security', 'house', 'call', 'lie', 'attack', 'terrorism', 'head', 'general', 'miller']",179,14,"['ban', 'travel', 'trump', 'immigration', 'trumps', 'order', 'court', 'judge', 'president', 'appeal', 'donald', 'federal']",4,"['ban', 'trump', 'muslim', 'travel', 'trumps', 'white_house', 'attack']",13,"['nobannowall', 'muslimban', 'heretostay', 'nomuslimban', 'refugeeswelcome', 'refugee', 'protest']","[363972381, 3807228753, 712679539500036096]","ban,trump,muslim,bannon,white,security,house,call,lie,attack,terrorism,head,general,miller,travel,trumps,white_house,immigration,order,court,judge,president,appeal,donald,federal,nobannowall,muslimban,heretostay,nomuslimban,refugeeswelcome,refugee,protest","ban,trump,muslim,bannon,white,security,house,call,lie,attack,terrorism,head,general,miller,travel,trumps,white_house","ban,travel,trump,immigration,trumps,order,court,judge,president,appeal,donald,federal,nobannowall,muslimban,heretostay,nomuslimban,refugeeswelcome,refugee,protest","{""Trump Administration's Immigration Policies"": ['ban', 'trump', 'muslim', 'bannon', 'white', 'security', 'house', 'call', 'lie', 'attack', 'terrorism', 'head', 'general', 'miller', 'travel', 'trumps', 'white_house', 'immigration', 'order', 'court', 'judge', 'president', 'appeal', 'donald', 'federal', 'nobannowall', 'muslimban', 'heretostay', 'nomuslimban', 'refugeeswelcome', 'refugee', 'protest']}",Trump Administration's Immigration Policies,"{'US Politics and Immigration Policy': 'ban, trump, muslim, bannon, white, security, house, call, lie, attack, terrorism, head, general, miller, travel, trumps, white_house'}",US Politics and Immigration Policy,"{'US Immigration Policy and Legal Challenges': 'ban, travel, trump, immigration, trumps, order, court, judge, president, appeal, donald, federal, nobannowall, muslimban, heretostay, nomuslimban, refugeeswelcome, refugee, protest'}",US Immigration Policy and Legal Challenges
156,10,"['order', 'immigration', 'ban', 'travel', 'judge', 'executive', 'halt', 'country', 'muslim', 'poll', 'tweet', 'marine', 'iraq', 'comment']",180,14,"['ban', 'travel', 'trump', 'immigration', 'trumps', 'order', 'court', 'judge', 'president', 'appeal', 'donald', 'federal']",10,"['ban', 'trump', 'travel', 'immigration', 'trumps', 'judge', 'order', 'president', 'court', 'donald', 'appeal', 'white_house', 'homeland_security', 'federal']",12,"['travelban', 'maga', 'ban', 'trump', 'travel', 'immigration', 'country', 'buildthewall', 'immigrationban', 'support_leader', 'america', 'muslim', 'support', 'refugee', 'immigrationban_maga', 'president', 'liberal']","[2511118496, 713925255828353000, 713925255828353024]","order,immigration,ban,travel,judge,executive,halt,country,muslim,poll,tweet,marine,iraq,comment,trump,trumps,president,court,donald,appeal,white_house,homeland_security,federal,travelban,maga,buildthewall,immigrationban,support_leader,america,support,refugee,immigrationban_maga,liberal","order,immigration,ban,travel,judge,executive,halt,country,muslim,poll,tweet,marine,iraq,comment,trump,trumps,president,court,donald,appeal,white_house,homeland_security,federal","ban,travel,trump,immigration,trumps,order,court,judge,president,appeal,donald,federal,travelban,maga,country,buildthewall,immigrationban,support_leader,america,muslim,support,refugee,immigrationban_maga,liberal","{'US Immigration Policy': 'order, immigration, ban, travel, judge, executive, halt, country, muslim, court, appeal, federal, travelban, immigrationban, refugee, immigrationban_maga', 'Trump Administration Actions': 'trump, trumps, president, donald, white_house, homeland_security, maga, buildthewall, support_leader, america, support', 'Public and Political Reactions': 'poll, tweet, comment, marine, iraq, liberal'}",US Immigration Policy.Trump Administration Actions.Public and Political Reactions,"{'US Immigration Policy and Legal Challenges': 'order, immigration, ban, travel, judge, executive, halt, country, muslim, court, appeal, federal', 'Trump Administration and Public Reaction': 'poll, tweet, comment, trump, trumps, president, donald, white_house, homeland_security', 'Military and International Relations': 'marine, iraq'}",US Immigration Policy and Legal Challenges.Trump Administration and Public Reaction.Military and International Relations,"{'US Immigration Policy': 'ban, travel, trump, immigration, trumps, order, court, judge, president, appeal, donald, federal, travelban, maga, country, buildthewall, immigrationban, support_leader, america, muslim, support, refugee, immigrationban_maga, liberal'}",US Immigration Policy
157,11,"['muslimban', 'nobannowall', 'trump', 'muslim', 'ban', 'refugee', 'refugeeswelcome', 'protest', 'law', 'people', 'support']",181,9,"['trump', 'ban', 'president', 'order', 'court', 'people', 'security']",12,"['muslimban', 'nobannowall', 'trump', 'refugee', 'muslim', 'ban', 'refugeeswelcome', 'protest', 'congress']",4,"['ban', 'trump', 'muslim', 'muslimban', 'refugee', 'trumps', 'order']","[153924469, 1696846248, 4099048259, 741594349633470464]","muslimban,nobannowall,trump,muslim,ban,refugee,refugeeswelcome,protest,law,people,support,congress,president,order,court,security,trumps","muslimban,nobannowall,trump,muslim,ban,refugee,refugeeswelcome,protest,law,people,support,congress","trump,ban,president,order,court,people,security,muslim,muslimban,refugee,trumps","{'US Immigration Policy and Protests': 'muslimban, nobannowall, trump, muslim, ban, refugee, refugeeswelcome, protest, law, people, support, congress, president, order, court, security, trumps'}",US Immigration Policy and Protests,"{'US Immigration Policy and Public Response': 'muslimban, nobannowall, trump, muslim, ban, refugee, refugeeswelcome, protest, law, people, support, congress'}",US Immigration Policy and Public Response,"{'US Immigration Policy': 'trump, ban, president, order, court, people, security, muslim, muslimban, refugee, trumps'}",US Immigration Policy
158,13,"['muslimban', 'board', 'visas', 'valid', 'airlinesnomuslimban', 'nobanjfk', 'traveler', 'court', 'aviation', 'rule', 'travel', 'judge', 'circuit', 'passenger', 'stay']",256,2,"['nobannowall', 'muslimban', 'tntweeter', 'uslatino', 'heretostay', 'latism', 'inmigracion', 'notmore', 'immigration', 'refugeeswelcome', 'nomuslimban', 'refugee', 'niunomas', 'timeisnow', 'stand']",12,"['muslimban', 'nobannowall', 'trump', 'refugee', 'muslim', 'ban', 'refugeeswelcome', 'protest', 'congress']",13,"['nobannowall', 'muslimban', 'heretostay', 'nomuslimban', 'refugeeswelcome', 'refugee', 'protest']","[60341409, 554736713, 2768029004]","muslimban,board,visas,valid,airlinesnomuslimban,nobanjfk,traveler,court,aviation,rule,travel,judge,circuit,passenger,stay,nobannowall,trump,refugee,muslim,ban,refugeeswelcome,protest,congress,tntweeter,uslatino,heretostay,latism,inmigracion,notmore,immigration,nomuslimban,niunomas,timeisnow,stand","muslimban,board,visas,valid,airlinesnomuslimban,nobanjfk,traveler,court,aviation,rule,travel,judge,circuit,passenger,stay,nobannowall,trump,refugee,muslim,ban,refugeeswelcome,protest,congress","nobannowall,muslimban,tntweeter,uslatino,heretostay,latism,inmigracion,notmore,immigration,refugeeswelcome,nomuslimban,refugee,niunomas,timeisnow,stand,protest","{'US Immigration Policy Protests': ['muslimban', 'airlinesnomuslimban', 'nobanjfk', 'nobannowall', 'nomuslimban', 'refugeeswelcome', 'protest', 'heretostay', 'latism', 'inmigracion', 'notmore', 'immigration', 'niunomas', 'timeisnow', 'stand'], 'Legal and Judicial Response to Travel Ban': ['board', 'visas', 'valid', 'traveler', 'court', 'aviation', 'rule', 'travel', 'judge', 'circuit', 'passenger', 'stay'], 'Trump Administration Policies': ['trump', 'ban', 'refugee', 'muslim', 'congress'], 'Social Media and Activism': ['tntweeter', 'uslatino']}",US Immigration Policy Protests.Legal and Judicial Response to Travel Ban.Trump Administration Policies.Social Media and Activism,"{'US Travel Ban Controversy': 'muslimban, visas, valid, airlinesnomuslimban, nobanjfk, traveler, court, aviation, rule, travel, judge, circuit, passenger, stay, nobannowall, trump, refugee, muslim, ban, refugeeswelcome, protest, congress'}",US Travel Ban Controversy,"{'Immigration and Refugee Advocacy': ['nobannowall', 'muslimban', 'uslatino', 'heretostay', 'latism', 'inmigracion', 'immigration', 'refugeeswelcome', 'nomuslimban', 'refugee', 'niunomas', 'timeisnow', 'stand', 'protest'], 'Social Media Activism': ['tntweeter', 'notmore']}",Immigration and Refugee Advocacy.Social Media Activism
160,9,"['ban', 'travel', 'trump', 'immigration', 'trumps', 'president', 'order', 'court', 'judge', 'appeal', 'donald', 'federal', 'block', 'rule', 'legal']",183,14,"['ban', 'travel', 'trump', 'immigration', 'trumps', 'order', 'court', 'judge', 'president', 'appeal', 'donald', 'federal']",10,"['ban', 'trump', 'travel', 'immigration', 'trumps', 'judge', 'order', 'president', 'court', 'donald', 'appeal', 'white_house', 'homeland_security', 'federal']",6,"['ban', 'travel', 'trump', 'immigration', 'trumps', 'order', 'court', 'judge', 'president', 'appeal', 'federal', 'block', 'rule', 'white_house', 'halt', 'justice_department']","[396720850, 549010227, 2775904743]","ban,travel,trump,immigration,trumps,president,order,court,judge,appeal,donald,federal,block,rule,legal,white_house,homeland_security,halt,justice_department","ban,travel,trump,immigration,trumps,president,order,court,judge,appeal,donald,federal,block,rule,legal,white_house,homeland_security","ban,travel,trump,immigration,trumps,order,court,judge,president,appeal,donald,federal,block,rule,white_house,halt,justice_department","{'US Immigration Policy and Legal Challenges': 'ban, travel, trump, immigration, trumps, president, order, court, judge, appeal, donald, federal, block, rule, legal, white_house, homeland_security, halt, justice_department'}",US Immigration Policy and Legal Challenges,"{'US Immigration Policy': 'ban, travel, immigration, trumps, president, order, court, judge, appeal, donald, federal, block, rule, legal, white_house, homeland_security', 'Trump Administration Legal Challenges': 'trump, trumps, president, order, court, judge, appeal, donald, federal, block, rule, legal, white_house'}",US Immigration Policy.Trump Administration Legal Challenges,"{'US Immigration Policy and Legal Challenges': 'ban, travel, trump, immigration, trumps, order, court, judge, president, appeal, donald, federal, block, rule, white_house, halt, justice_department'}",US Immigration Policy and Legal Challenges
161,11,"['muslimban', 'nobannowall', 'trump', 'muslim', 'ban', 'refugee', 'refugeeswelcome', 'protest', 'law', 'people', 'support']",185,7,"['muslimban', 'muslim', 'maga', 'travelban']",12,"['muslimban', 'nobannowall', 'trump', 'refugee', 'muslim', 'ban', 'refugeeswelcome', 'protest', 'congress']",4,"['ban', 'trump', 'muslim', 'muslimban', 'refugee', 'trumps', 'order']","[67052442, 85107516, 150653567]","muslimban,nobannowall,trump,muslim,ban,refugee,refugeeswelcome,protest,law,people,support,congress,maga,travelban,trumps,order","muslimban,nobannowall,trump,muslim,ban,refugee,refugeeswelcome,protest,law,people,support,congress","muslimban,muslim,maga,travelban,ban,trump,refugee,trumps,order","{'US Immigration Policy and Protests': 'muslimban, nobannowall, trump, muslim, ban, refugee, refugeeswelcome, protest, law, people, support, congress, maga, travelban, trumps, order'}",US Immigration Policy and Protests,"{'US Immigration Policy and Public Response': 'muslimban, nobannowall, trump, muslim, ban, refugee, refugeeswelcome, protest, law, people, support, congress'}",US Immigration Policy and Public Response,"{'US Immigration Policy': 'muslimban, travelban, ban, refugee, order', 'Trump Administration': 'trump, trumps, maga', 'Impact on Muslim Community': 'muslimban, muslim'}",US Immigration Policy.Trump Administration.Impact on Muslim Community
162,1,"['ban', 'trump', 'muslim', 'bannon', 'white', 'security', 'house', 'call', 'lie', 'attack', 'terrorism', 'head', 'general', 'miller']",187,7,"['muslimban', 'muslim', 'maga', 'travelban']",1,"['muslimban', 'maga', 'americafirst', 'islam', 'wahhabism_daily', 'muslim', 'usa', 'buildthewall', 'donaldtrump', 'wahhabism', 'tcot', 'support']",12,"['travelban', 'maga', 'ban', 'trump', 'travel', 'immigration', 'country', 'buildthewall', 'immigrationban', 'support_leader', 'america', 'muslim', 'support', 'refugee', 'immigrationban_maga', 'president', 'liberal']","[521099168, 712570632966266880, 712787233908981760, 712806143790174208, 720034834827972609, 722474829463457792]","ban,trump,muslim,bannon,white,security,house,call,lie,attack,terrorism,head,general,miller,muslimban,maga,americafirst,islam,wahhabism_daily,usa,buildthewall,donaldtrump,wahhabism,tcot,support,travelban,travel,immigration,country,immigrationban,support_leader,america,refugee,immigrationban_maga,president,liberal","ban,trump,muslim,bannon,white,security,house,call,lie,attack,terrorism,head,general,miller,muslimban,maga,americafirst,islam,wahhabism_daily,usa,buildthewall,donaldtrump,wahhabism,tcot,support","muslimban,muslim,maga,travelban,ban,trump,travel,immigration,country,buildthewall,immigrationban,support_leader,america,support,refugee,immigrationban_maga,president,liberal","{'US Immigration Policy': ['ban', 'muslim', 'muslimban', 'travelban', 'immigration', 'immigrationban', 'refugee', 'travel', 'country', 'immigrationban_maga'], 'Trump Administration': ['trump', 'bannon', 'white', 'house', 'miller', 'donaldtrump', 'president'], 'National Security and Terrorism': ['security', 'attack', 'terrorism', 'general', 'head', 'wahhabism', 'wahhabism_daily'], 'Political Ideologies and Movements': ['maga', 'americafirst', 'buildthewall', 'tcot', 'support', 'support_leader', 'america', 'liberal']}",US Immigration Policy.Trump Administration.National Security and Terrorism.Political Ideologies and Movements,"{'US Immigration Policy and National Security': ['ban', 'muslim', 'muslimban', 'security', 'terrorism', 'islam', 'wahhabism', 'wahhabism_daily', 'buildthewall'], 'Trump Administration and Political Figures': ['trump', 'bannon', 'white', 'house', 'call', 'lie', 'attack', 'head', 'general', 'miller', 'maga', 'americafirst', 'donaldtrump', 'usa', 'tcot', 'support']}",US Immigration Policy and National Security.Trump Administration and Political Figures,"{'US Immigration Policies': 'muslimban, travelban, ban, immigration, immigrationban, immigrationban_maga, refugee', 'Trump Administration': 'trump, maga, buildthewall, support_leader, president', 'Political Ideologies': 'muslim, america, support, liberal, country, travel'}",US Immigration Policies.Trump Administration.Political Ideologies
163,11,"['muslimban', 'nobannowall', 'trump', 'muslim', 'ban', 'refugee', 'refugeeswelcome', 'protest', 'law', 'people', 'support']",190,9,"['trump', 'ban', 'president', 'order', 'court', 'people', 'security']",12,"['muslimban', 'nobannowall', 'trump', 'refugee', 'muslim', 'ban', 'refugeeswelcome', 'protest', 'congress']",4,"['ban', 'trump', 'muslim', 'muslimban', 'refugee', 'trumps', 'order']","[773230604133564400, 813824414953381888, 814608019749306368]","muslimban,nobannowall,trump,muslim,ban,refugee,refugeeswelcome,protest,law,people,support,congress,president,order,court,security,trumps","muslimban,nobannowall,trump,muslim,ban,refugee,refugeeswelcome,protest,law,people,support,congress","trump,ban,president,order,court,people,security,muslim,muslimban,refugee,trumps","{'US Immigration Policy and Protests': 'muslimban, nobannowall, trump, muslim, ban, refugee, refugeeswelcome, protest, law, people, support, congress, president, order, court, security, trumps'}",US Immigration Policy and Protests,"{'US Immigration Policy and Public Response': 'muslimban, nobannowall, trump, muslim, ban, refugee, refugeeswelcome, protest, law, people, support, congress'}",US Immigration Policy and Public Response,"{'US Immigration Policy': 'trump, ban, president, order, court, people, security, muslim, muslimban, refugee, trumps'}",US Immigration Policy
164,1,"['ban', 'trump', 'muslim', 'bannon', 'white', 'security', 'house', 'call', 'lie', 'attack', 'terrorism', 'head', 'general', 'miller']",194,7,"['muslimban', 'muslim', 'maga', 'travelban']",12,"['muslimban', 'nobannowall', 'trump', 'refugee', 'muslim', 'ban', 'refugeeswelcome', 'protest', 'congress']",4,"['ban', 'trump', 'muslim', 'muslimban', 'refugee', 'trumps', 'order']","[37054076, 2945087081, 3091887712]","ban,trump,muslim,bannon,white,security,house,call,lie,attack,terrorism,head,general,miller,muslimban,nobannowall,refugee,refugeeswelcome,protest,congress,maga,travelban,trumps,order","ban,trump,muslim,bannon,white,security,house,call,lie,attack,terrorism,head,general,miller,muslimban,nobannowall,refugee,refugeeswelcome,protest,congress","muslimban,muslim,maga,travelban,ban,trump,refugee,trumps,order","{""Theme 1: Trump's Travel Ban and Related Controversies"": 'ban, trump, muslim, bannon, white, security, house, call, lie, attack, terrorism, head, general, miller, muslimban, nobannowall, refugee, refugeeswelcome, protest, congress, maga, travelban, trumps, order'}",Theme 1: Trump's Travel Ban and Related Controversies,"{'US Immigration Policy and Controversy': 'ban, trump, muslim, bannon, white, security, house, call, lie, attack, terrorism, head, general, miller, muslimban, nobannowall, refugee, refugeeswelcome, protest, congress'}",US Immigration Policy and Controversy,"{'US Immigration Policy': 'muslimban, travelban, ban, refugee, order', 'Trump Administration': 'trump, trumps, maga', 'Impact on Muslim Community': 'muslimban, muslim'}",US Immigration Policy.Trump Administration.Impact on Muslim Community
165,11,"['muslimban', 'nobannowall', 'trump', 'muslim', 'ban', 'refugee', 'refugeeswelcome', 'protest', 'law', 'people', 'support']",195,9,"['trump', 'ban', 'president', 'order', 'court', 'people', 'security']",12,"['muslimban', 'nobannowall', 'trump', 'refugee', 'muslim', 'ban', 'refugeeswelcome', 'protest', 'congress']",4,"['ban', 'trump', 'muslim', 'muslimban', 'refugee', 'trumps', 'order']","[102572648, 151600623, 1006954988]","muslimban,nobannowall,trump,muslim,ban,refugee,refugeeswelcome,protest,law,people,support,congress,president,order,court,security,trumps","muslimban,nobannowall,trump,muslim,ban,refugee,refugeeswelcome,protest,law,people,support,congress","trump,ban,president,order,court,people,security,muslim,muslimban,refugee,trumps","{'US Immigration Policy and Protests': 'muslimban, nobannowall, trump, muslim, ban, refugee, refugeeswelcome, protest, law, people, support, congress, president, order, court, security, trumps'}",US Immigration Policy and Protests,"{'US Immigration Policy and Public Response': 'muslimban, nobannowall, trump, muslim, ban, refugee, refugeeswelcome, protest, law, people, support, congress'}",US Immigration Policy and Public Response,"{'US Immigration Policy': 'trump, ban, president, order, court, people, security, muslim, muslimban, refugee, trumps'}",US Immigration Policy
166,9,"['ban', 'travel', 'trump', 'immigration', 'trumps', 'president', 'order', 'court', 'judge', 'appeal', 'donald', 'federal', 'block', 'rule', 'legal']",196,14,"['ban', 'travel', 'trump', 'immigration', 'trumps', 'order', 'court', 'judge', 'president', 'appeal', 'donald', 'federal']",10,"['ban', 'trump', 'travel', 'immigration', 'trumps', 'judge', 'order', 'president', 'court', 'donald', 'appeal', 'white_house', 'homeland_security', 'federal']",6,"['ban', 'travel', 'trump', 'immigration', 'trumps', 'order', 'court', 'judge', 'president', 'appeal', 'federal', 'block', 'rule', 'white_house', 'halt', 'justice_department']","[16929715, 44339519, 286163867, 825056962781941760]","ban,travel,trump,immigration,trumps,president,order,court,judge,appeal,donald,federal,block,rule,legal,white_house,homeland_security,halt,justice_department","ban,travel,trump,immigration,trumps,president,order,court,judge,appeal,donald,federal,block,rule,legal,white_house,homeland_security","ban,travel,trump,immigration,trumps,order,court,judge,president,appeal,donald,federal,block,rule,white_house,halt,justice_department","{'US Immigration Policy and Legal Challenges': 'ban, travel, trump, immigration, trumps, president, order, court, judge, appeal, donald, federal, block, rule, legal, white_house, homeland_security, halt, justice_department'}",US Immigration Policy and Legal Challenges,"{'US Immigration Policy': 'ban, travel, immigration, trumps, president, order, court, judge, appeal, donald, federal, block, rule, legal, white_house, homeland_security', 'Trump Administration Legal Challenges': 'trump, trumps, president, order, court, judge, appeal, donald, federal, block, rule, legal, white_house'}",US Immigration Policy.Trump Administration Legal Challenges,"{'US Immigration Policy and Legal Challenges': 'ban, travel, trump, immigration, trumps, order, court, judge, president, appeal, donald, federal, block, rule, white_house, halt, justice_department'}",US Immigration Policy and Legal Challenges
167,1,"['ban', 'trump', 'muslim', 'bannon', 'white', 'security', 'house', 'call', 'lie', 'attack', 'terrorism', 'head', 'general', 'miller']",197,2,"['nobannowall', 'muslimban', 'tntweeter', 'uslatino', 'heretostay', 'latism', 'inmigracion', 'notmore', 'immigration', 'refugeeswelcome', 'nomuslimban', 'refugee', 'niunomas', 'timeisnow', 'stand']",4,"['ban', 'trump', 'muslim', 'travel', 'trumps', 'white_house', 'attack']",4,"['ban', 'trump', 'muslim', 'muslimban', 'refugee', 'trumps', 'order']","[1336527348, 2852040209, 793916920080850945]","ban,trump,muslim,bannon,white,security,house,call,lie,attack,terrorism,head,general,miller,travel,trumps,white_house,nobannowall,muslimban,tntweeter,uslatino,heretostay,latism,inmigracion,notmore,immigration,refugeeswelcome,nomuslimban,refugee,niunomas,timeisnow,stand,order","ban,trump,muslim,bannon,white,security,house,call,lie,attack,terrorism,head,general,miller,travel,trumps,white_house","nobannowall,muslimban,tntweeter,uslatino,heretostay,latism,inmigracion,notmore,immigration,refugeeswelcome,nomuslimban,refugee,niunomas,timeisnow,stand,ban,trump,muslim,trumps,order","{'US Immigration Policy': 'ban, trump, muslim, bannon, white, security, house, call, lie, attack, terrorism, head, general, miller, travel, trumps, white_house, nobannowall, muslimban, tntweeter, uslatino, heretostay, latism, inmigracion, notmore, immigration, refugeeswelcome, nomuslimban, refugee, niunomas, timeisnow, stand, order'}",US Immigration Policy,"{'US Politics and Immigration Policy': 'ban, trump, muslim, bannon, white, security, house, call, lie, attack, terrorism, head, general, miller, travel, trumps, white_house'}",US Politics and Immigration Policy,"{'Immigration and Refugee Policies': ['nobannowall', 'muslimban', 'heretostay', 'inmigracion', 'immigration', 'refugeeswelcome', 'nomuslimban', 'refugee', 'ban', 'trump', 'muslim', 'trumps', 'order'], 'Social Media Activism': ['tntweeter', 'uslatino', 'latism', 'notmore', 'niunomas', 'timeisnow', 'stand']}",Immigration and Refugee Policies.Social Media Activism
168,11,"['muslimban', 'nobannowall', 'trump', 'muslim', 'ban', 'refugee', 'refugeeswelcome', 'protest', 'law', 'people', 'support']",198,2,"['nobannowall', 'muslimban', 'tntweeter', 'uslatino', 'heretostay', 'latism', 'inmigracion', 'notmore', 'immigration', 'refugeeswelcome', 'nomuslimban', 'refugee', 'niunomas', 'timeisnow', 'stand']",12,"['muslimban', 'nobannowall', 'trump', 'refugee', 'muslim', 'ban', 'refugeeswelcome', 'protest', 'congress']",4,"['ban', 'trump', 'muslim', 'muslimban', 'refugee', 'trumps', 'order']","[208711400, 242463076, 4699304792]","muslimban,nobannowall,trump,muslim,ban,refugee,refugeeswelcome,protest,law,people,support,congress,tntweeter,uslatino,heretostay,latism,inmigracion,notmore,immigration,nomuslimban,niunomas,timeisnow,stand,trumps,order","muslimban,nobannowall,trump,muslim,ban,refugee,refugeeswelcome,protest,law,people,support,congress","nobannowall,muslimban,tntweeter,uslatino,heretostay,latism,inmigracion,notmore,immigration,refugeeswelcome,nomuslimban,refugee,niunomas,timeisnow,stand,ban,trump,muslim,trumps,order","{'Immigration Policy and Protests': 'muslimban, nobannowall, trump, muslim, ban, refugee, refugeeswelcome, protest, law, people, support, congress, tntweeter, uslatino, heretostay, latism, inmigracion, notmore, immigration, nomuslimban, niunomas, timeisnow, stand, trumps, order'}",Immigration Policy and Protests,"{'US Immigration Policy and Public Response': 'muslimban, nobannowall, trump, muslim, ban, refugee, refugeeswelcome, protest, law, people, support, congress'}",US Immigration Policy and Public Response,"{'Immigration and Refugee Policies': ['nobannowall', 'muslimban', 'heretostay', 'inmigracion', 'immigration', 'refugeeswelcome', 'nomuslimban', 'refugee', 'ban', 'trump', 'muslim', 'trumps', 'order'], 'Social Media Activism': ['tntweeter', 'uslatino', 'latism', 'notmore', 'niunomas', 'timeisnow', 'stand']}",Immigration and Refugee Policies.Social Media Activism
169,11,"['muslimban', 'nobannowall', 'trump', 'muslim', 'ban', 'refugee', 'refugeeswelcome', 'protest', 'law', 'people', 'support']",199,2,"['nobannowall', 'muslimban', 'tntweeter', 'uslatino', 'heretostay', 'latism', 'inmigracion', 'notmore', 'immigration', 'refugeeswelcome', 'nomuslimban', 'refugee', 'niunomas', 'timeisnow', 'stand']",12,"['muslimban', 'nobannowall', 'trump', 'refugee', 'muslim', 'ban', 'refugeeswelcome', 'protest', 'congress']",13,"['nobannowall', 'muslimban', 'heretostay', 'nomuslimban', 'refugeeswelcome', 'refugee', 'protest']","[824285978412118016, 825407030617849900, 826887871436951552]","muslimban,nobannowall,trump,muslim,ban,refugee,refugeeswelcome,protest,law,people,support,congress,tntweeter,uslatino,heretostay,latism,inmigracion,notmore,immigration,nomuslimban,niunomas,timeisnow,stand","muslimban,nobannowall,trump,muslim,ban,refugee,refugeeswelcome,protest,law,people,support,congress","nobannowall,muslimban,tntweeter,uslatino,heretostay,latism,inmigracion,notmore,immigration,refugeeswelcome,nomuslimban,refugee,niunomas,timeisnow,stand,protest","{'US Immigration Policy and Protests': 'muslimban, nobannowall, trump, muslim, ban, refugee, refugeeswelcome, protest, law, people, support, congress, tntweeter, uslatino, heretostay, latism, inmigracion, notmore, immigration, nomuslimban, niunomas, timeisnow, stand'}",US Immigration Policy and Protests,"{'US Immigration Policy and Public Response': 'muslimban, nobannowall, trump, muslim, ban, refugee, refugeeswelcome, protest, law, people, support, congress'}",US Immigration Policy and Public Response,"{'Immigration and Refugee Advocacy': ['nobannowall', 'muslimban', 'uslatino', 'heretostay', 'latism', 'inmigracion', 'immigration', 'refugeeswelcome', 'nomuslimban', 'refugee', 'niunomas', 'timeisnow', 'stand', 'protest'], 'Social Media Activism': ['tntweeter', 'notmore']}",Immigration and Refugee Advocacy.Social Media Activism
170,11,"['muslimban', 'nobannowall', 'trump', 'muslim', 'ban', 'refugee', 'refugeeswelcome', 'protest', 'law', 'people', 'support']",200,2,"['nobannowall', 'muslimban', 'tntweeter', 'uslatino', 'heretostay', 'latism', 'inmigracion', 'notmore', 'immigration', 'refugeeswelcome', 'nomuslimban', 'refugee', 'niunomas', 'timeisnow', 'stand']",11,"['ban', 'travel', 'order', 'immigration', 'trump', 'president', 'court', 'trumps', 'federal', 'judge', 'executive', 'muslim', 'halt']",6,"['ban', 'travel', 'trump', 'immigration', 'trumps', 'order', 'court', 'judge', 'president', 'appeal', 'federal', 'block', 'rule', 'white_house', 'halt', 'justice_department']","[23477836, 700222688, 726770633867186176]","muslimban,nobannowall,trump,muslim,ban,refugee,refugeeswelcome,protest,law,people,support,travel,order,immigration,president,court,trumps,federal,judge,executive,halt,tntweeter,uslatino,heretostay,latism,inmigracion,notmore,nomuslimban,niunomas,timeisnow,stand,appeal,block,rule,white_house,justice_department","muslimban,nobannowall,trump,muslim,ban,refugee,refugeeswelcome,protest,law,people,support,travel,order,immigration,president,court,trumps,federal,judge,executive,halt","nobannowall,muslimban,tntweeter,uslatino,heretostay,latism,inmigracion,notmore,immigration,refugeeswelcome,nomuslimban,refugee,niunomas,timeisnow,stand,ban,travel,trump,trumps,order,court,judge,president,appeal,federal,block,rule,white_house,halt,justice_department","{'US Immigration Policy and Protests': 'muslimban, nobannowall, trump, muslim, ban, refugee, refugeeswelcome, protest, law, people, support, travel, order, immigration, president, court, trumps, federal, judge, executive, halt, tntweeter, uslatino, heretostay, latism, inmigracion, notmore, nomuslimban, niunomas, timeisnow, stand, appeal, block, rule, white_house, justice_department'}",US Immigration Policy and Protests,"{'US Immigration Policy and Protests': 'muslimban, nobannowall, trump, muslim, ban, refugee, refugeeswelcome, protest, law, people, support, travel, order, immigration, president, court, trumps, federal, judge, executive, halt'}",US Immigration Policy and Protests,"{'Immigration Policies and Protests': ['nobannowall', 'muslimban', 'heretostay', 'latism', 'inmigracion', 'notmore', 'immigration', 'refugeeswelcome', 'nomuslimban', 'refugee', 'niunomas', 'timeisnow', 'stand'], 'Legal and Political Actions': ['ban', 'travel', 'trump', 'trumps', 'order', 'court', 'judge', 'president', 'appeal', 'federal', 'block', 'rule', 'white_house', 'halt', 'justice_department'], 'Social Media and Activism': ['tntweeter', 'uslatino']}",Immigration Policies and Protests.Legal and Political Actions.Social Media and Activism
171,2,"['muslimban', 'maga', 'travelban', 'islam', 'usa', 'trump', 'liberal', 'americafirst', 'immigrationban', 'tcot', 'terrorist']",201,7,"['muslimban', 'muslim', 'maga', 'travelban']",1,"['muslimban', 'maga', 'americafirst', 'islam', 'wahhabism_daily', 'muslim', 'usa', 'buildthewall', 'donaldtrump', 'wahhabism', 'tcot', 'support']",0,"['muslimban', 'americafirst', 'maga', 'islam', 'tcot', 'usa', 'wahhabism_daily', 'dts_tcot', 'isis']","[810921504477184000, 823898698929340416, 825945285423722496, 826266721732423680, 826267946863427585, 826336652209569793, 827364695531220992]","muslimban,maga,travelban,islam,usa,trump,liberal,americafirst,immigrationban,tcot,terrorist,wahhabism_daily,muslim,buildthewall,donaldtrump,wahhabism,support,dts_tcot,isis","muslimban,maga,travelban,islam,usa,trump,liberal,americafirst,immigrationban,tcot,terrorist,wahhabism_daily,muslim,buildthewall,donaldtrump,wahhabism,support","muslimban,muslim,maga,travelban,americafirst,islam,tcot,usa,wahhabism_daily,dts_tcot,isis","{'US Immigration and National Security Policies': 'muslimban, travelban, immigrationban, buildthewall, americafirst, usa, trump, donaldtrump, maga, liberal, support, dts_tcot, tcot', 'Islam and Extremism': 'islam, muslim, wahhabism, wahhabism_daily, isis, terrorist'}",US Immigration and National Security Policies.Islam and Extremism,"{'US Immigration and Travel Policies': 'muslimban, travelban, immigrationban, buildthewall, americafirst', 'Political Ideologies and Movements': 'maga, liberal, tcot, support', 'Islam and Related Topics': 'islam, muslim, wahhabism, wahhabism_daily', 'Donald Trump and His Policies': 'usa, trump, donaldtrump'}",US Immigration and Travel Policies.Political Ideologies and Movements.Islam and Related Topics.Donald Trump and His Policies,"{'US Travel and Immigration Policies': 'muslimban, travelban, americafirst, usa', 'Islam and Extremism': 'muslim, islam, wahhabism_daily, isis', 'Political Movements and Ideologies': 'maga, tcot, dts_tcot'}",US Travel and Immigration Policies.Islam and Extremism.Political Movements and Ideologies
172,11,"['muslimban', 'nobannowall', 'trump', 'muslim', 'ban', 'refugee', 'refugeeswelcome', 'protest', 'law', 'people', 'support']",202,2,"['nobannowall', 'muslimban', 'tntweeter', 'uslatino', 'heretostay', 'latism', 'inmigracion', 'notmore', 'immigration', 'refugeeswelcome', 'nomuslimban', 'refugee', 'niunomas', 'timeisnow', 'stand']",12,"['muslimban', 'nobannowall', 'trump', 'refugee', 'muslim', 'ban', 'refugeeswelcome', 'protest', 'congress']",4,"['ban', 'trump', 'muslim', 'muslimban', 'refugee', 'trumps', 'order']","[28737527, 256624383, 825751565403238402]","muslimban,nobannowall,trump,muslim,ban,refugee,refugeeswelcome,protest,law,people,support,congress,tntweeter,uslatino,heretostay,latism,inmigracion,notmore,immigration,nomuslimban,niunomas,timeisnow,stand,trumps,order","muslimban,nobannowall,trump,muslim,ban,refugee,refugeeswelcome,protest,law,people,support,congress","nobannowall,muslimban,tntweeter,uslatino,heretostay,latism,inmigracion,notmore,immigration,refugeeswelcome,nomuslimban,refugee,niunomas,timeisnow,stand,ban,trump,muslim,trumps,order","{'Immigration and Refugee Policies': ['muslimban', 'nobannowall', 'trump', 'muslim', 'ban', 'refugee', 'refugeeswelcome', 'protest', 'law', 'people', 'support', 'congress', 'nomuslimban', 'order'], 'Social Movements and Activism': ['protest', 'support', 'people', 'stand', 'notmore', 'timeisnow', 'heretostay', 'niunomas'], 'Latino and Immigration Advocacy': ['uslatino', 'latism', 'inmigracion', 'heretostay', 'niunomas', 'timeisnow']}",Immigration and Refugee Policies.Social Movements and Activism.Latino and Immigration Advocacy,"{'US Immigration Policy and Public Response': 'muslimban, nobannowall, trump, muslim, ban, refugee, refugeeswelcome, protest, law, people, support, congress'}",US Immigration Policy and Public Response,"{'Immigration and Refugee Policies': ['nobannowall', 'muslimban', 'heretostay', 'inmigracion', 'immigration', 'refugeeswelcome', 'nomuslimban', 'refugee', 'ban', 'trump', 'muslim', 'trumps', 'order'], 'Social Media Activism': ['tntweeter', 'uslatino', 'latism', 'notmore', 'niunomas', 'timeisnow', 'stand']}",Immigration and Refugee Policies.Social Media Activism
173,11,"['muslimban', 'nobannowall', 'trump', 'muslim', 'ban', 'refugee', 'refugeeswelcome', 'protest', 'law', 'people', 'support']",203,9,"['trump', 'ban', 'president', 'order', 'court', 'people', 'security']",12,"['muslimban', 'nobannowall', 'trump', 'refugee', 'muslim', 'ban', 'refugeeswelcome', 'protest', 'congress']",4,"['ban', 'trump', 'muslim', 'muslimban', 'refugee', 'trumps', 'order']","[700661366064095200, 700661366064095232, 718561802787930100]","muslimban,nobannowall,trump,muslim,ban,refugee,refugeeswelcome,protest,law,people,support,congress,president,order,court,security,trumps","muslimban,nobannowall,trump,muslim,ban,refugee,refugeeswelcome,protest,law,people,support,congress","trump,ban,president,order,court,people,security,muslim,muslimban,refugee,trumps","{'US Immigration Policy and Protests': 'muslimban, nobannowall, trump, muslim, ban, refugee, refugeeswelcome, protest, law, people, support, congress, president, order, court, security, trumps'}",US Immigration Policy and Protests,"{'US Immigration Policy and Public Response': 'muslimban, nobannowall, trump, muslim, ban, refugee, refugeeswelcome, protest, law, people, support, congress'}",US Immigration Policy and Public Response,"{'US Immigration Policy': 'trump, ban, president, order, court, people, security, muslim, muslimban, refugee, trumps'}",US Immigration Policy
174,11,"['muslimban', 'nobannowall', 'trump', 'muslim', 'ban', 'refugee', 'refugeeswelcome', 'protest', 'law', 'people', 'support']",204,9,"['trump', 'ban', 'president', 'order', 'court', 'people', 'security']",12,"['muslimban', 'nobannowall', 'trump', 'refugee', 'muslim', 'ban', 'refugeeswelcome', 'protest', 'congress']",4,"['ban', 'trump', 'muslim', 'muslimban', 'refugee', 'trumps', 'order']","[1354570123, 815953820907958272, 818850758959493121]","muslimban,nobannowall,trump,muslim,ban,refugee,refugeeswelcome,protest,law,people,support,congress,president,order,court,security,trumps","muslimban,nobannowall,trump,muslim,ban,refugee,refugeeswelcome,protest,law,people,support,congress","trump,ban,president,order,court,people,security,muslim,muslimban,refugee,trumps","{'US Immigration Policy and Protests': 'muslimban, nobannowall, trump, muslim, ban, refugee, refugeeswelcome, protest, law, people, support, congress, president, order, court, security, trumps'}",US Immigration Policy and Protests,"{'US Immigration Policy and Public Response': 'muslimban, nobannowall, trump, muslim, ban, refugee, refugeeswelcome, protest, law, people, support, congress'}",US Immigration Policy and Public Response,"{'US Immigration Policy': 'trump, ban, president, order, court, people, security, muslim, muslimban, refugee, trumps'}",US Immigration Policy
175,11,"['muslimban', 'nobannowall', 'trump', 'muslim', 'ban', 'refugee', 'refugeeswelcome', 'protest', 'law', 'people', 'support']",205,9,"['trump', 'ban', 'president', 'order', 'court', 'people', 'security']",12,"['muslimban', 'nobannowall', 'trump', 'refugee', 'muslim', 'ban', 'refugeeswelcome', 'protest', 'congress']",4,"['ban', 'trump', 'muslim', 'muslimban', 'refugee', 'trumps', 'order']","[3359247453, 708895088416530400, 825317650481893376, 826864840010522624]","muslimban,nobannowall,trump,muslim,ban,refugee,refugeeswelcome,protest,law,people,support,congress,president,order,court,security,trumps","muslimban,nobannowall,trump,muslim,ban,refugee,refugeeswelcome,protest,law,people,support,congress","trump,ban,president,order,court,people,security,muslim,muslimban,refugee,trumps","{'US Immigration Policy and Protests': 'muslimban, nobannowall, trump, muslim, ban, refugee, refugeeswelcome, protest, law, people, support, congress, president, order, court, security, trumps'}",US Immigration Policy and Protests,"{'US Immigration Policy and Public Response': 'muslimban, nobannowall, trump, muslim, ban, refugee, refugeeswelcome, protest, law, people, support, congress'}",US Immigration Policy and Public Response,"{'US Immigration Policy': 'trump, ban, president, order, court, people, security, muslim, muslimban, refugee, trumps'}",US Immigration Policy
176,10,"['order', 'immigration', 'ban', 'travel', 'judge', 'executive', 'halt', 'country', 'muslim', 'poll', 'tweet', 'marine', 'iraq', 'comment']",206,14,"['ban', 'travel', 'trump', 'immigration', 'trumps', 'order', 'court', 'judge', 'president', 'appeal', 'donald', 'federal']",10,"['ban', 'trump', 'travel', 'immigration', 'trumps', 'judge', 'order', 'president', 'court', 'donald', 'appeal', 'white_house', 'homeland_security', 'federal']",12,"['travelban', 'maga', 'ban', 'trump', 'travel', 'immigration', 'country', 'buildthewall', 'immigrationban', 'support_leader', 'america', 'muslim', 'support', 'refugee', 'immigrationban_maga', 'president', 'liberal']","[220565116, 356003130, 373018802]","order,immigration,ban,travel,judge,executive,halt,country,muslim,poll,tweet,marine,iraq,comment,trump,trumps,president,court,donald,appeal,white_house,homeland_security,federal,travelban,maga,buildthewall,immigrationban,support_leader,america,support,refugee,immigrationban_maga,liberal","order,immigration,ban,travel,judge,executive,halt,country,muslim,poll,tweet,marine,iraq,comment,trump,trumps,president,court,donald,appeal,white_house,homeland_security,federal","ban,travel,trump,immigration,trumps,order,court,judge,president,appeal,donald,federal,travelban,maga,country,buildthewall,immigrationban,support_leader,america,muslim,support,refugee,immigrationban_maga,liberal","{'US Immigration Policy': 'order, immigration, ban, travel, executive, country, muslim, immigrationban, immigrationban_maga, refugee', 'Judicial and Executive Actions': 'judge, halt, court, appeal, federal', 'Trump Administration': 'trump, trumps, president, donald, white_house, homeland_security, maga, buildthewall, america', 'Public Opinion and Reactions': 'poll, tweet, comment, support_leader, support, liberal', 'Military and International Relations': 'marine, iraq'}",US Immigration Policy.Judicial and Executive Actions.Trump Administration.Public Opinion and Reactions.Military and International Relations,"{'US Immigration Policy and Legal Challenges': 'order, immigration, ban, travel, judge, executive, halt, country, muslim, court, appeal, federal', 'Trump Administration and Public Reaction': 'poll, tweet, comment, trump, trumps, president, donald, white_house, homeland_security', 'Military and International Relations': 'marine, iraq'}",US Immigration Policy and Legal Challenges.Trump Administration and Public Reaction.Military and International Relations,"{'US Immigration Policy': 'ban, travel, trump, immigration, trumps, order, court, judge, president, appeal, donald, federal, travelban, maga, country, buildthewall, immigrationban, support_leader, america, muslim, support, refugee, immigrationban_maga, liberal'}",US Immigration Policy
177,1,"['ban', 'trump', 'muslim', 'bannon', 'white', 'security', 'house', 'call', 'lie', 'attack', 'terrorism', 'head', 'general', 'miller']",207,9,"['trump', 'ban', 'president', 'order', 'court', 'people', 'security']",4,"['ban', 'trump', 'muslim', 'travel', 'trumps', 'white_house', 'attack']",4,"['ban', 'trump', 'muslim', 'muslimban', 'refugee', 'trumps', 'order']","[34755143, 187670429, 326048983, 539296723]","ban,trump,muslim,bannon,white,security,house,call,lie,attack,terrorism,head,general,miller,travel,trumps,white_house,president,order,court,people,muslimban,refugee","ban,trump,muslim,bannon,white,security,house,call,lie,attack,terrorism,head,general,miller,travel,trumps,white_house","trump,ban,president,order,court,people,security,muslim,muslimban,refugee,trumps","{'US Immigration Policy': 'ban, muslim, travel, refugee, muslimban, order, court', 'Trump Administration': 'trump, bannon, white, house, white_house, president, trumps, miller', 'National Security': 'security, attack, terrorism, general, head', 'Controversy and Criticism': 'call, lie, people'}",US Immigration Policy.Trump Administration.National Security.Controversy and Criticism,"{'US Politics and Immigration Policy': 'ban, trump, muslim, bannon, white, security, house, call, lie, attack, terrorism, head, general, miller, travel, trumps, white_house'}",US Politics and Immigration Policy,"{'US Immigration Policy': 'trump, ban, president, order, court, people, security, muslim, muslimban, refugee, trumps'}",US Immigration Policy
178,9,"['ban', 'travel', 'trump', 'immigration', 'trumps', 'president', 'order', 'court', 'judge', 'appeal', 'donald', 'federal', 'block', 'rule', 'legal']",209,14,"['ban', 'travel', 'trump', 'immigration', 'trumps', 'order', 'court', 'judge', 'president', 'appeal', 'donald', 'federal']",10,"['ban', 'trump', 'travel', 'immigration', 'trumps', 'judge', 'order', 'president', 'court', 'donald', 'appeal', 'white_house', 'homeland_security', 'federal']",6,"['ban', 'travel', 'trump', 'immigration', 'trumps', 'order', 'court', 'judge', 'president', 'appeal', 'federal', 'block', 'rule', 'white_house', 'halt', 'justice_department']","[111991658, 3111893971, 3300176232, 3532863973, 3607746313, 3886756453]","ban,travel,trump,immigration,trumps,president,order,court,judge,appeal,donald,federal,block,rule,legal,white_house,homeland_security,halt,justice_department","ban,travel,trump,immigration,trumps,president,order,court,judge,appeal,donald,federal,block,rule,legal,white_house,homeland_security","ban,travel,trump,immigration,trumps,order,court,judge,president,appeal,donald,federal,block,rule,white_house,halt,justice_department","{'US Immigration Policy and Legal Challenges': 'ban, travel, trump, immigration, trumps, president, order, court, judge, appeal, donald, federal, block, rule, legal, white_house, homeland_security, halt, justice_department'}",US Immigration Policy and Legal Challenges,"{'US Immigration Policy': 'ban, travel, immigration, trumps, president, order, court, judge, appeal, donald, federal, block, rule, legal, white_house, homeland_security', 'Trump Administration Legal Challenges': 'trump, trumps, president, order, court, judge, appeal, donald, federal, block, rule, legal, white_house'}",US Immigration Policy.Trump Administration Legal Challenges,"{'US Immigration Policy and Legal Challenges': 'ban, travel, trump, immigration, trumps, order, court, judge, president, appeal, donald, federal, block, rule, white_house, halt, justice_department'}",US Immigration Policy and Legal Challenges
179,11,"['muslimban', 'nobannowall', 'trump', 'muslim', 'ban', 'refugee', 'refugeeswelcome', 'protest', 'law', 'people', 'support']",211,9,"['trump', 'ban', 'president', 'order', 'court', 'people', 'security']",4,"['ban', 'trump', 'muslim', 'travel', 'trumps', 'white_house', 'attack']",4,"['ban', 'trump', 'muslim', 'muslimban', 'refugee', 'trumps', 'order']","[489315957, 2786554249, 3313880639]","muslimban,nobannowall,trump,muslim,ban,refugee,refugeeswelcome,protest,law,people,support,travel,trumps,white_house,attack,president,order,court,security","muslimban,nobannowall,trump,muslim,ban,refugee,refugeeswelcome,protest,law,people,support,travel,trumps,white_house,attack","trump,ban,president,order,court,people,security,muslim,muslimban,refugee,trumps","{'US Travel Ban Controversy': 'muslimban, nobannowall, trump, muslim, ban, refugee, refugeeswelcome, protest, law, people, support, travel, trumps, white_house, attack, president, order, court, security'}",US Travel Ban Controversy,"{'US Immigration Policy and Protests': 'muslimban, nobannowall, trump, muslim, ban, refugee, refugeeswelcome, protest, law, people, support, travel, trumps, white_house, attack'}",US Immigration Policy and Protests,"{'US Immigration Policy': 'trump, ban, president, order, court, people, security, muslim, muslimban, refugee, trumps'}",US Immigration Policy
180,9,"['ban', 'travel', 'trump', 'immigration', 'trumps', 'president', 'order', 'court', 'judge', 'appeal', 'donald', 'federal', 'block', 'rule', 'legal']",212,14,"['ban', 'travel', 'trump', 'immigration', 'trumps', 'order', 'court', 'judge', 'president', 'appeal', 'donald', 'federal']",10,"['ban', 'trump', 'travel', 'immigration', 'trumps', 'judge', 'order', 'president', 'court', 'donald', 'appeal', 'white_house', 'homeland_security', 'federal']",4,"['ban', 'trump', 'muslim', 'muslimban', 'refugee', 'trumps', 'order']","[4362459267, 720548140986867700, 754501099533377536, 764493524154941440, 820733943137927200]","ban,travel,trump,immigration,trumps,president,order,court,judge,appeal,donald,federal,block,rule,legal,white_house,homeland_security,muslim,muslimban,refugee","ban,travel,trump,immigration,trumps,president,order,court,judge,appeal,donald,federal,block,rule,legal,white_house,homeland_security","ban,travel,trump,immigration,trumps,order,court,judge,president,appeal,donald,federal,muslim,muslimban,refugee","{'US Immigration Policy and Legal Challenges': 'ban, travel, trump, immigration, trumps, president, order, court, judge, appeal, donald, federal, block, rule, legal, white_house, homeland_security, muslim, muslimban, refugee'}",US Immigration Policy and Legal Challenges,"{'US Immigration Policy': 'ban, travel, immigration, trumps, president, order, court, judge, appeal, donald, federal, block, rule, legal, white_house, homeland_security', 'Trump Administration Legal Challenges': 'trump, trumps, president, order, court, judge, appeal, donald, federal, block, rule, legal, white_house'}",US Immigration Policy.Trump Administration Legal Challenges,"{'US Immigration Policy': 'ban, travel, trump, immigration, trumps, order, court, judge, president, appeal, donald, federal, muslim, muslimban, refugee'}",US Immigration Policy
181,11,"['muslimban', 'nobannowall', 'trump', 'muslim', 'ban', 'refugee', 'refugeeswelcome', 'protest', 'law', 'people', 'support']",214,2,"['nobannowall', 'muslimban', 'tntweeter', 'uslatino', 'heretostay', 'latism', 'inmigracion', 'notmore', 'immigration', 'refugeeswelcome', 'nomuslimban', 'refugee', 'niunomas', 'timeisnow', 'stand']",13,"['theresistance', 'resist', 'nobannowall', 'impeachtrump', 'impeachtrump_impeachtrumpnow', 'resistance', 'trump']",7,"['muslimban', 'resist', 'theresistance', 'dworkinreport', 'nodapl', 'impeachtrump']","[16156992, 17859339, 38995782, 824458268420476900]","muslimban,nobannowall,trump,muslim,ban,refugee,refugeeswelcome,protest,law,people,support,theresistance,resist,impeachtrump,impeachtrump_impeachtrumpnow,resistance,tntweeter,uslatino,heretostay,latism,inmigracion,notmore,immigration,nomuslimban,niunomas,timeisnow,stand,dworkinreport,nodapl","muslimban,nobannowall,trump,muslim,ban,refugee,refugeeswelcome,protest,law,people,support,theresistance,resist,impeachtrump,impeachtrump_impeachtrumpnow,resistance","nobannowall,muslimban,tntweeter,uslatino,heretostay,latism,inmigracion,notmore,immigration,refugeeswelcome,nomuslimban,refugee,niunomas,timeisnow,stand,resist,theresistance,dworkinreport,nodapl,impeachtrump","{'US Immigration and Refugee Policies': 'muslimban, nobannowall, trump, muslim, ban, refugee, refugeeswelcome, protest, law, people, support, theresistance, resist, impeachtrump, impeachtrump_impeachtrumpnow, resistance, tntweeter, uslatino, heretostay, latism, inmigracion, notmore, immigration, nomuslimban, niunomas, timeisnow, stand, dworkinreport, nodapl'}",US Immigration and Refugee Policies,"{'US Immigration Policy and Public Response': 'muslimban, nobannowall, trump, muslim, ban, refugee, refugeeswelcome, protest, law, people, support, theresistance, resist, impeachtrump, impeachtrump_impeachtrumpnow, resistance'}",US Immigration Policy and Public Response,"{'Immigration and Refugee Advocacy': ['nobannowall', 'muslimban', 'uslatino', 'heretostay', 'latism', 'inmigracion', 'immigration', 'refugeeswelcome', 'nomuslimban', 'refugee', 'niunomas', 'timeisnow'], 'Political Resistance and Activism': ['tntweeter', 'notmore', 'stand', 'resist', 'theresistance', 'dworkinreport', 'nodapl', 'impeachtrump']}",Immigration and Refugee Advocacy.Political Resistance and Activism
182,11,"['muslimban', 'nobannowall', 'trump', 'muslim', 'ban', 'refugee', 'refugeeswelcome', 'protest', 'law', 'people', 'support']",215,14,"['ban', 'travel', 'trump', 'immigration', 'trumps', 'order', 'court', 'judge', 'president', 'appeal', 'donald', 'federal']",4,"['ban', 'trump', 'muslim', 'travel', 'trumps', 'white_house', 'attack']",4,"['ban', 'trump', 'muslim', 'muslimban', 'refugee', 'trumps', 'order']","[18736204, 55622624, 733329383293751296]","muslimban,nobannowall,trump,muslim,ban,refugee,refugeeswelcome,protest,law,people,support,travel,trumps,white_house,attack,immigration,order,court,judge,president,appeal,donald,federal","muslimban,nobannowall,trump,muslim,ban,refugee,refugeeswelcome,protest,law,people,support,travel,trumps,white_house,attack","ban,travel,trump,immigration,trumps,order,court,judge,president,appeal,donald,federal,muslim,muslimban,refugee","{'US Immigration Policy and Protests': 'muslimban, nobannowall, trump, muslim, ban, refugee, refugeeswelcome, protest, law, people, support, travel, trumps, white_house, attack, immigration, order, court, judge, president, appeal, donald, federal'}",US Immigration Policy and Protests,"{'US Immigration Policy and Protests': 'muslimban, nobannowall, trump, muslim, ban, refugee, refugeeswelcome, protest, law, people, support, travel, trumps, white_house, attack'}",US Immigration Policy and Protests,"{'US Immigration Policy': 'ban, travel, trump, immigration, trumps, order, court, judge, president, appeal, donald, federal, muslim, muslimban, refugee'}",US Immigration Policy
183,9,"['ban', 'travel', 'trump', 'immigration', 'trumps', 'president', 'order', 'court', 'judge', 'appeal', 'donald', 'federal', 'block', 'rule', 'legal']",216,14,"['ban', 'travel', 'trump', 'immigration', 'trumps', 'order', 'court', 'judge', 'president', 'appeal', 'donald', 'federal']",10,"['ban', 'trump', 'travel', 'immigration', 'trumps', 'judge', 'order', 'president', 'court', 'donald', 'appeal', 'white_house', 'homeland_security', 'federal']",4,"['ban', 'trump', 'muslim', 'muslimban', 'refugee', 'trumps', 'order']","[38126579, 716743071883341824, 814503149427826688]","ban,travel,trump,immigration,trumps,president,order,court,judge,appeal,donald,federal,block,rule,legal,white_house,homeland_security,muslim,muslimban,refugee","ban,travel,trump,immigration,trumps,president,order,court,judge,appeal,donald,federal,block,rule,legal,white_house,homeland_security","ban,travel,trump,immigration,trumps,order,court,judge,president,appeal,donald,federal,muslim,muslimban,refugee","{'US Immigration Policy and Legal Challenges': 'ban, travel, trump, immigration, trumps, president, order, court, judge, appeal, donald, federal, block, rule, legal, white_house, homeland_security, muslim, muslimban, refugee'}",US Immigration Policy and Legal Challenges,"{'US Immigration Policy': 'ban, travel, immigration, trumps, president, order, court, judge, appeal, donald, federal, block, rule, legal, white_house, homeland_security', 'Trump Administration Legal Challenges': 'trump, trumps, president, order, court, judge, appeal, donald, federal, block, rule, legal, white_house'}",US Immigration Policy.Trump Administration Legal Challenges,"{'US Immigration Policy': 'ban, travel, trump, immigration, trumps, order, court, judge, president, appeal, donald, federal, muslim, muslimban, refugee'}",US Immigration Policy
184,9,"['ban', 'travel', 'trump', 'immigration', 'trumps', 'president', 'order', 'court', 'judge', 'appeal', 'donald', 'federal', 'block', 'rule', 'legal']",218,14,"['ban', 'travel', 'trump', 'immigration', 'trumps', 'order', 'court', 'judge', 'president', 'appeal', 'donald', 'federal']",10,"['ban', 'trump', 'travel', 'immigration', 'trumps', 'judge', 'order', 'president', 'court', 'donald', 'appeal', 'white_house', 'homeland_security', 'federal']",6,"['ban', 'travel', 'trump', 'immigration', 'trumps', 'order', 'court', 'judge', 'president', 'appeal', 'federal', 'block', 'rule', 'white_house', 'halt', 'justice_department']","[342789658, 1917411888, 2225149112, 3160436191, 785695115981357056]","ban,travel,trump,immigration,trumps,president,order,court,judge,appeal,donald,federal,block,rule,legal,white_house,homeland_security,halt,justice_department","ban,travel,trump,immigration,trumps,president,order,court,judge,appeal,donald,federal,block,rule,legal,white_house,homeland_security","ban,travel,trump,immigration,trumps,order,court,judge,president,appeal,donald,federal,block,rule,white_house,halt,justice_department","{'US Immigration Policy': 'ban, travel, trump, immigration, trumps, president, order, court, judge, appeal, donald, federal, block, rule, legal, white_house, homeland_security, halt, justice_department'}",US Immigration Policy,"{'US Immigration Policy': 'ban, travel, immigration, trumps, president, order, court, judge, appeal, donald, federal, block, rule, legal, white_house, homeland_security', 'Trump Administration Legal Challenges': 'trump, trumps, president, order, court, judge, appeal, donald, federal, block, rule, legal, white_house'}",US Immigration Policy.Trump Administration Legal Challenges,"{'US Immigration Policy and Legal Challenges': 'ban, travel, trump, immigration, trumps, order, court, judge, president, appeal, donald, federal, block, rule, white_house, halt, justice_department'}",US Immigration Policy and Legal Challenges
185,11,"['muslimban', 'nobannowall', 'trump', 'muslim', 'ban', 'refugee', 'refugeeswelcome', 'protest', 'law', 'people', 'support']",220,7,"['muslimban', 'muslim', 'maga', 'travelban']",12,"['muslimban', 'nobannowall', 'trump', 'refugee', 'muslim', 'ban', 'refugeeswelcome', 'protest', 'congress']",4,"['ban', 'trump', 'muslim', 'muslimban', 'refugee', 'trumps', 'order']","[194594772, 2240363596, 2257404578, 723177144470409216, 805968799031758849]","muslimban,nobannowall,trump,muslim,ban,refugee,refugeeswelcome,protest,law,people,support,congress,maga,travelban,trumps,order","muslimban,nobannowall,trump,muslim,ban,refugee,refugeeswelcome,protest,law,people,support,congress","muslimban,muslim,maga,travelban,ban,trump,refugee,trumps,order","{'US Travel Ban Controversy': 'muslimban, nobannowall, trump, muslim, ban, refugee, refugeeswelcome, protest, law, people, support, congress, maga, travelban, trumps, order'}",US Travel Ban Controversy,"{'US Immigration Policy and Public Response': 'muslimban, nobannowall, trump, muslim, ban, refugee, refugeeswelcome, protest, law, people, support, congress'}",US Immigration Policy and Public Response,"{'US Immigration Policy': 'muslimban, travelban, ban, refugee, order', 'Trump Administration': 'trump, trumps, maga', 'Impact on Muslim Community': 'muslimban, muslim'}",US Immigration Policy.Trump Administration.Impact on Muslim Community
186,11,"['muslimban', 'nobannowall', 'trump', 'muslim', 'ban', 'refugee', 'refugeeswelcome', 'protest', 'law', 'people', 'support']",221,9,"['trump', 'ban', 'president', 'order', 'court', 'people', 'security']",12,"['muslimban', 'nobannowall', 'trump', 'refugee', 'muslim', 'ban', 'refugeeswelcome', 'protest', 'congress']",4,"['ban', 'trump', 'muslim', 'muslimban', 'refugee', 'trumps', 'order']","[3078355733, 826091470373404700, 826093225668726800, 826136373186936834, 826362538296123400, 826602456536797184, 826841987189862400]","muslimban,nobannowall,trump,muslim,ban,refugee,refugeeswelcome,protest,law,people,support,congress,president,order,court,security,trumps","muslimban,nobannowall,trump,muslim,ban,refugee,refugeeswelcome,protest,law,people,support,congress","trump,ban,president,order,court,people,security,muslim,muslimban,refugee,trumps","{'US Immigration Policy and Protests': 'muslimban, nobannowall, trump, muslim, ban, refugee, refugeeswelcome, protest, law, people, support, congress, president, order, court, security, trumps'}",US Immigration Policy and Protests,"{'US Immigration Policy and Public Response': 'muslimban, nobannowall, trump, muslim, ban, refugee, refugeeswelcome, protest, law, people, support, congress'}",US Immigration Policy and Public Response,"{'US Immigration Policy': 'trump, ban, president, order, court, people, security, muslim, muslimban, refugee, trumps'}",US Immigration Policy
187,11,"['muslimban', 'nobannowall', 'trump', 'muslim', 'ban', 'refugee', 'refugeeswelcome', 'protest', 'law', 'people', 'support']",222,9,"['trump', 'ban', 'president', 'order', 'court', 'people', 'security']",12,"['muslimban', 'nobannowall', 'trump', 'refugee', 'muslim', 'ban', 'refugeeswelcome', 'protest', 'congress']",4,"['ban', 'trump', 'muslim', 'muslimban', 'refugee', 'trumps', 'order']","[76093, 24854898, 3220868690]","muslimban,nobannowall,trump,muslim,ban,refugee,refugeeswelcome,protest,law,people,support,congress,president,order,court,security,trumps","muslimban,nobannowall,trump,muslim,ban,refugee,refugeeswelcome,protest,law,people,support,congress","trump,ban,president,order,court,people,security,muslim,muslimban,refugee,trumps","{'US Immigration Policy and Protests': 'muslimban, nobannowall, trump, muslim, ban, refugee, refugeeswelcome, protest, law, people, support, congress, president, order, court, security, trumps'}",US Immigration Policy and Protests,"{'US Immigration Policy and Public Response': 'muslimban, nobannowall, trump, muslim, ban, refugee, refugeeswelcome, protest, law, people, support, congress'}",US Immigration Policy and Public Response,"{'US Immigration Policy': 'trump, ban, president, order, court, people, security, muslim, muslimban, refugee, trumps'}",US Immigration Policy
189,9,"['ban', 'travel', 'trump', 'immigration', 'trumps', 'president', 'order', 'court', 'judge', 'appeal', 'donald', 'federal', 'block', 'rule', 'legal']",223,14,"['ban', 'travel', 'trump', 'immigration', 'trumps', 'order', 'court', 'judge', 'president', 'appeal', 'donald', 'federal']",10,"['ban', 'trump', 'travel', 'immigration', 'trumps', 'judge', 'order', 'president', 'court', 'donald', 'appeal', 'white_house', 'homeland_security', 'federal']",6,"['ban', 'travel', 'trump', 'immigration', 'trumps', 'order', 'court', 'judge', 'president', 'appeal', 'federal', 'block', 'rule', 'white_house', 'halt', 'justice_department']","[14085040, 15736836, 118362962]","ban,travel,trump,immigration,trumps,president,order,court,judge,appeal,donald,federal,block,rule,legal,white_house,homeland_security,halt,justice_department","ban,travel,trump,immigration,trumps,president,order,court,judge,appeal,donald,federal,block,rule,legal,white_house,homeland_security","ban,travel,trump,immigration,trumps,order,court,judge,president,appeal,donald,federal,block,rule,white_house,halt,justice_department","{'US Immigration Policy and Legal Challenges': 'ban, travel, trump, immigration, trumps, president, order, court, judge, appeal, donald, federal, block, rule, legal, white_house, homeland_security, halt, justice_department'}",US Immigration Policy and Legal Challenges,"{'US Immigration Policy': 'ban, travel, immigration, trumps, president, order, court, judge, appeal, donald, federal, block, rule, legal, white_house, homeland_security', 'Trump Administration Legal Challenges': 'trump, trumps, president, order, court, judge, appeal, donald, federal, block, rule, legal, white_house'}",US Immigration Policy.Trump Administration Legal Challenges,"{'US Immigration Policy and Legal Challenges': 'ban, travel, trump, immigration, trumps, order, court, judge, president, appeal, donald, federal, block, rule, white_house, halt, justice_department'}",US Immigration Policy and Legal Challenges
190,11,"['muslimban', 'nobannowall', 'trump', 'muslim', 'ban', 'refugee', 'refugeeswelcome', 'protest', 'law', 'people', 'support']",225,7,"['muslimban', 'muslim', 'maga', 'travelban']",11,"['ban', 'travel', 'order', 'immigration', 'trump', 'president', 'court', 'trumps', 'federal', 'judge', 'executive', 'muslim', 'halt']",12,"['travelban', 'maga', 'ban', 'trump', 'travel', 'immigration', 'country', 'buildthewall', 'immigrationban', 'support_leader', 'america', 'muslim', 'support', 'refugee', 'immigrationban_maga', 'president', 'liberal']","[88951664, 720008230412410885, 720008230412410900]","muslimban,nobannowall,trump,muslim,ban,refugee,refugeeswelcome,protest,law,people,support,travel,order,immigration,president,court,trumps,federal,judge,executive,halt,maga,travelban,country,buildthewall,immigrationban,support_leader,america,immigrationban_maga,liberal","muslimban,nobannowall,trump,muslim,ban,refugee,refugeeswelcome,protest,law,people,support,travel,order,immigration,president,court,trumps,federal,judge,executive,halt","muslimban,muslim,maga,travelban,ban,trump,travel,immigration,country,buildthewall,immigrationban,support_leader,america,support,refugee,immigrationban_maga,president,liberal","{'Immigration Policy and Protests': 'muslimban, nobannowall, trump, muslim, ban, refugee, refugeeswelcome, protest, law, people, support, travel, order, immigration, president, court, trumps, federal, judge, executive, halt, maga, travelban, country, buildthewall, immigrationban, support_leader, america, immigrationban_maga, liberal'}",Immigration Policy and Protests,"{'US Immigration Policy and Protests': 'muslimban, nobannowall, trump, muslim, ban, refugee, refugeeswelcome, protest, law, people, support, travel, order, immigration, president, court, trumps, federal, judge, executive, halt'}",US Immigration Policy and Protests,"{'US Immigration Policies': 'muslimban, travelban, ban, immigration, immigrationban, immigrationban_maga, refugee', 'Trump Administration': 'trump, maga, buildthewall, support_leader, president', 'Political Ideologies': 'muslim, america, support, liberal, country, travel'}",US Immigration Policies.Trump Administration.Political Ideologies
191,14,"['maddow', 'amjoy', 'stillwithher', 'imwithher', 'strongertogether', 'gaga']",226,9,"['trump', 'ban', 'president', 'order', 'court', 'people', 'security']",12,"['muslimban', 'nobannowall', 'trump', 'refugee', 'muslim', 'ban', 'refugeeswelcome', 'protest', 'congress']",4,"['ban', 'trump', 'muslim', 'muslimban', 'refugee', 'trumps', 'order']","[20738289, 782571303798771716, 823689986373455873]","maddow,amjoy,stillwithher,imwithher,strongertogether,gaga,muslimban,nobannowall,trump,refugee,muslim,ban,refugeeswelcome,protest,congress,president,order,court,people,security,trumps","maddow,amjoy,stillwithher,imwithher,strongertogether,gaga,muslimban,nobannowall,trump,refugee,muslim,ban,refugeeswelcome,protest,congress","trump,ban,president,order,court,people,security,muslim,muslimban,refugee,trumps","{'US Political Climate and Protests': 'maddow, amjoy, stillwithher, imwithher, strongertogether, trump, congress, president, trumps', 'Immigration and Refugee Policies': 'muslimban, nobannowall, refugee, muslim, ban, refugeeswelcome, protest, order, court, people, security', 'Celebrity Activism': 'gaga'}",US Political Climate and Protests.Immigration and Refugee Policies.Celebrity Activism,"{'Political Resistance and Advocacy': ['maddow', 'amjoy', 'stillwithher', 'imwithher', 'strongertogether', 'trump', 'congress'], 'Celebrity Activism': ['gaga'], 'Immigration and Refugee Issues': ['muslimban', 'nobannowall', 'refugee', 'muslim', 'ban', 'refugeeswelcome', 'protest']}",Political Resistance and Advocacy.Celebrity Activism.Immigration and Refugee Issues,"{'US Immigration Policy': 'trump, ban, president, order, court, people, security, muslim, muslimban, refugee, trumps'}",US Immigration Policy
192,11,"['muslimban', 'nobannowall', 'trump', 'muslim', 'ban', 'refugee', 'refugeeswelcome', 'protest', 'law', 'people', 'support']",227,0,"['brother', 'criminal', 'dtmag', 'big', 'black', 'alternativefact', 'ngo', 'web', 'georgesoros', 'unraveling', 'sister', 'makeamericagreatagain', 'robe', 'arduously']",12,"['muslimban', 'nobannowall', 'trump', 'refugee', 'muslim', 'ban', 'refugeeswelcome', 'protest', 'congress']",12,"['travelban', 'maga', 'ban', 'trump', 'travel', 'immigration', 'country', 'buildthewall', 'immigrationban', 'support_leader', 'america', 'muslim', 'support', 'refugee', 'immigrationban_maga', 'president', 'liberal']","[16174163, 48111419, 374932849]","muslimban,nobannowall,trump,muslim,ban,refugee,refugeeswelcome,protest,law,people,support,congress,brother,criminal,dtmag,big,black,alternativefact,ngo,web,georgesoros,unraveling,sister,makeamericagreatagain,robe,arduously,travelban,maga,travel,immigration,country,buildthewall,immigrationban,support_leader,america,immigrationban_maga,president,liberal","muslimban,nobannowall,trump,muslim,ban,refugee,refugeeswelcome,protest,law,people,support,congress","brother,criminal,dtmag,big,black,alternativefact,ngo,web,georgesoros,unraveling,sister,makeamericagreatagain,robe,arduously,travelban,maga,ban,trump,travel,immigration,country,buildthewall,immigrationban,support_leader,america,muslim,support,refugee,immigrationban_maga,president,liberal","{'US Immigration Policy and Protests': 'muslimban, nobannowall, trump, muslim, ban, refugee, refugeeswelcome, protest, law, people, support, congress, travelban, travel, immigration, country, buildthewall, immigrationban, immigrationban_maga, president, liberal, america, makeamericagreatagain, maga', 'Political and Social Movements': 'brother, criminal, dtmag, big, black, alternativefact, ngo, web, georgesoros, unraveling, sister, robe, arduously, support_leader'}",US Immigration Policy and Protests.Political and Social Movements,"{'US Immigration Policy and Public Response': 'muslimban, nobannowall, trump, muslim, ban, refugee, refugeeswelcome, protest, law, people, support, congress'}",US Immigration Policy and Public Response,"{'US Immigration and Politics': 'travelban, maga, ban, trump, travel, immigration, country, buildthewall, immigrationban, immigrationban_maga, america, muslim, refugee, president', 'Political Support and Opposition': 'support_leader, support, liberal', 'Conspiracy Theories and Misinformation': 'alternativefact, georgesoros, unraveling', 'Family and Relationships': 'brother, sister', 'Media and Communication': 'dtmag, web', 'Fashion and Attire': 'big, black, robe', 'Non-Governmental Organizations': 'ngo', 'Effort and Hard Work': 'arduously'}",US Immigration and Politics.Political Support and Opposition.Conspiracy Theories and Misinformation.Family and Relationships.Media and Communication.Fashion and Attire.Non-Governmental Organizations.Effort and Hard Work
193,2,"['muslimban', 'maga', 'travelban', 'islam', 'usa', 'trump', 'liberal', 'americafirst', 'immigrationban', 'tcot', 'terrorist']",228,9,"['trump', 'ban', 'president', 'order', 'court', 'people', 'security']",12,"['muslimban', 'nobannowall', 'trump', 'refugee', 'muslim', 'ban', 'refugeeswelcome', 'protest', 'congress']",4,"['ban', 'trump', 'muslim', 'muslimban', 'refugee', 'trumps', 'order']","[24677397, 1619798160, 2577636960]","muslimban,maga,travelban,islam,usa,trump,liberal,americafirst,immigrationban,tcot,terrorist,nobannowall,refugee,muslim,ban,refugeeswelcome,protest,congress,president,order,court,people,security,trumps","muslimban,maga,travelban,islam,usa,trump,liberal,americafirst,immigrationban,tcot,terrorist,nobannowall,refugee,muslim,ban,refugeeswelcome,protest,congress","trump,ban,president,order,court,people,security,muslim,muslimban,refugee,trumps","{'US Immigration Policy and Muslim Ban': 'muslimban, travelban, immigrationban, muslim, islam, usa, trump, americafirst, nobannowall, refugeeswelcome, protest, congress, president, order, court, security, trumps', 'Political Ideologies and Movements': 'maga, liberal, tcot, protest, congress, president, people'}",US Immigration Policy and Muslim Ban.Political Ideologies and Movements,"{'US Immigration Policy and Protests': 'muslimban, maga, travelban, islam, usa, trump, liberal, americafirst, immigrationban, tcot, terrorist, nobannowall, refugee, muslim, ban, refugeeswelcome, protest, congress'}",US Immigration Policy and Protests,"{'US Immigration Policy': 'trump, ban, president, order, court, people, security, muslim, muslimban, refugee, trumps'}",US Immigration Policy
194,9,"['ban', 'travel', 'trump', 'immigration', 'trumps', 'president', 'order', 'court', 'judge', 'appeal', 'donald', 'federal', 'block', 'rule', 'legal']",230,14,"['ban', 'travel', 'trump', 'immigration', 'trumps', 'order', 'court', 'judge', 'president', 'appeal', 'donald', 'federal']",10,"['ban', 'trump', 'travel', 'immigration', 'trumps', 'judge', 'order', 'president', 'court', 'donald', 'appeal', 'white_house', 'homeland_security', 'federal']",6,"['ban', 'travel', 'trump', 'immigration', 'trumps', 'order', 'court', 'judge', 'president', 'appeal', 'federal', 'block', 'rule', 'white_house', 'halt', 'justice_department']","[242696106, 257277393, 330826792]","ban,travel,trump,immigration,trumps,president,order,court,judge,appeal,donald,federal,block,rule,legal,white_house,homeland_security,halt,justice_department","ban,travel,trump,immigration,trumps,president,order,court,judge,appeal,donald,federal,block,rule,legal,white_house,homeland_security","ban,travel,trump,immigration,trumps,order,court,judge,president,appeal,donald,federal,block,rule,white_house,halt,justice_department","{'US Immigration Policy and Legal Challenges': 'ban, travel, trump, immigration, trumps, president, order, court, judge, appeal, donald, federal, block, rule, legal, white_house, homeland_security, halt, justice_department'}",US Immigration Policy and Legal Challenges,"{'US Immigration Policy': 'ban, travel, immigration, trumps, president, order, court, judge, appeal, donald, federal, block, rule, legal, white_house, homeland_security', 'Trump Administration Legal Challenges': 'trump, trumps, president, order, court, judge, appeal, donald, federal, block, rule, legal, white_house'}",US Immigration Policy.Trump Administration Legal Challenges,"{'US Immigration Policy and Legal Challenges': 'ban, travel, trump, immigration, trumps, order, court, judge, president, appeal, donald, federal, block, rule, white_house, halt, justice_department'}",US Immigration Policy and Legal Challenges
195,9,"['ban', 'travel', 'trump', 'immigration', 'trumps', 'president', 'order', 'court', 'judge', 'appeal', 'donald', 'federal', 'block', 'rule', 'legal']",231,14,"['ban', 'travel', 'trump', 'immigration', 'trumps', 'order', 'court', 'judge', 'president', 'appeal', 'donald', 'federal']",10,"['ban', 'trump', 'travel', 'immigration', 'trumps', 'judge', 'order', 'president', 'court', 'donald', 'appeal', 'white_house', 'homeland_security', 'federal']",6,"['ban', 'travel', 'trump', 'immigration', 'trumps', 'order', 'court', 'judge', 'president', 'appeal', 'federal', 'block', 'rule', 'white_house', 'halt', 'justice_department']","[374102346, 544874430, 1327843160]","ban,travel,trump,immigration,trumps,president,order,court,judge,appeal,donald,federal,block,rule,legal,white_house,homeland_security,halt,justice_department","ban,travel,trump,immigration,trumps,president,order,court,judge,appeal,donald,federal,block,rule,legal,white_house,homeland_security","ban,travel,trump,immigration,trumps,order,court,judge,president,appeal,donald,federal,block,rule,white_house,halt,justice_department","{'US Immigration Policy and Legal Challenges': 'ban, travel, trump, immigration, trumps, president, order, court, judge, appeal, donald, federal, block, rule, legal, white_house, homeland_security, halt, justice_department'}",US Immigration Policy and Legal Challenges,"{'US Immigration Policy': 'ban, travel, immigration, trumps, president, order, court, judge, appeal, donald, federal, block, rule, legal, white_house, homeland_security', 'Trump Administration Legal Challenges': 'trump, trumps, president, order, court, judge, appeal, donald, federal, block, rule, legal, white_house'}",US Immigration Policy.Trump Administration Legal Challenges,"{'US Immigration Policy and Legal Challenges': 'ban, travel, trump, immigration, trumps, order, court, judge, president, appeal, donald, federal, block, rule, white_house, halt, justice_department'}",US Immigration Policy and Legal Challenges
196,11,"['muslimban', 'nobannowall', 'trump', 'muslim', 'ban', 'refugee', 'refugeeswelcome', 'protest', 'law', 'people', 'support']",232,5,"['muslimban', 'trumprussia', 'trumpleak', 'trump', 'tie', 'resist', 'read', 'resistance']",12,"['muslimban', 'nobannowall', 'trump', 'refugee', 'muslim', 'ban', 'refugeeswelcome', 'protest', 'congress']",7,"['muslimban', 'resist', 'theresistance', 'dworkinreport', 'nodapl', 'impeachtrump']","[100185915, 440724583, 1328672311]","muslimban,nobannowall,trump,muslim,ban,refugee,refugeeswelcome,protest,law,people,support,congress,trumprussia,trumpleak,tie,resist,read,resistance,theresistance,dworkinreport,nodapl,impeachtrump","muslimban,nobannowall,trump,muslim,ban,refugee,refugeeswelcome,protest,law,people,support,congress","muslimban,trumprussia,trumpleak,trump,tie,resist,read,resistance,theresistance,dworkinreport,nodapl,impeachtrump","{'Immigration and Refugee Policy': 'muslimban, nobannowall, muslim, ban, refugee, refugeeswelcome, protest, law, people, support, congress', 'Trump Administration Controversies': 'trump, trumprussia, trumpleak, tie, resist, read, resistance, theresistance, dworkinreport, nodapl, impeachtrump'}",Immigration and Refugee Policy.Trump Administration Controversies,"{'US Immigration Policy and Public Response': 'muslimban, nobannowall, trump, muslim, ban, refugee, refugeeswelcome, protest, law, people, support, congress'}",US Immigration Policy and Public Response,"{'Political Resistance and Controversies': 'muslimban, trumprussia, trumpleak, trump, resist, resistance, theresistance, dworkinreport, nodapl, impeachtrump'}",Political Resistance and Controversies
197,9,"['ban', 'travel', 'trump', 'immigration', 'trumps', 'president', 'order', 'court', 'judge', 'appeal', 'donald', 'federal', 'block', 'rule', 'legal']",234,14,"['ban', 'travel', 'trump', 'immigration', 'trumps', 'order', 'court', 'judge', 'president', 'appeal', 'donald', 'federal']",11,"['ban', 'travel', 'order', 'immigration', 'trump', 'president', 'court', 'trumps', 'federal', 'judge', 'executive', 'muslim', 'halt']",4,"['ban', 'trump', 'muslim', 'muslimban', 'refugee', 'trumps', 'order']","[938847229, 776108269526016000, 778699826636529672]","ban,travel,trump,immigration,trumps,president,order,court,judge,appeal,donald,federal,block,rule,legal,executive,muslim,halt,muslimban,refugee","ban,travel,trump,immigration,trumps,president,order,court,judge,appeal,donald,federal,block,rule,legal,executive,muslim,halt","ban,travel,trump,immigration,trumps,order,court,judge,president,appeal,donald,federal,muslim,muslimban,refugee","{'US Immigration Policy': 'ban, travel, trump, immigration, trumps, president, order, court, judge, appeal, donald, federal, block, rule, legal, executive, muslim, halt, muslimban, refugee'}",US Immigration Policy,"{'US Immigration Policy and Legal Challenges': 'ban, travel, trump, immigration, trumps, president, order, court, judge, appeal, donald, federal, block, rule, legal, executive, muslim, halt'}",US Immigration Policy and Legal Challenges,"{'US Immigration Policy': 'ban, travel, trump, immigration, trumps, order, court, judge, president, appeal, donald, federal, muslim, muslimban, refugee'}",US Immigration Policy
198,9,"['ban', 'travel', 'trump', 'immigration', 'trumps', 'president', 'order', 'court', 'judge', 'appeal', 'donald', 'federal', 'block', 'rule', 'legal']",235,14,"['ban', 'travel', 'trump', 'immigration', 'trumps', 'order', 'court', 'judge', 'president', 'appeal', 'donald', 'federal']",10,"['ban', 'trump', 'travel', 'immigration', 'trumps', 'judge', 'order', 'president', 'court', 'donald', 'appeal', 'white_house', 'homeland_security', 'federal']",6,"['ban', 'travel', 'trump', 'immigration', 'trumps', 'order', 'court', 'judge', 'president', 'appeal', 'federal', 'block', 'rule', 'white_house', 'halt', 'justice_department']","[15375209, 15872418, 250529087]","ban,travel,trump,immigration,trumps,president,order,court,judge,appeal,donald,federal,block,rule,legal,white_house,homeland_security,halt,justice_department","ban,travel,trump,immigration,trumps,president,order,court,judge,appeal,donald,federal,block,rule,legal,white_house,homeland_security","ban,travel,trump,immigration,trumps,order,court,judge,president,appeal,donald,federal,block,rule,white_house,halt,justice_department","{'US Immigration Policy and Legal Challenges': 'ban, travel, trump, immigration, trumps, president, order, court, judge, appeal, donald, federal, block, rule, legal, white_house, homeland_security, halt, justice_department'}",US Immigration Policy and Legal Challenges,"{'US Immigration Policy': 'ban, travel, immigration, trumps, president, order, court, judge, appeal, donald, federal, block, rule, legal, white_house, homeland_security', 'Trump Administration Legal Challenges': 'trump, trumps, president, order, court, judge, appeal, donald, federal, block, rule, legal, white_house'}",US Immigration Policy.Trump Administration Legal Challenges,"{'US Immigration Policy and Legal Challenges': 'ban, travel, trump, immigration, trumps, order, court, judge, president, appeal, donald, federal, block, rule, white_house, halt, justice_department'}",US Immigration Policy and Legal Challenges
199,11,"['muslimban', 'nobannowall', 'trump', 'muslim', 'ban', 'refugee', 'refugeeswelcome', 'protest', 'law', 'people', 'support']",236,2,"['nobannowall', 'muslimban', 'tntweeter', 'uslatino', 'heretostay', 'latism', 'inmigracion', 'notmore', 'immigration', 'refugeeswelcome', 'nomuslimban', 'refugee', 'niunomas', 'timeisnow', 'stand']",12,"['muslimban', 'nobannowall', 'trump', 'refugee', 'muslim', 'ban', 'refugeeswelcome', 'protest', 'congress']",4,"['ban', 'trump', 'muslim', 'muslimban', 'refugee', 'trumps', 'order']","[825290342891151360, 825684352545730600, 825741394723663900, 826091470373404672]","muslimban,nobannowall,trump,muslim,ban,refugee,refugeeswelcome,protest,law,people,support,congress,tntweeter,uslatino,heretostay,latism,inmigracion,notmore,immigration,nomuslimban,niunomas,timeisnow,stand,trumps,order","muslimban,nobannowall,trump,muslim,ban,refugee,refugeeswelcome,protest,law,people,support,congress","nobannowall,muslimban,tntweeter,uslatino,heretostay,latism,inmigracion,notmore,immigration,refugeeswelcome,nomuslimban,refugee,niunomas,timeisnow,stand,ban,trump,muslim,trumps,order","{'US Immigration Policy and Protests': 'muslimban, nobannowall, trump, muslim, ban, refugee, refugeeswelcome, protest, law, people, support, congress, tntweeter, uslatino, heretostay, latism, inmigracion, notmore, immigration, nomuslimban, niunomas, timeisnow, stand, trumps, order'}",US Immigration Policy and Protests,"{'US Immigration Policy and Public Response': 'muslimban, nobannowall, trump, muslim, ban, refugee, refugeeswelcome, protest, law, people, support, congress'}",US Immigration Policy and Public Response,"{'Immigration and Refugee Policies': ['nobannowall', 'muslimban', 'heretostay', 'inmigracion', 'immigration', 'refugeeswelcome', 'nomuslimban', 'refugee', 'ban', 'trump', 'muslim', 'trumps', 'order'], 'Social Media Activism': ['tntweeter', 'uslatino', 'latism', 'notmore', 'niunomas', 'timeisnow', 'stand']}",Immigration and Refugee Policies.Social Media Activism
200,9,"['ban', 'travel', 'trump', 'immigration', 'trumps', 'president', 'order', 'court', 'judge', 'appeal', 'donald', 'federal', 'block', 'rule', 'legal']",237,14,"['ban', 'travel', 'trump', 'immigration', 'trumps', 'order', 'court', 'judge', 'president', 'appeal', 'donald', 'federal']",10,"['ban', 'trump', 'travel', 'immigration', 'trumps', 'judge', 'order', 'president', 'court', 'donald', 'appeal', 'white_house', 'homeland_security', 'federal']",6,"['ban', 'travel', 'trump', 'immigration', 'trumps', 'order', 'court', 'judge', 'president', 'appeal', 'federal', 'block', 'rule', 'white_house', 'halt', 'justice_department']","[294176860, 1017498714, 3948602175]","ban,travel,trump,immigration,trumps,president,order,court,judge,appeal,donald,federal,block,rule,legal,white_house,homeland_security,halt,justice_department","ban,travel,trump,immigration,trumps,president,order,court,judge,appeal,donald,federal,block,rule,legal,white_house,homeland_security","ban,travel,trump,immigration,trumps,order,court,judge,president,appeal,donald,federal,block,rule,white_house,halt,justice_department","{'US Immigration Policy and Legal Challenges': 'ban, travel, trump, immigration, trumps, president, order, court, judge, appeal, donald, federal, block, rule, legal, white_house, homeland_security, halt, justice_department'}",US Immigration Policy and Legal Challenges,"{'US Immigration Policy': 'ban, travel, immigration, trumps, president, order, court, judge, appeal, donald, federal, block, rule, legal, white_house, homeland_security', 'Trump Administration Legal Challenges': 'trump, trumps, president, order, court, judge, appeal, donald, federal, block, rule, legal, white_house'}",US Immigration Policy.Trump Administration Legal Challenges,"{'US Immigration Policy and Legal Challenges': 'ban, travel, trump, immigration, trumps, order, court, judge, president, appeal, donald, federal, block, rule, white_house, halt, justice_department'}",US Immigration Policy and Legal Challenges
201,11,"['muslimban', 'nobannowall', 'trump', 'muslim', 'ban', 'refugee', 'refugeeswelcome', 'protest', 'law', 'people', 'support']",238,2,"['nobannowall', 'muslimban', 'tntweeter', 'uslatino', 'heretostay', 'latism', 'inmigracion', 'notmore', 'immigration', 'refugeeswelcome', 'nomuslimban', 'refugee', 'niunomas', 'timeisnow', 'stand']",12,"['muslimban', 'nobannowall', 'trump', 'refugee', 'muslim', 'ban', 'refugeeswelcome', 'protest', 'congress']",13,"['nobannowall', 'muslimban', 'heretostay', 'nomuslimban', 'refugeeswelcome', 'refugee', 'protest']","[236494277, 2174771983, 806879544279871488]","muslimban,nobannowall,trump,muslim,ban,refugee,refugeeswelcome,protest,law,people,support,congress,tntweeter,uslatino,heretostay,latism,inmigracion,notmore,immigration,nomuslimban,niunomas,timeisnow,stand","muslimban,nobannowall,trump,muslim,ban,refugee,refugeeswelcome,protest,law,people,support,congress","nobannowall,muslimban,tntweeter,uslatino,heretostay,latism,inmigracion,notmore,immigration,refugeeswelcome,nomuslimban,refugee,niunomas,timeisnow,stand,protest","{'Immigration and Refugee Policy Protest': 'muslimban, nobannowall, trump, muslim, ban, refugee, refugeeswelcome, protest, law, people, support, congress, nomuslimban', 'Latino and Immigrant Rights Movement': 'uslatino, heretostay, latism, inmigracion, notmore, immigration, niunomas, timeisnow, stand'}",Immigration and Refugee Policy Protest.Latino and Immigrant Rights Movement,"{'US Immigration Policy and Public Response': 'muslimban, nobannowall, trump, muslim, ban, refugee, refugeeswelcome, protest, law, people, support, congress'}",US Immigration Policy and Public Response,"{'Immigration and Refugee Advocacy': ['nobannowall', 'muslimban', 'uslatino', 'heretostay', 'latism', 'inmigracion', 'immigration', 'refugeeswelcome', 'nomuslimban', 'refugee', 'niunomas', 'timeisnow', 'stand', 'protest'], 'Social Media Activism': ['tntweeter', 'notmore']}",Immigration and Refugee Advocacy.Social Media Activism
202,11,"['muslimban', 'nobannowall', 'trump', 'muslim', 'ban', 'refugee', 'refugeeswelcome', 'protest', 'law', 'people', 'support']",239,2,"['nobannowall', 'muslimban', 'tntweeter', 'uslatino', 'heretostay', 'latism', 'inmigracion', 'notmore', 'immigration', 'refugeeswelcome', 'nomuslimban', 'refugee', 'niunomas', 'timeisnow', 'stand']",12,"['muslimban', 'nobannowall', 'trump', 'refugee', 'muslim', 'ban', 'refugeeswelcome', 'protest', 'congress']",4,"['ban', 'trump', 'muslim', 'muslimban', 'refugee', 'trumps', 'order']","[34324848, 1122139278, 1877233567, 3066762662]","muslimban,nobannowall,trump,muslim,ban,refugee,refugeeswelcome,protest,law,people,support,congress,tntweeter,uslatino,heretostay,latism,inmigracion,notmore,immigration,nomuslimban,niunomas,timeisnow,stand,trumps,order","muslimban,nobannowall,trump,muslim,ban,refugee,refugeeswelcome,protest,law,people,support,congress","nobannowall,muslimban,tntweeter,uslatino,heretostay,latism,inmigracion,notmore,immigration,refugeeswelcome,nomuslimban,refugee,niunomas,timeisnow,stand,ban,trump,muslim,trumps,order","{'Immigration Policy and Protests': 'muslimban, nobannowall, trump, muslim, ban, refugee, refugeeswelcome, protest, law, people, support, congress, tntweeter, uslatino, heretostay, latism, inmigracion, notmore, immigration, nomuslimban, niunomas, timeisnow, stand, trumps, order'}",Immigration Policy and Protests,"{'US Immigration Policy and Public Response': 'muslimban, nobannowall, trump, muslim, ban, refugee, refugeeswelcome, protest, law, people, support, congress'}",US Immigration Policy and Public Response,"{'Immigration and Refugee Policies': ['nobannowall', 'muslimban', 'heretostay', 'inmigracion', 'immigration', 'refugeeswelcome', 'nomuslimban', 'refugee', 'ban', 'trump', 'muslim', 'trumps', 'order'], 'Social Media Activism': ['tntweeter', 'uslatino', 'latism', 'notmore', 'niunomas', 'timeisnow', 'stand']}",Immigration and Refugee Policies.Social Media Activism
203,9,"['ban', 'travel', 'trump', 'immigration', 'trumps', 'president', 'order', 'court', 'judge', 'appeal', 'donald', 'federal', 'block', 'rule', 'legal']",240,9,"['trump', 'ban', 'president', 'order', 'court', 'people', 'security']",4,"['ban', 'trump', 'muslim', 'travel', 'trumps', 'white_house', 'attack']",4,"['ban', 'trump', 'muslim', 'muslimban', 'refugee', 'trumps', 'order']","[20366290, 413407657, 815238459002654700]","ban,travel,trump,immigration,trumps,president,order,court,judge,appeal,donald,federal,block,rule,legal,muslim,white_house,attack,people,security,muslimban,refugee","ban,travel,trump,immigration,trumps,president,order,court,judge,appeal,donald,federal,block,rule,legal,muslim,white_house,attack","trump,ban,president,order,court,people,security,muslim,muslimban,refugee,trumps","{'US Immigration Policy and Legal Challenges': 'ban, travel, trump, immigration, trumps, president, order, court, judge, appeal, donald, federal, block, rule, legal, muslim, white_house, attack, people, security, muslimban, refugee'}",US Immigration Policy and Legal Challenges,"{'US Immigration Policy and Legal Challenges': 'ban, travel, trump, immigration, trumps, president, order, court, judge, appeal, donald, federal, block, rule, legal, muslim, white_house, attack'}",US Immigration Policy and Legal Challenges,"{'US Immigration Policy': 'trump, ban, president, order, court, people, security, muslim, muslimban, refugee, trumps'}",US Immigration Policy
204,9,"['ban', 'travel', 'trump', 'immigration', 'trumps', 'president', 'order', 'court', 'judge', 'appeal', 'donald', 'federal', 'block', 'rule', 'legal']",241,14,"['ban', 'travel', 'trump', 'immigration', 'trumps', 'order', 'court', 'judge', 'president', 'appeal', 'donald', 'federal']",10,"['ban', 'trump', 'travel', 'immigration', 'trumps', 'judge', 'order', 'president', 'court', 'donald', 'appeal', 'white_house', 'homeland_security', 'federal']",6,"['ban', 'travel', 'trump', 'immigration', 'trumps', 'order', 'court', 'judge', 'president', 'appeal', 'federal', 'block', 'rule', 'white_house', 'halt', 'justice_department']","[4862290919, 820618828103159800, 824089961905397800]","ban,travel,trump,immigration,trumps,president,order,court,judge,appeal,donald,federal,block,rule,legal,white_house,homeland_security,halt,justice_department","ban,travel,trump,immigration,trumps,president,order,court,judge,appeal,donald,federal,block,rule,legal,white_house,homeland_security","ban,travel,trump,immigration,trumps,order,court,judge,president,appeal,donald,federal,block,rule,white_house,halt,justice_department","{'US Immigration Policy and Legal Challenges': 'ban, travel, trump, immigration, trumps, president, order, court, judge, appeal, donald, federal, block, rule, legal, white_house, homeland_security, halt, justice_department'}",US Immigration Policy and Legal Challenges,"{'US Immigration Policy': 'ban, travel, immigration, trumps, president, order, court, judge, appeal, donald, federal, block, rule, legal, white_house, homeland_security', 'Trump Administration Legal Challenges': 'trump, trumps, president, order, court, judge, appeal, donald, federal, block, rule, legal, white_house'}",US Immigration Policy.Trump Administration Legal Challenges,"{'US Immigration Policy and Legal Challenges': 'ban, travel, trump, immigration, trumps, order, court, judge, president, appeal, donald, federal, block, rule, white_house, halt, justice_department'}",US Immigration Policy and Legal Challenges
205,9,"['ban', 'travel', 'trump', 'immigration', 'trumps', 'president', 'order', 'court', 'judge', 'appeal', 'donald', 'federal', 'block', 'rule', 'legal']",242,14,"['ban', 'travel', 'trump', 'immigration', 'trumps', 'order', 'court', 'judge', 'president', 'appeal', 'donald', 'federal']",10,"['ban', 'trump', 'travel', 'immigration', 'trumps', 'judge', 'order', 'president', 'court', 'donald', 'appeal', 'white_house', 'homeland_security', 'federal']",12,"['travelban', 'maga', 'ban', 'trump', 'travel', 'immigration', 'country', 'buildthewall', 'immigrationban', 'support_leader', 'america', 'muslim', 'support', 'refugee', 'immigrationban_maga', 'president', 'liberal']","[2197192819, 2456233212, 3414404293]","ban,travel,trump,immigration,trumps,president,order,court,judge,appeal,donald,federal,block,rule,legal,white_house,homeland_security,travelban,maga,country,buildthewall,immigrationban,support_leader,america,muslim,support,refugee,immigrationban_maga,liberal","ban,travel,trump,immigration,trumps,president,order,court,judge,appeal,donald,federal,block,rule,legal,white_house,homeland_security","ban,travel,trump,immigration,trumps,order,court,judge,president,appeal,donald,federal,travelban,maga,country,buildthewall,immigrationban,support_leader,america,muslim,support,refugee,immigrationban_maga,liberal","{'US Immigration Policy': 'ban, travel, trump, immigration, trumps, president, order, court, judge, appeal, donald, federal, block, rule, legal, white_house, homeland_security, travelban, maga, country, buildthewall, immigrationban, support_leader, america, muslim, support, refugee, immigrationban_maga, liberal'}",US Immigration Policy,"{'US Immigration Policy': 'ban, travel, immigration, trumps, president, order, court, judge, appeal, donald, federal, block, rule, legal, white_house, homeland_security', 'Trump Administration Legal Challenges': 'trump, trumps, president, order, court, judge, appeal, donald, federal, block, rule, legal, white_house'}",US Immigration Policy.Trump Administration Legal Challenges,"{'US Immigration Policy': 'ban, travel, trump, immigration, trumps, order, court, judge, president, appeal, donald, federal, travelban, maga, country, buildthewall, immigrationban, support_leader, america, muslim, support, refugee, immigrationban_maga, liberal'}",US Immigration Policy
206,1,"['ban', 'trump', 'muslim', 'bannon', 'white', 'security', 'house', 'call', 'lie', 'attack', 'terrorism', 'head', 'general', 'miller']",243,2,"['nobannowall', 'muslimban', 'tntweeter', 'uslatino', 'heretostay', 'latism', 'inmigracion', 'notmore', 'immigration', 'refugeeswelcome', 'nomuslimban', 'refugee', 'niunomas', 'timeisnow', 'stand']",4,"['ban', 'trump', 'muslim', 'travel', 'trumps', 'white_house', 'attack']",13,"['nobannowall', 'muslimban', 'heretostay', 'nomuslimban', 'refugeeswelcome', 'refugee', 'protest']","[473052225, 1957630069, 738743669801508900, 806483339729338368]","ban,trump,muslim,bannon,white,security,house,call,lie,attack,terrorism,head,general,miller,travel,trumps,white_house,nobannowall,muslimban,tntweeter,uslatino,heretostay,latism,inmigracion,notmore,immigration,refugeeswelcome,nomuslimban,refugee,niunomas,timeisnow,stand,protest","ban,trump,muslim,bannon,white,security,house,call,lie,attack,terrorism,head,general,miller,travel,trumps,white_house","nobannowall,muslimban,tntweeter,uslatino,heretostay,latism,inmigracion,notmore,immigration,refugeeswelcome,nomuslimban,refugee,niunomas,timeisnow,stand,protest","{'US Immigration Policy and Protests': 'ban, trump, muslim, bannon, white, security, house, call, lie, attack, terrorism, head, general, miller, travel, trumps, white_house, nobannowall, muslimban, tntweeter, uslatino, heretostay, latism, inmigracion, notmore, immigration, refugeeswelcome, nomuslimban, refugee, niunomas, timeisnow, stand, protest'}",US Immigration Policy and Protests,"{'US Politics and Immigration Policy': 'ban, trump, muslim, bannon, white, security, house, call, lie, attack, terrorism, head, general, miller, travel, trumps, white_house'}",US Politics and Immigration Policy,"{'Immigration and Refugee Advocacy': ['nobannowall', 'muslimban', 'uslatino', 'heretostay', 'latism', 'inmigracion', 'immigration', 'refugeeswelcome', 'nomuslimban', 'refugee', 'niunomas', 'timeisnow', 'stand', 'protest'], 'Social Media Activism': ['tntweeter', 'notmore']}",Immigration and Refugee Advocacy.Social Media Activism
207,9,"['ban', 'travel', 'trump', 'immigration', 'trumps', 'president', 'order', 'court', 'judge', 'appeal', 'donald', 'federal', 'block', 'rule', 'legal']",245,9,"['trump', 'ban', 'president', 'order', 'court', 'people', 'security']",10,"['ban', 'trump', 'travel', 'immigration', 'trumps', 'judge', 'order', 'president', 'court', 'donald', 'appeal', 'white_house', 'homeland_security', 'federal']",4,"['ban', 'trump', 'muslim', 'muslimban', 'refugee', 'trumps', 'order']","[30180284, 50816050, 2969992499]","ban,travel,trump,immigration,trumps,president,order,court,judge,appeal,donald,federal,block,rule,legal,white_house,homeland_security,people,security,muslim,muslimban,refugee","ban,travel,trump,immigration,trumps,president,order,court,judge,appeal,donald,federal,block,rule,legal,white_house,homeland_security","trump,ban,president,order,court,people,security,muslim,muslimban,refugee,trumps","{'US Immigration Policy and Legal Challenges': 'ban, travel, trump, immigration, trumps, president, order, court, judge, appeal, donald, federal, block, rule, legal, white_house, homeland_security, people, security, muslim, muslimban, refugee'}",US Immigration Policy and Legal Challenges,"{'US Immigration Policy': 'ban, travel, immigration, trumps, president, order, court, judge, appeal, donald, federal, block, rule, legal, white_house, homeland_security', 'Trump Administration Legal Challenges': 'trump, trumps, president, order, court, judge, appeal, donald, federal, block, rule, legal, white_house'}",US Immigration Policy.Trump Administration Legal Challenges,"{'US Immigration Policy': 'trump, ban, president, order, court, people, security, muslim, muslimban, refugee, trumps'}",US Immigration Policy
208,9,"['ban', 'travel', 'trump', 'immigration', 'trumps', 'president', 'order', 'court', 'judge', 'appeal', 'donald', 'federal', 'block', 'rule', 'legal']",246,14,"['ban', 'travel', 'trump', 'immigration', 'trumps', 'order', 'court', 'judge', 'president', 'appeal', 'donald', 'federal']",10,"['ban', 'trump', 'travel', 'immigration', 'trumps', 'judge', 'order', 'president', 'court', 'donald', 'appeal', 'white_house', 'homeland_security', 'federal']",6,"['ban', 'travel', 'trump', 'immigration', 'trumps', 'order', 'court', 'judge', 'president', 'appeal', 'federal', 'block', 'rule', 'white_house', 'halt', 'justice_department']","[26773353, 599857189, 4759057768]","ban,travel,trump,immigration,trumps,president,order,court,judge,appeal,donald,federal,block,rule,legal,white_house,homeland_security,halt,justice_department","ban,travel,trump,immigration,trumps,president,order,court,judge,appeal,donald,federal,block,rule,legal,white_house,homeland_security","ban,travel,trump,immigration,trumps,order,court,judge,president,appeal,donald,federal,block,rule,white_house,halt,justice_department","{'US Immigration Policy and Legal Challenges': 'ban, travel, trump, immigration, trumps, president, order, court, judge, appeal, donald, federal, block, rule, legal, white_house, homeland_security, halt, justice_department'}",US Immigration Policy and Legal Challenges,"{'US Immigration Policy': 'ban, travel, immigration, trumps, president, order, court, judge, appeal, donald, federal, block, rule, legal, white_house, homeland_security', 'Trump Administration Legal Challenges': 'trump, trumps, president, order, court, judge, appeal, donald, federal, block, rule, legal, white_house'}",US Immigration Policy.Trump Administration Legal Challenges,"{'US Immigration Policy and Legal Challenges': 'ban, travel, trump, immigration, trumps, order, court, judge, president, appeal, donald, federal, block, rule, white_house, halt, justice_department'}",US Immigration Policy and Legal Challenges
209,11,"['muslimban', 'nobannowall', 'trump', 'muslim', 'ban', 'refugee', 'refugeeswelcome', 'protest', 'law', 'people', 'support']",247,2,"['nobannowall', 'muslimban', 'tntweeter', 'uslatino', 'heretostay', 'latism', 'inmigracion', 'notmore', 'immigration', 'refugeeswelcome', 'nomuslimban', 'refugee', 'niunomas', 'timeisnow', 'stand']",12,"['muslimban', 'nobannowall', 'trump', 'refugee', 'muslim', 'ban', 'refugeeswelcome', 'protest', 'congress']",4,"['ban', 'trump', 'muslim', 'muslimban', 'refugee', 'trumps', 'order']","[2548751449, 3519523275, 822408697213239300]","muslimban,nobannowall,trump,muslim,ban,refugee,refugeeswelcome,protest,law,people,support,congress,tntweeter,uslatino,heretostay,latism,inmigracion,notmore,immigration,nomuslimban,niunomas,timeisnow,stand,trumps,order","muslimban,nobannowall,trump,muslim,ban,refugee,refugeeswelcome,protest,law,people,support,congress","nobannowall,muslimban,tntweeter,uslatino,heretostay,latism,inmigracion,notmore,immigration,refugeeswelcome,nomuslimban,refugee,niunomas,timeisnow,stand,ban,trump,muslim,trumps,order","{'US Immigration Policy and Protests': 'muslimban, nobannowall, trump, muslim, ban, refugee, refugeeswelcome, protest, law, people, support, congress, tntweeter, uslatino, heretostay, latism, inmigracion, notmore, immigration, nomuslimban, niunomas, timeisnow, stand, trumps, order'}",US Immigration Policy and Protests,"{'US Immigration Policy and Public Response': 'muslimban, nobannowall, trump, muslim, ban, refugee, refugeeswelcome, protest, law, people, support, congress'}",US Immigration Policy and Public Response,"{'Immigration and Refugee Policies': ['nobannowall', 'muslimban', 'heretostay', 'inmigracion', 'immigration', 'refugeeswelcome', 'nomuslimban', 'refugee', 'ban', 'trump', 'muslim', 'trumps', 'order'], 'Social Media Activism': ['tntweeter', 'uslatino', 'latism', 'notmore', 'niunomas', 'timeisnow', 'stand']}",Immigration and Refugee Policies.Social Media Activism
210,11,"['muslimban', 'nobannowall', 'trump', 'muslim', 'ban', 'refugee', 'refugeeswelcome', 'protest', 'law', 'people', 'support']",248,9,"['trump', 'ban', 'president', 'order', 'court', 'people', 'security']",12,"['muslimban', 'nobannowall', 'trump', 'refugee', 'muslim', 'ban', 'refugeeswelcome', 'protest', 'congress']",4,"['ban', 'trump', 'muslim', 'muslimban', 'refugee', 'trumps', 'order']","[301580029, 518740542, 1978549290, 816740064495620100]","muslimban,nobannowall,trump,muslim,ban,refugee,refugeeswelcome,protest,law,people,support,congress,president,order,court,security,trumps","muslimban,nobannowall,trump,muslim,ban,refugee,refugeeswelcome,protest,law,people,support,congress","trump,ban,president,order,court,people,security,muslim,muslimban,refugee,trumps","{'US Immigration Policy and Protests': 'muslimban, nobannowall, trump, muslim, ban, refugee, refugeeswelcome, protest, law, people, support, congress, president, order, court, security, trumps'}",US Immigration Policy and Protests,"{'US Immigration Policy and Public Response': 'muslimban, nobannowall, trump, muslim, ban, refugee, refugeeswelcome, protest, law, people, support, congress'}",US Immigration Policy and Public Response,"{'US Immigration Policy': 'trump, ban, president, order, court, people, security, muslim, muslimban, refugee, trumps'}",US Immigration Policy
211,11,"['muslimban', 'nobannowall', 'trump', 'muslim', 'ban', 'refugee', 'refugeeswelcome', 'protest', 'law', 'people', 'support']",249,9,"['trump', 'ban', 'president', 'order', 'court', 'people', 'security']",12,"['muslimban', 'nobannowall', 'trump', 'refugee', 'muslim', 'ban', 'refugeeswelcome', 'protest', 'congress']",4,"['ban', 'trump', 'muslim', 'muslimban', 'refugee', 'trumps', 'order']","[3070465286, 3355995095, 4065570080, 813037940704153600]","muslimban,nobannowall,trump,muslim,ban,refugee,refugeeswelcome,protest,law,people,support,congress,president,order,court,security,trumps","muslimban,nobannowall,trump,muslim,ban,refugee,refugeeswelcome,protest,law,people,support,congress","trump,ban,president,order,court,people,security,muslim,muslimban,refugee,trumps","{'US Immigration Policy and Protests': 'muslimban, nobannowall, trump, muslim, ban, refugee, refugeeswelcome, protest, law, people, support, congress, president, order, court, security, trumps'}",US Immigration Policy and Protests,"{'US Immigration Policy and Public Response': 'muslimban, nobannowall, trump, muslim, ban, refugee, refugeeswelcome, protest, law, people, support, congress'}",US Immigration Policy and Public Response,"{'US Immigration Policy': 'trump, ban, president, order, court, people, security, muslim, muslimban, refugee, trumps'}",US Immigration Policy
212,11,"['muslimban', 'nobannowall', 'trump', 'muslim', 'ban', 'refugee', 'refugeeswelcome', 'protest', 'law', 'people', 'support']",250,9,"['trump', 'ban', 'president', 'order', 'court', 'people', 'security']",12,"['muslimban', 'nobannowall', 'trump', 'refugee', 'muslim', 'ban', 'refugeeswelcome', 'protest', 'congress']",4,"['ban', 'trump', 'muslim', 'muslimban', 'refugee', 'trumps', 'order']","[3402097235, 713564619483164672, 725870553853100032]","muslimban,nobannowall,trump,muslim,ban,refugee,refugeeswelcome,protest,law,people,support,congress,president,order,court,security,trumps","muslimban,nobannowall,trump,muslim,ban,refugee,refugeeswelcome,protest,law,people,support,congress","trump,ban,president,order,court,people,security,muslim,muslimban,refugee,trumps","{'US Immigration Policy and Public Response': 'muslimban, nobannowall, trump, muslim, ban, refugee, refugeeswelcome, protest, law, people, support, congress, president, order, court, security, trumps'}",US Immigration Policy and Public Response,"{'US Immigration Policy and Public Response': 'muslimban, nobannowall, trump, muslim, ban, refugee, refugeeswelcome, protest, law, people, support, congress'}",US Immigration Policy and Public Response,"{'US Immigration Policy': 'trump, ban, president, order, court, people, security, muslim, muslimban, refugee, trumps'}",US Immigration Policy
213,0,"['resist', 'muslimban', 'theresistance', 'trumprussia', 'dworkinreport', 'trumpleak', 'trump', 'tie', 'nodapl', 'read', 'impeachtrump', 'flynn', 'resistance', 'amjoy']",251,5,"['muslimban', 'trumprussia', 'trumpleak', 'trump', 'tie', 'resist', 'read', 'resistance']",12,"['muslimban', 'nobannowall', 'trump', 'refugee', 'muslim', 'ban', 'refugeeswelcome', 'protest', 'congress']",7,"['muslimban', 'resist', 'theresistance', 'dworkinreport', 'nodapl', 'impeachtrump']","[1659800905, 830373537110228995, 830373537110229000]","resist,muslimban,theresistance,trumprussia,dworkinreport,trumpleak,trump,tie,nodapl,read,impeachtrump,flynn,resistance,amjoy,nobannowall,refugee,muslim,ban,refugeeswelcome,protest,congress","resist,muslimban,theresistance,trumprussia,dworkinreport,trumpleak,trump,tie,nodapl,read,impeachtrump,flynn,resistance,amjoy,nobannowall,refugee,muslim,ban,refugeeswelcome,protest,congress","muslimban,trumprussia,trumpleak,trump,tie,resist,read,resistance,theresistance,dworkinreport,nodapl,impeachtrump","{'Political Resistance and Protests': 'resist, theresistance, resistance, protest, congress', 'Trump Administration Controversies': 'trumprussia, dworkinreport, trumpleak, trump, tie, flynn, impeachtrump', 'Immigration and Refugee Issues': 'muslimban, nodapl, nobannowall, refugee, muslim, ban, refugeeswelcome'}",Political Resistance and Protests.Trump Administration Controversies.Immigration and Refugee Issues,"{'Political Resistance and Protests': 'resist, theresistance, resistance, protest', 'Trump Administration Controversies': 'trumprussia, dworkinreport, trumpleak, trump, flynn, impeachtrump', 'Immigration and Refugee Issues': 'muslimban, nobannowall, refugee, muslim, ban, refugeeswelcome', 'Media and Public Discourse': 'amjoy, read', 'Environmental and Indigenous Rights': 'nodapl', 'US Congress': 'congress'}",Political Resistance and Protests.Trump Administration Controversies.Immigration and Refugee Issues.Media and Public Discourse.Environmental and Indigenous Rights.US Congress,"{'Political Resistance and Controversies': 'muslimban, trumprussia, trumpleak, trump, resist, resistance, theresistance, dworkinreport, nodapl, impeachtrump'}",Political Resistance and Controversies
214,9,"['ban', 'travel', 'trump', 'immigration', 'trumps', 'president', 'order', 'court', 'judge', 'appeal', 'donald', 'federal', 'block', 'rule', 'legal']",252,14,"['ban', 'travel', 'trump', 'immigration', 'trumps', 'order', 'court', 'judge', 'president', 'appeal', 'donald', 'federal']",10,"['ban', 'trump', 'travel', 'immigration', 'trumps', 'judge', 'order', 'president', 'court', 'donald', 'appeal', 'white_house', 'homeland_security', 'federal']",6,"['ban', 'travel', 'trump', 'immigration', 'trumps', 'order', 'court', 'judge', 'president', 'appeal', 'federal', 'block', 'rule', 'white_house', 'halt', 'justice_department']","[378004583, 4898366206, 759999409178366000]","ban,travel,trump,immigration,trumps,president,order,court,judge,appeal,donald,federal,block,rule,legal,white_house,homeland_security,halt,justice_department","ban,travel,trump,immigration,trumps,president,order,court,judge,appeal,donald,federal,block,rule,legal,white_house,homeland_security","ban,travel,trump,immigration,trumps,order,court,judge,president,appeal,donald,federal,block,rule,white_house,halt,justice_department","{'US Immigration Policy and Legal Challenges': 'ban, travel, trump, immigration, trumps, president, order, court, judge, appeal, donald, federal, block, rule, legal, white_house, homeland_security, halt, justice_department'}",US Immigration Policy and Legal Challenges,"{'US Immigration Policy': 'ban, travel, immigration, trumps, president, order, court, judge, appeal, donald, federal, block, rule, legal, white_house, homeland_security', 'Trump Administration Legal Challenges': 'trump, trumps, president, order, court, judge, appeal, donald, federal, block, rule, legal, white_house'}",US Immigration Policy.Trump Administration Legal Challenges,"{'US Immigration Policy and Legal Challenges': 'ban, travel, trump, immigration, trumps, order, court, judge, president, appeal, donald, federal, block, rule, white_house, halt, justice_department'}",US Immigration Policy and Legal Challenges
215,11,"['muslimban', 'nobannowall', 'trump', 'muslim', 'ban', 'refugee', 'refugeeswelcome', 'protest', 'law', 'people', 'support']",253,7,"['muslimban', 'muslim', 'maga', 'travelban']",12,"['muslimban', 'nobannowall', 'trump', 'refugee', 'muslim', 'ban', 'refugeeswelcome', 'protest', 'congress']",4,"['ban', 'trump', 'muslim', 'muslimban', 'refugee', 'trumps', 'order']","[731118334561947600, 817862334614044672, 826812832582946817]","muslimban,nobannowall,trump,muslim,ban,refugee,refugeeswelcome,protest,law,people,support,congress,maga,travelban,trumps,order","muslimban,nobannowall,trump,muslim,ban,refugee,refugeeswelcome,protest,law,people,support,congress","muslimban,muslim,maga,travelban,ban,trump,refugee,trumps,order","{'US Immigration Policy and Protests': 'muslimban, nobannowall, trump, muslim, ban, refugee, refugeeswelcome, protest, law, people, support, congress, maga, travelban, trumps, order'}",US Immigration Policy and Protests,"{'US Immigration Policy and Public Response': 'muslimban, nobannowall, trump, muslim, ban, refugee, refugeeswelcome, protest, law, people, support, congress'}",US Immigration Policy and Public Response,"{'US Immigration Policy': 'muslimban, travelban, ban, refugee, order', 'Trump Administration': 'trump, trumps, maga', 'Impact on Muslim Community': 'muslimban, muslim'}",US Immigration Policy.Trump Administration.Impact on Muslim Community
216,11,"['muslimban', 'nobannowall', 'trump', 'muslim', 'ban', 'refugee', 'refugeeswelcome', 'protest', 'law', 'people', 'support']",254,2,"['nobannowall', 'muslimban', 'tntweeter', 'uslatino', 'heretostay', 'latism', 'inmigracion', 'notmore', 'immigration', 'refugeeswelcome', 'nomuslimban', 'refugee', 'niunomas', 'timeisnow', 'stand']",12,"['muslimban', 'nobannowall', 'trump', 'refugee', 'muslim', 'ban', 'refugeeswelcome', 'protest', 'congress']",13,"['nobannowall', 'muslimban', 'heretostay', 'nomuslimban', 'refugeeswelcome', 'refugee', 'protest']","[1360077103, 2595075732, 3102592241]","muslimban,nobannowall,trump,muslim,ban,refugee,refugeeswelcome,protest,law,people,support,congress,tntweeter,uslatino,heretostay,latism,inmigracion,notmore,immigration,nomuslimban,niunomas,timeisnow,stand","muslimban,nobannowall,trump,muslim,ban,refugee,refugeeswelcome,protest,law,people,support,congress","nobannowall,muslimban,tntweeter,uslatino,heretostay,latism,inmigracion,notmore,immigration,refugeeswelcome,nomuslimban,refugee,niunomas,timeisnow,stand,protest","{'US Immigration Policies and Protests': 'muslimban, nobannowall, trump, muslim, ban, refugee, refugeeswelcome, protest, law, people, support, congress, tntweeter, uslatino, heretostay, latism, inmigracion, notmore, immigration, nomuslimban, niunomas, timeisnow, stand'}",US Immigration Policies and Protests,"{'US Immigration Policy and Public Response': 'muslimban, nobannowall, trump, muslim, ban, refugee, refugeeswelcome, protest, law, people, support, congress'}",US Immigration Policy and Public Response,"{'Immigration and Refugee Advocacy': ['nobannowall', 'muslimban', 'uslatino', 'heretostay', 'latism', 'inmigracion', 'immigration', 'refugeeswelcome', 'nomuslimban', 'refugee', 'niunomas', 'timeisnow', 'stand', 'protest'], 'Social Media Activism': ['tntweeter', 'notmore']}",Immigration and Refugee Advocacy.Social Media Activism
217,11,"['muslimban', 'nobannowall', 'trump', 'muslim', 'ban', 'refugee', 'refugeeswelcome', 'protest', 'law', 'people', 'support']",255,9,"['trump', 'ban', 'president', 'order', 'court', 'people', 'security']",12,"['muslimban', 'nobannowall', 'trump', 'refugee', 'muslim', 'ban', 'refugeeswelcome', 'protest', 'congress']",4,"['ban', 'trump', 'muslim', 'muslimban', 'refugee', 'trumps', 'order']","[585341968, 2876051585, 2876194565]","muslimban,nobannowall,trump,muslim,ban,refugee,refugeeswelcome,protest,law,people,support,congress,president,order,court,security,trumps","muslimban,nobannowall,trump,muslim,ban,refugee,refugeeswelcome,protest,law,people,support,congress","trump,ban,president,order,court,people,security,muslim,muslimban,refugee,trumps","{'US Immigration Policy and Protests': 'muslimban, nobannowall, trump, muslim, ban, refugee, refugeeswelcome, protest, law, people, support, congress, president, order, court, security, trumps'}",US Immigration Policy and Protests,"{'US Immigration Policy and Public Response': 'muslimban, nobannowall, trump, muslim, ban, refugee, refugeeswelcome, protest, law, people, support, congress'}",US Immigration Policy and Public Response,"{'US Immigration Policy': 'trump, ban, president, order, court, people, security, muslim, muslimban, refugee, trumps'}",US Immigration Policy
218,11,"['muslimban', 'nobannowall', 'trump', 'muslim', 'ban', 'refugee', 'refugeeswelcome', 'protest', 'law', 'people', 'support']",257,9,"['trump', 'ban', 'president', 'order', 'court', 'people', 'security']",12,"['muslimban', 'nobannowall', 'trump', 'refugee', 'muslim', 'ban', 'refugeeswelcome', 'protest', 'congress']",4,"['ban', 'trump', 'muslim', 'muslimban', 'refugee', 'trumps', 'order']","[1365245598, 721421306852298800, 737061962614329344, 743430370662617088]","muslimban,nobannowall,trump,muslim,ban,refugee,refugeeswelcome,protest,law,people,support,congress,president,order,court,security,trumps","muslimban,nobannowall,trump,muslim,ban,refugee,refugeeswelcome,protest,law,people,support,congress","trump,ban,president,order,court,people,security,muslim,muslimban,refugee,trumps","{'US Immigration Policy and Protests': 'muslimban, nobannowall, trump, muslim, ban, refugee, refugeeswelcome, protest, law, people, support, congress, president, order, court, security, trumps'}",US Immigration Policy and Protests,"{'US Immigration Policy and Public Response': 'muslimban, nobannowall, trump, muslim, ban, refugee, refugeeswelcome, protest, law, people, support, congress'}",US Immigration Policy and Public Response,"{'US Immigration Policy': 'trump, ban, president, order, court, people, security, muslim, muslimban, refugee, trumps'}",US Immigration Policy
219,11,"['muslimban', 'nobannowall', 'trump', 'muslim', 'ban', 'refugee', 'refugeeswelcome', 'protest', 'law', 'people', 'support']",219,9,"['trump', 'ban', 'president', 'order', 'court', 'people', 'security']",12,"['muslimban', 'nobannowall', 'trump', 'refugee', 'muslim', 'ban', 'refugeeswelcome', 'protest', 'congress']",4,"['ban', 'trump', 'muslim', 'muslimban', 'refugee', 'trumps', 'order']","[18220818, 50168197, 1482677521, 816366184870219800, 818328964217249800]","muslimban,nobannowall,trump,muslim,ban,refugee,refugeeswelcome,protest,law,people,support,congress,president,order,court,security,trumps","muslimban,nobannowall,trump,muslim,ban,refugee,refugeeswelcome,protest,law,people,support,congress","trump,ban,president,order,court,people,security,muslim,muslimban,refugee,trumps","{'US Immigration Policy and Protests': 'muslimban, nobannowall, trump, muslim, ban, refugee, refugeeswelcome, protest, law, people, support, congress, president, order, court, security, trumps'}",US Immigration Policy and Protests,"{'US Immigration Policy and Public Response': 'muslimban, nobannowall, trump, muslim, ban, refugee, refugeeswelcome, protest, law, people, support, congress'}",US Immigration Policy and Public Response,"{'US Immigration Policy': 'trump, ban, president, order, court, people, security, muslim, muslimban, refugee, trumps'}",US Immigration Policy
220,9,"['ban', 'travel', 'trump', 'immigration', 'trumps', 'president', 'order', 'court', 'judge', 'appeal', 'donald', 'federal', 'block', 'rule', 'legal']",261,14,"['ban', 'travel', 'trump', 'immigration', 'trumps', 'order', 'court', 'judge', 'president', 'appeal', 'donald', 'federal']",10,"['ban', 'trump', 'travel', 'immigration', 'trumps', 'judge', 'order', 'president', 'court', 'donald', 'appeal', 'white_house', 'homeland_security', 'federal']",6,"['ban', 'travel', 'trump', 'immigration', 'trumps', 'order', 'court', 'judge', 'president', 'appeal', 'federal', 'block', 'rule', 'white_house', 'halt', 'justice_department']","[2530140846, 2816849778, 3577871723]","ban,travel,trump,immigration,trumps,president,order,court,judge,appeal,donald,federal,block,rule,legal,white_house,homeland_security,halt,justice_department","ban,travel,trump,immigration,trumps,president,order,court,judge,appeal,donald,federal,block,rule,legal,white_house,homeland_security","ban,travel,trump,immigration,trumps,order,court,judge,president,appeal,donald,federal,block,rule,white_house,halt,justice_department","{'US Immigration Policy and Legal Challenges': 'ban, travel, trump, immigration, trumps, president, order, court, judge, appeal, donald, federal, block, rule, legal, white_house, homeland_security, halt, justice_department'}",US Immigration Policy and Legal Challenges,"{'US Immigration Policy': 'ban, travel, immigration, trumps, president, order, court, judge, appeal, donald, federal, block, rule, legal, white_house, homeland_security', 'Trump Administration Legal Challenges': 'trump, trumps, president, order, court, judge, appeal, donald, federal, block, rule, legal, white_house'}",US Immigration Policy.Trump Administration Legal Challenges,"{'US Immigration Policy and Legal Challenges': 'ban, travel, trump, immigration, trumps, order, court, judge, president, appeal, donald, federal, block, rule, white_house, halt, justice_department'}",US Immigration Policy and Legal Challenges
221,1,"['ban', 'trump', 'muslim', 'bannon', 'white', 'security', 'house', 'call', 'lie', 'attack', 'terrorism', 'head', 'general', 'miller']",262,9,"['trump', 'ban', 'president', 'order', 'court', 'people', 'security']",4,"['ban', 'trump', 'muslim', 'travel', 'trumps', 'white_house', 'attack']",4,"['ban', 'trump', 'muslim', 'muslimban', 'refugee', 'trumps', 'order']","[2943704976, 777651801839378400, 828737973784948736]","ban,trump,muslim,bannon,white,security,house,call,lie,attack,terrorism,head,general,miller,travel,trumps,white_house,president,order,court,people,muslimban,refugee","ban,trump,muslim,bannon,white,security,house,call,lie,attack,terrorism,head,general,miller,travel,trumps,white_house","trump,ban,president,order,court,people,security,muslim,muslimban,refugee,trumps","{'US Travel Ban Controversy': 'ban, trump, muslim, bannon, white, security, house, call, lie, attack, terrorism, head, general, miller, travel, trumps, white_house, president, order, court, people, muslimban, refugee'}",US Travel Ban Controversy,"{'US Politics and Immigration Policy': 'ban, trump, muslim, bannon, white, security, house, call, lie, attack, terrorism, head, general, miller, travel, trumps, white_house'}",US Politics and Immigration Policy,"{'US Immigration Policy': 'trump, ban, president, order, court, people, security, muslim, muslimban, refugee, trumps'}",US Immigration Policy
222,11,"['muslimban', 'nobannowall', 'trump', 'muslim', 'ban', 'refugee', 'refugeeswelcome', 'protest', 'law', 'people', 'support']",264,7,"['muslimban', 'muslim', 'maga', 'travelban']",12,"['muslimban', 'nobannowall', 'trump', 'refugee', 'muslim', 'ban', 'refugeeswelcome', 'protest', 'congress']",4,"['ban', 'trump', 'muslim', 'muslimban', 'refugee', 'trumps', 'order']","[3249051822, 4585824614, 4882200414]","muslimban,nobannowall,trump,muslim,ban,refugee,refugeeswelcome,protest,law,people,support,congress,maga,travelban,trumps,order","muslimban,nobannowall,trump,muslim,ban,refugee,refugeeswelcome,protest,law,people,support,congress","muslimban,muslim,maga,travelban,ban,trump,refugee,trumps,order","{'US Immigration Policy and Protests': 'muslimban, nobannowall, trump, muslim, ban, refugee, refugeeswelcome, protest, law, people, support, congress, maga, travelban, trumps, order'}",US Immigration Policy and Protests,"{'US Immigration Policy and Public Response': 'muslimban, nobannowall, trump, muslim, ban, refugee, refugeeswelcome, protest, law, people, support, congress'}",US Immigration Policy and Public Response,"{'US Immigration Policy': 'muslimban, travelban, ban, refugee, order', 'Trump Administration': 'trump, trumps, maga', 'Impact on Muslim Community': 'muslimban, muslim'}",US Immigration Policy.Trump Administration.Impact on Muslim Community
223,9,"['ban', 'travel', 'trump', 'immigration', 'trumps', 'president', 'order', 'court', 'judge', 'appeal', 'donald', 'federal', 'block', 'rule', 'legal']",265,14,"['ban', 'travel', 'trump', 'immigration', 'trumps', 'order', 'court', 'judge', 'president', 'appeal', 'donald', 'federal']",10,"['ban', 'trump', 'travel', 'immigration', 'trumps', 'judge', 'order', 'president', 'court', 'donald', 'appeal', 'white_house', 'homeland_security', 'federal']",6,"['ban', 'travel', 'trump', 'immigration', 'trumps', 'order', 'court', 'judge', 'president', 'appeal', 'federal', 'block', 'rule', 'white_house', 'halt', 'justice_department']","[2369186394, 2993167586, 3004622540]","ban,travel,trump,immigration,trumps,president,order,court,judge,appeal,donald,federal,block,rule,legal,white_house,homeland_security,halt,justice_department","ban,travel,trump,immigration,trumps,president,order,court,judge,appeal,donald,federal,block,rule,legal,white_house,homeland_security","ban,travel,trump,immigration,trumps,order,court,judge,president,appeal,donald,federal,block,rule,white_house,halt,justice_department","{'US Immigration Policy and Legal Challenges': 'ban, travel, trump, immigration, trumps, president, order, court, judge, appeal, donald, federal, block, rule, legal, white_house, homeland_security, halt, justice_department'}",US Immigration Policy and Legal Challenges,"{'US Immigration Policy': 'ban, travel, immigration, trumps, president, order, court, judge, appeal, donald, federal, block, rule, legal, white_house, homeland_security', 'Trump Administration Legal Challenges': 'trump, trumps, president, order, court, judge, appeal, donald, federal, block, rule, legal, white_house'}",US Immigration Policy.Trump Administration Legal Challenges,"{'US Immigration Policy and Legal Challenges': 'ban, travel, trump, immigration, trumps, order, court, judge, president, appeal, donald, federal, block, rule, white_house, halt, justice_department'}",US Immigration Policy and Legal Challenges
225,9,"['ban', 'travel', 'trump', 'immigration', 'trumps', 'president', 'order', 'court', 'judge', 'appeal', 'donald', 'federal', 'block', 'rule', 'legal']",267,14,"['ban', 'travel', 'trump', 'immigration', 'trumps', 'order', 'court', 'judge', 'president', 'appeal', 'donald', 'federal']",10,"['ban', 'trump', 'travel', 'immigration', 'trumps', 'judge', 'order', 'president', 'court', 'donald', 'appeal', 'white_house', 'homeland_security', 'federal']",6,"['ban', 'travel', 'trump', 'immigration', 'trumps', 'order', 'court', 'judge', 'president', 'appeal', 'federal', 'block', 'rule', 'white_house', 'halt', 'justice_department']","[16248209, 1523670222, 747234744857825280]","ban,travel,trump,immigration,trumps,president,order,court,judge,appeal,donald,federal,block,rule,legal,white_house,homeland_security,halt,justice_department","ban,travel,trump,immigration,trumps,president,order,court,judge,appeal,donald,federal,block,rule,legal,white_house,homeland_security","ban,travel,trump,immigration,trumps,order,court,judge,president,appeal,donald,federal,block,rule,white_house,halt,justice_department","{'US Immigration Policy and Legal Challenges': 'ban, travel, trump, immigration, trumps, president, order, court, judge, appeal, donald, federal, block, rule, legal, white_house, homeland_security, halt, justice_department'}",US Immigration Policy and Legal Challenges,"{'US Immigration Policy': 'ban, travel, immigration, trumps, president, order, court, judge, appeal, donald, federal, block, rule, legal, white_house, homeland_security', 'Trump Administration Legal Challenges': 'trump, trumps, president, order, court, judge, appeal, donald, federal, block, rule, legal, white_house'}",US Immigration Policy.Trump Administration Legal Challenges,"{'US Immigration Policy and Legal Challenges': 'ban, travel, trump, immigration, trumps, order, court, judge, president, appeal, donald, federal, block, rule, white_house, halt, justice_department'}",US Immigration Policy and Legal Challenges
226,11,"['muslimban', 'nobannowall', 'trump', 'muslim', 'ban', 'refugee', 'refugeeswelcome', 'protest', 'law', 'people', 'support']",268,9,"['trump', 'ban', 'president', 'order', 'court', 'people', 'security']",12,"['muslimban', 'nobannowall', 'trump', 'refugee', 'muslim', 'ban', 'refugeeswelcome', 'protest', 'congress']",4,"['ban', 'trump', 'muslim', 'muslimban', 'refugee', 'trumps', 'order']","[23236250, 2302866931, 762499712729526300]","muslimban,nobannowall,trump,muslim,ban,refugee,refugeeswelcome,protest,law,people,support,congress,president,order,court,security,trumps","muslimban,nobannowall,trump,muslim,ban,refugee,refugeeswelcome,protest,law,people,support,congress","trump,ban,president,order,court,people,security,muslim,muslimban,refugee,trumps","{'US Immigration Policy and Protests': 'muslimban, nobannowall, trump, muslim, ban, refugee, refugeeswelcome, protest, law, people, support, congress, president, order, court, security, trumps'}",US Immigration Policy and Protests,"{'US Immigration Policy and Public Response': 'muslimban, nobannowall, trump, muslim, ban, refugee, refugeeswelcome, protest, law, people, support, congress'}",US Immigration Policy and Public Response,"{'US Immigration Policy': 'trump, ban, president, order, court, people, security, muslim, muslimban, refugee, trumps'}",US Immigration Policy
227,1,"['ban', 'trump', 'muslim', 'bannon', 'white', 'security', 'house', 'call', 'lie', 'attack', 'terrorism', 'head', 'general', 'miller']",269,14,"['ban', 'travel', 'trump', 'immigration', 'trumps', 'order', 'court', 'judge', 'president', 'appeal', 'donald', 'federal']",4,"['ban', 'trump', 'muslim', 'travel', 'trumps', 'white_house', 'attack']",4,"['ban', 'trump', 'muslim', 'muslimban', 'refugee', 'trumps', 'order']","[20742461, 42362189, 717885843558379500, 717885843558379520]","ban,trump,muslim,bannon,white,security,house,call,lie,attack,terrorism,head,general,miller,travel,trumps,white_house,immigration,order,court,judge,president,appeal,donald,federal,muslimban,refugee","ban,trump,muslim,bannon,white,security,house,call,lie,attack,terrorism,head,general,miller,travel,trumps,white_house","ban,travel,trump,immigration,trumps,order,court,judge,president,appeal,donald,federal,muslim,muslimban,refugee","{""Trump Administration's Immigration Policies"": 'ban, trump, muslim, bannon, white, security, house, call, lie, attack, terrorism, head, general, miller, travel, trumps, white_house, immigration, order, court, judge, president, appeal, donald, federal, muslimban, refugee'}",Trump Administration's Immigration Policies,"{'US Politics and Immigration Policy': 'ban, trump, muslim, bannon, white, security, house, call, lie, attack, terrorism, head, general, miller, travel, trumps, white_house'}",US Politics and Immigration Policy,"{'US Immigration Policy': 'ban, travel, trump, immigration, trumps, order, court, judge, president, appeal, donald, federal, muslim, muslimban, refugee'}",US Immigration Policy
228,9,"['ban', 'travel', 'trump', 'immigration', 'trumps', 'president', 'order', 'court', 'judge', 'appeal', 'donald', 'federal', 'block', 'rule', 'legal']",271,9,"['trump', 'ban', 'president', 'order', 'court', 'people', 'security']",10,"['ban', 'trump', 'travel', 'immigration', 'trumps', 'judge', 'order', 'president', 'court', 'donald', 'appeal', 'white_house', 'homeland_security', 'federal']",6,"['ban', 'travel', 'trump', 'immigration', 'trumps', 'order', 'court', 'judge', 'president', 'appeal', 'federal', 'block', 'rule', 'white_house', 'halt', 'justice_department']","[2304694279, 705297432444162048, 705304099588182018]","ban,travel,trump,immigration,trumps,president,order,court,judge,appeal,donald,federal,block,rule,legal,white_house,homeland_security,people,security,halt,justice_department","ban,travel,trump,immigration,trumps,president,order,court,judge,appeal,donald,federal,block,rule,legal,white_house,homeland_security","trump,ban,president,order,court,people,security,travel,immigration,trumps,judge,appeal,federal,block,rule,white_house,halt,justice_department","{'US Immigration Policy and Legal Challenges': 'ban, travel, trump, immigration, trumps, president, order, court, judge, appeal, donald, federal, block, rule, legal, white_house, homeland_security, people, security, halt, justice_department'}",US Immigration Policy and Legal Challenges,"{'US Immigration Policy': 'ban, travel, immigration, trumps, president, order, court, judge, appeal, donald, federal, block, rule, legal, white_house, homeland_security', 'Trump Administration Legal Challenges': 'trump, trumps, president, order, court, judge, appeal, donald, federal, block, rule, legal, white_house'}",US Immigration Policy.Trump Administration Legal Challenges,"{'US Immigration Policy and Legal Challenges': 'trump, ban, president, order, court, people, security, travel, immigration, trumps, judge, appeal, federal, block, rule, white_house, halt, justice_department'}",US Immigration Policy and Legal Challenges
229,11,"['muslimban', 'nobannowall', 'trump', 'muslim', 'ban', 'refugee', 'refugeeswelcome', 'protest', 'law', 'people', 'support']",272,9,"['trump', 'ban', 'president', 'order', 'court', 'people', 'security']",12,"['muslimban', 'nobannowall', 'trump', 'refugee', 'muslim', 'ban', 'refugeeswelcome', 'protest', 'congress']",4,"['ban', 'trump', 'muslim', 'muslimban', 'refugee', 'trumps', 'order']","[591920938, 3294646451, 788481841481199616]","muslimban,nobannowall,trump,muslim,ban,refugee,refugeeswelcome,protest,law,people,support,congress,president,order,court,security,trumps","muslimban,nobannowall,trump,muslim,ban,refugee,refugeeswelcome,protest,law,people,support,congress","trump,ban,president,order,court,people,security,muslim,muslimban,refugee,trumps","{'US Immigration Policy and Protests': 'muslimban, nobannowall, trump, muslim, ban, refugee, refugeeswelcome, protest, law, people, support, congress, president, order, court, security, trumps'}",US Immigration Policy and Protests,"{'US Immigration Policy and Public Response': 'muslimban, nobannowall, trump, muslim, ban, refugee, refugeeswelcome, protest, law, people, support, congress'}",US Immigration Policy and Public Response,"{'US Immigration Policy': 'trump, ban, president, order, court, people, security, muslim, muslimban, refugee, trumps'}",US Immigration Policy
