absolute_community,absolute_unigram_topic,absolute_unigram_keywords,weighted_community,weighted_unigram_topic,weighted_unigram_keywords,absolute_bigram_topic,absolute_bigram_keywords,weighted_bigram_topic,weighted_bigram_keywords,members,all_keywords,absolute_keywords,weighted_keywords,general_theme_gpt,general_theme_names,absolute_theme_gpt,absolute_theme_names,weighted_theme_gpt,weighted_theme_names
2,7,"['ban', 'muslim', 'trumps', 'travel', 'trump', 'country', 'support', 'immigration', 'americans', 'muslimban', 'not']",0,10,"['ban', 'trump', 'muslim', 'travel', 'trumps', 'immigration', 'order', 'president', 'america', 'seek', 'heartland', 'refuge', 'country', 'protest', 'refugee']",7,"['ban', 'trump', 'travel', 'trumps', 'immigration', 'donald', 'order', 'muslim', 'president', 'fire', 'executive_order']",5,"['ban', 'trump', 'muslim', 'immigration', 'trumps', 'travel', 'order', 'executive_order', 'seek', 'protest', 'country']","[29442313, 773971417234890753, 777158905688449028]","ban,muslim,trumps,travel,trump,country,support,immigration,americans,muslimban,not,donald,order,president,fire,executive_order,america,seek,heartland,refuge,protest,refugee","ban,muslim,trumps,travel,trump,country,support,immigration,americans,muslimban,not,donald,order,president,fire,executive_order","ban,trump,muslim,travel,trumps,immigration,order,president,america,seek,heartland,refuge,country,protest,refugee,executive_order","{""Theme: Trump's Travel Ban"": 'ban, muslim, trumps, travel, trump, country, support, immigration, americans, muslimban, not, donald, order, president, executive_order, america, protest, refugee'}",Theme: Trump's Travel Ban,"{'US Immigration Policy': 'ban, muslim, trumps, travel, trump, country, support, immigration, americans, muslimban, not, donald, order, president, fire, executive_order'}",US Immigration Policy,"{'US Immigration Policy': 'ban, trump, muslim, travel, trumps, immigration, order, president, america, executive_order', 'Public Reaction to Immigration Policies': 'seek, heartland, refuge, country, protest, refugee'}",US Immigration Policy.Public Reaction to Immigration Policies
8,7,"['ban', 'muslim', 'trumps', 'travel', 'trump', 'country', 'support', 'immigration', 'americans', 'muslimban', 'not']",68,10,"['ban', 'trump', 'muslim', 'travel', 'trumps', 'immigration', 'order', 'president', 'america', 'seek', 'heartland', 'refuge', 'country', 'protest', 'refugee']",14,"['muslimban', 'resist', 'trumpleak', 'podcast']",5,"['ban', 'trump', 'muslim', 'immigration', 'trumps', 'travel', 'order', 'executive_order', 'seek', 'protest', 'country']","[15837659, 36538396, 58808888, 130617778, 134971995, 269348217, 1888341020, 2148326197, 2844693572, 2980312240, 768140059497365504, 803053854325542912, 814845550872948736]","ban,muslim,trumps,travel,trump,country,support,immigration,americans,muslimban,not,resist,trumpleak,podcast,order,president,america,seek,heartland,refuge,protest,refugee,executive_order","ban,muslim,trumps,travel,trump,country,support,immigration,americans,muslimban,not,resist,trumpleak,podcast","ban,trump,muslim,travel,trumps,immigration,order,president,america,seek,heartland,refuge,country,protest,refugee,executive_order","{'US Immigration Policy': 'ban, muslim, trumps, travel, trump, country, support, immigration, americans, muslimban, not, resist, trumpleak, podcast, order, president, america, seek, heartland, refuge, protest, refugee, executive_order'}",US Immigration Policy,"{'US Immigration Policy': ['ban', 'muslim', 'trumps', 'travel', 'trump', 'country', 'support', 'immigration', 'americans', 'muslimban'], 'Political Opposition': ['not', 'resist', 'trumpleak', 'podcast']}",US Immigration Policy.Political Opposition,"{'US Immigration Policy': 'ban, trump, muslim, travel, trumps, immigration, order, president, america, executive_order', 'Public Reaction to Immigration Policies': 'seek, heartland, refuge, country, protest, refugee'}",US Immigration Policy.Public Reaction to Immigration Policies
9,7,"['ban', 'muslim', 'trumps', 'travel', 'trump', 'country', 'support', 'immigration', 'americans', 'muslimban', 'not']",14,13,"['ban', 'trump', 'donald', 'trumps', 'immigration', 'travel', 'fire', 'muslim', 'attorney', 'general', 'state', 'cnn']",7,"['ban', 'trump', 'travel', 'trumps', 'immigration', 'donald', 'order', 'muslim', 'president', 'fire', 'executive_order']",8,"['ban', 'donald', 'trump', 'travel', 'trumps', 'immigration', 'fire', 'dissent_memo', 'fire_attorney', 'muslim', 'barack_obama', 'state_department']","[15464697, 17938103, 38971431, 47475039, 259321327, 302630755, 396450510, 3257958218, 3536755277, 707432781492699137, 824473943931293700]","ban,muslim,trumps,travel,trump,country,support,immigration,americans,muslimban,not,donald,order,president,fire,executive_order,attorney,general,state,cnn,dissent_memo,fire_attorney,barack_obama,state_department","ban,muslim,trumps,travel,trump,country,support,immigration,americans,muslimban,not,donald,order,president,fire,executive_order","ban,trump,donald,trumps,immigration,travel,fire,muslim,attorney,general,state,cnn,dissent_memo,fire_attorney,barack_obama,state_department","{'US Immigration Policy and Controversy': 'ban, muslim, trumps, travel, trump, country, support, immigration, americans, muslimban, not, donald, order, president, executive_order, attorney, general, state, cnn, dissent_memo, fire_attorney, barack_obama, state_department', 'Trump Administration and Legal Challenges': 'trump, executive_order, attorney, general, fire, fire_attorney, dissent_memo, state, state_department, cnn'}",US Immigration Policy and Controversy.Trump Administration and Legal Challenges,"{'US Immigration Policy': 'ban, muslim, trumps, travel, trump, country, support, immigration, americans, muslimban, not, donald, order, president, fire, executive_order'}",US Immigration Policy,"{'US Immigration Policy': ['ban', 'immigration', 'travel', 'muslim', 'dissent_memo'], 'Trump Administration Actions': ['trump', 'donald', 'trumps', 'fire', 'fire_attorney'], 'US Government and Legal Affairs': ['attorney', 'general', 'state', 'state_department', 'fire_attorney'], 'Media Coverage': ['cnn'], 'Obama Administration': ['barack_obama']}",US Immigration Policy.Trump Administration Actions.US Government and Legal Affairs.Media Coverage.Obama Administration
13,11,"['muslimban', 'maga', 'trump', 'refugee', 'worth']",7,5,"['muslimban', 'nobannowall', 'studentban', 'notbanstudentvisa', 'support', 'respect']",1,"['muslimban', 'nobannowall', 'muslim', 'trump', 'ban', 'executive_order', 'protest', 'people', 'refugee', 'student', 'iranian']",4,"['muslimban', 'racist', 'standuptotrump', 'london', 'value']","[61374952, 1374510187, 1471218535, 1489867182, 2903325074, 4272870988, 756828470550859776, 766701225291251712, 790284844739629056, 812435736146350081, 824069683607310337]","muslimban,maga,trump,refugee,worth,nobannowall,muslim,ban,executive_order,protest,people,student,iranian,studentban,notbanstudentvisa,support,respect,racist,standuptotrump,london,value","muslimban,maga,trump,refugee,worth,nobannowall,muslim,ban,executive_order,protest,people,student,iranian","muslimban,nobannowall,studentban,notbanstudentvisa,support,respect,racist,standuptotrump,london,value","{'US Immigration Policies': 'muslimban, maga, trump, refugee, nobannowall, muslim, ban, executive_order, protest, student, iranian, studentban, notbanstudentvisa, support, respect, racist, standuptotrump', 'International Reactions': 'people, london, value, worth'}",US Immigration Policies.International Reactions,"{'US Immigration Policy and Protests': 'muslimban, maga, trump, refugee, nobannowall, muslim, ban, executive_order, protest, iranian', 'Social and Political Impact': 'worth, people, student'}",US Immigration Policy and Protests.Social and Political Impact,"{'Protest Against Immigration Policies': 'muslimban, nobannowall, studentban, notbanstudentvisa, standuptotrump', 'Advocacy for Inclusivity and Respect': 'support, respect, racist, value', 'Location of Activism': 'london'}",Protest Against Immigration Policies.Advocacy for Inclusivity and Respect.Location of Activism
16,2,"['ban', 'trump', 'travel', 'immigration', 'trumps', 'president', 'order', 'protest', 'muslim', 'defend']",9,10,"['ban', 'trump', 'muslim', 'travel', 'trumps', 'immigration', 'order', 'president', 'america', 'seek', 'heartland', 'refuge', 'country', 'protest', 'refugee']",7,"['ban', 'trump', 'travel', 'trumps', 'immigration', 'donald', 'order', 'muslim', 'president', 'fire', 'executive_order']",5,"['ban', 'trump', 'muslim', 'immigration', 'trumps', 'travel', 'order', 'executive_order', 'seek', 'protest', 'country']","[121817564, 2396355364, 3391168425]","ban,trump,travel,immigration,trumps,president,order,protest,muslim,defend,donald,fire,executive_order,america,seek,heartland,refuge,country,refugee","ban,trump,travel,immigration,trumps,president,order,protest,muslim,defend,donald,fire,executive_order","ban,trump,muslim,travel,trumps,immigration,order,president,america,seek,heartland,refuge,country,protest,refugee,executive_order","{'US Immigration Policy': 'ban, travel, immigration, trumps, president, order, executive_order, america, country', 'Trump Administration': 'trump, donald, president, executive_order', 'Protests and Public Response': 'protest, defend, fire, seek, heartland', 'Muslim and Refugee Issues': 'muslim, refuge, refugee'}",US Immigration Policy.Trump Administration.Protests and Public Response.Muslim and Refugee Issues,"{'US Immigration Policy and Controversy': 'ban, trump, travel, immigration, trumps, president, order, protest, muslim, defend, donald, executive_order', 'Public Reaction to Government Actions': 'protest, defend, fire'}",US Immigration Policy and Controversy.Public Reaction to Government Actions,"{'US Immigration Policy': 'ban, trump, muslim, travel, trumps, immigration, order, president, america, executive_order', 'Public Reaction to Immigration Policies': 'seek, heartland, refuge, country, protest, refugee'}",US Immigration Policy.Public Reaction to Immigration Policies
17,2,"['ban', 'trump', 'travel', 'immigration', 'trumps', 'president', 'order', 'protest', 'muslim', 'defend']",11,13,"['ban', 'trump', 'donald', 'trumps', 'immigration', 'travel', 'fire', 'muslim', 'attorney', 'general', 'state', 'cnn']",7,"['ban', 'trump', 'travel', 'trumps', 'immigration', 'donald', 'order', 'muslim', 'president', 'fire', 'executive_order']",8,"['ban', 'donald', 'trump', 'travel', 'trumps', 'immigration', 'fire', 'dissent_memo', 'fire_attorney', 'muslim', 'barack_obama', 'state_department']","[18082945, 279425578, 414638265, 616260000, 1568656350, 2927222132, 3033123912, 3740303121, 4794182534]","ban,trump,travel,immigration,trumps,president,order,protest,muslim,defend,donald,fire,executive_order,attorney,general,state,cnn,dissent_memo,fire_attorney,barack_obama,state_department","ban,trump,travel,immigration,trumps,president,order,protest,muslim,defend,donald,fire,executive_order","ban,trump,donald,trumps,immigration,travel,fire,muslim,attorney,general,state,cnn,dissent_memo,fire_attorney,barack_obama,state_department","{'US Immigration Policy and Controversy': 'ban, trump, travel, immigration, trumps, president, order, protest, muslim, defend, donald, executive_order, attorney, general, state, cnn, dissent_memo, fire_attorney, barack_obama, state_department', 'Political Actions and Reactions': 'fire, protest, defend, donald, executive_order, attorney, general, cnn, dissent_memo, fire_attorney, barack_obama, state_department'}",US Immigration Policy and Controversy.Political Actions and Reactions,"{'US Immigration Policy and Controversy': 'ban, trump, travel, immigration, trumps, president, order, protest, muslim, defend, donald, executive_order', 'Public Reaction to Government Actions': 'protest, defend, fire'}",US Immigration Policy and Controversy.Public Reaction to Government Actions,"{'US Immigration Policy': ['ban', 'immigration', 'travel', 'muslim', 'dissent_memo'], 'Trump Administration Actions': ['trump', 'donald', 'trumps', 'fire', 'fire_attorney'], 'US Government and Legal Affairs': ['attorney', 'general', 'state', 'state_department', 'fire_attorney'], 'Media Coverage': ['cnn'], 'Obama Administration': ['barack_obama']}",US Immigration Policy.Trump Administration Actions.US Government and Legal Affairs.Media Coverage.Obama Administration
18,9,"['muslimban', 'nobannowall', 'studentban', 'notbanstudentvisa', 'student', 'muslim', 'people', 'iranian', 'letthemin']",12,4,"['muslimban', 'canada', 'trump', 'europe', 'lax']",12,"['migrant_europe', 'foxnew_breitbart', 'maga_vet', 'muslimban', 'canada', 'breitbart']",0,"['muslimban', 'faith_passport', 'leave_lax', 'target_base', 'lax', 'case_wonder', 'protest_exist', 'faith', 'target', 'arrive_lax', 'ask_religious', 'retainer_suppose', 'chase_lawyer', 'ambulance', 'lax_smh', 'people', 'passport', 'break']","[21159536, 24443584, 50636372, 62065766, 130139655, 150708880, 293750409, 293795578, 342034927, 414783141, 473630309, 554223879, 729264218, 848478188, 851376192, 1101298442, 1322873018, 1336902607, 1489325107, 1626294277, 2555055486, 2734172982, 2804138785, 2914421262, 2930948224, 2960637632, 3426731170, 709492573421764608, 757659763928866816, 806394851822551040, 817142310588841984, 825010900277014528, 825159194751881216]","muslimban,nobannowall,studentban,notbanstudentvisa,student,muslim,people,iranian,letthemin,migrant_europe,foxnew_breitbart,maga_vet,canada,breitbart,trump,europe,lax,faith_passport,leave_lax,target_base,case_wonder,protest_exist,faith,target,arrive_lax,ask_religious,retainer_suppose,chase_lawyer,ambulance,lax_smh,passport,break","muslimban,nobannowall,studentban,notbanstudentvisa,student,muslim,people,iranian,letthemin,migrant_europe,foxnew_breitbart,maga_vet,canada,breitbart","muslimban,canada,trump,europe,lax,faith_passport,leave_lax,target_base,case_wonder,protest_exist,faith,target,arrive_lax,ask_religious,retainer_suppose,chase_lawyer,ambulance,lax_smh,people,passport,break","{'Travel Ban and Immigration Protests': ['muslimban', 'nobannowall', 'studentban', 'notbanstudentvisa', 'student', 'muslim', 'people', 'iranian', 'letthemin', 'migrant_europe', 'protest_exist', 'faith_passport', 'ask_religious', 'passport', 'leave_lax', 'arrive_lax', 'lax', 'lax_smh', 'target_base', 'target', 'case_wonder', 'retainer_suppose', 'chase_lawyer', 'ambulance', 'break'], 'Media and Political Influence': ['foxnew_breitbart', 'maga_vet', 'breitbart', 'trump', 'canada', 'europe']}",Travel Ban and Immigration Protests.Media and Political Influence,"{'Travel and Immigration Restrictions': ['muslimban', 'nobannowall', 'studentban', 'notbanstudentvisa', 'letthemin', 'migrant_europe'], 'Impact on Specific Groups': ['student', 'muslim', 'iranian', 'people'], 'Media and Political Influence': ['foxnew_breitbart', 'maga_vet', 'breitbart'], 'International Relations': ['canada']}",Travel and Immigration Restrictions.Impact on Specific Groups.Media and Political Influence.International Relations,"{'Travel Restrictions and Immigration': 'muslimban, canada, trump, europe, lax, faith_passport, leave_lax, target_base, case_wonder, protest_exist, faith, target, arrive_lax, ask_religious, retainer_suppose, chase_lawyer, ambulance, lax_smh, people, passport, break'}",Travel Restrictions and Immigration
19,2,"['ban', 'trump', 'travel', 'immigration', 'trumps', 'president', 'order', 'protest', 'muslim', 'defend']",64,10,"['ban', 'trump', 'muslim', 'travel', 'trumps', 'immigration', 'order', 'president', 'america', 'seek', 'heartland', 'refuge', 'country', 'protest', 'refugee']",7,"['ban', 'trump', 'travel', 'trumps', 'immigration', 'donald', 'order', 'muslim', 'president', 'fire', 'executive_order']",5,"['ban', 'trump', 'muslim', 'immigration', 'trumps', 'travel', 'order', 'executive_order', 'seek', 'protest', 'country']","[972651, 16815644, 18993395, 25053299, 36327407, 162437804, 193904555, 800676192, 2622227999, 821504432374501376]","ban,trump,travel,immigration,trumps,president,order,protest,muslim,defend,donald,fire,executive_order,america,seek,heartland,refuge,country,refugee","ban,trump,travel,immigration,trumps,president,order,protest,muslim,defend,donald,fire,executive_order","ban,trump,muslim,travel,trumps,immigration,order,president,america,seek,heartland,refuge,country,protest,refugee,executive_order","{'US Immigration Policy and Controversy': 'ban, trump, travel, immigration, trumps, president, order, protest, muslim, defend, donald, fire, executive_order, america, seek, heartland, refuge, country, refugee'}",US Immigration Policy and Controversy,"{'US Immigration Policy and Controversy': 'ban, trump, travel, immigration, trumps, president, order, protest, muslim, defend, donald, executive_order', 'Public Reaction to Government Actions': 'protest, defend, fire'}",US Immigration Policy and Controversy.Public Reaction to Government Actions,"{'US Immigration Policy': 'ban, trump, muslim, travel, trumps, immigration, order, president, america, executive_order', 'Public Reaction to Immigration Policies': 'seek, heartland, refuge, country, protest, refugee'}",US Immigration Policy.Public Reaction to Immigration Policies
20,2,"['ban', 'trump', 'travel', 'immigration', 'trumps', 'president', 'order', 'protest', 'muslim', 'defend']",13,13,"['ban', 'trump', 'donald', 'trumps', 'immigration', 'travel', 'fire', 'muslim', 'attorney', 'general', 'state', 'cnn']",7,"['ban', 'trump', 'travel', 'trumps', 'immigration', 'donald', 'order', 'muslim', 'president', 'fire', 'executive_order']",8,"['ban', 'donald', 'trump', 'travel', 'trumps', 'immigration', 'fire', 'dissent_memo', 'fire_attorney', 'muslim', 'barack_obama', 'state_department']","[35228624, 90182089, 107794703, 132549988, 452995365, 458341983, 473519962, 573953385, 592877327, 857892534, 1083749497, 1125937411, 1300838640, 1725725448, 2225747204, 2858541770, 4105901787]","ban,trump,travel,immigration,trumps,president,order,protest,muslim,defend,donald,fire,executive_order,attorney,general,state,cnn,dissent_memo,fire_attorney,barack_obama,state_department","ban,trump,travel,immigration,trumps,president,order,protest,muslim,defend,donald,fire,executive_order","ban,trump,donald,trumps,immigration,travel,fire,muslim,attorney,general,state,cnn,dissent_memo,fire_attorney,barack_obama,state_department","{'US Immigration Policy Controversy': 'ban, trump, travel, immigration, trumps, president, order, protest, muslim, defend, donald, executive_order, attorney, general, state, cnn, dissent_memo, fire_attorney, barack_obama, state_department'}",US Immigration Policy Controversy,"{'US Immigration Policy and Controversy': 'ban, trump, travel, immigration, trumps, president, order, protest, muslim, defend, donald, executive_order', 'Public Reaction to Government Actions': 'protest, defend, fire'}",US Immigration Policy and Controversy.Public Reaction to Government Actions,"{'US Immigration Policy': ['ban', 'immigration', 'travel', 'muslim', 'dissent_memo'], 'Trump Administration Actions': ['trump', 'donald', 'trumps', 'fire', 'fire_attorney'], 'US Government and Legal Affairs': ['attorney', 'general', 'state', 'state_department', 'fire_attorney'], 'Media Coverage': ['cnn'], 'Obama Administration': ['barack_obama']}",US Immigration Policy.Trump Administration Actions.US Government and Legal Affairs.Media Coverage.Obama Administration
22,9,"['muslimban', 'nobannowall', 'studentban', 'notbanstudentvisa', 'student', 'muslim', 'people', 'iranian', 'letthemin']",15,1,"['iranian', 'crowd', 'themarchcontinue', 'atlanta', 'chant']",1,"['muslimban', 'nobannowall', 'muslim', 'trump', 'ban', 'executive_order', 'protest', 'people', 'refugee', 'student', 'iranian']",7,"['theresistance_alternativefact', 'ban', 'executive_order', 'muslimban', 'vote', 'alternativefact', 'powerful_message']","[65698096, 239664892, 1566650000, 818655030970617857]","muslimban,nobannowall,studentban,notbanstudentvisa,student,muslim,people,iranian,letthemin,trump,ban,executive_order,protest,refugee,crowd,themarchcontinue,atlanta,chant,theresistance_alternativefact,vote,alternativefact,powerful_message","muslimban,nobannowall,studentban,notbanstudentvisa,student,muslim,people,iranian,letthemin,trump,ban,executive_order,protest,refugee","iranian,crowd,themarchcontinue,atlanta,chant,theresistance_alternativefact,ban,executive_order,muslimban,vote,alternativefact,powerful_message","{'Travel Ban Protests': 'muslimban, nobannowall, studentban, notbanstudentvisa, student, muslim, people, iranian, letthemin, trump, ban, executive_order, protest, refugee, crowd, themarchcontinue, atlanta, chant, theresistance_alternativefact, vote, alternativefact, powerful_message'}",Travel Ban Protests,"{'Travel and Immigration Restrictions': 'muslimban, nobannowall, studentban, notbanstudentvisa, student, muslim, people, iranian, letthemin, trump, ban, executive_order, protest, refugee'}",Travel and Immigration Restrictions,"{'Protest Against Executive Order': 'iranian, crowd, themarchcontinue, atlanta, chant, theresistance_alternativefact, ban, executive_order, muslimban, vote, alternativefact, powerful_message'}",Protest Against Executive Order
23,2,"['ban', 'trump', 'travel', 'immigration', 'trumps', 'president', 'order', 'protest', 'muslim', 'defend']",48,10,"['ban', 'trump', 'muslim', 'travel', 'trumps', 'immigration', 'order', 'president', 'america', 'seek', 'heartland', 'refuge', 'country', 'protest', 'refugee']",7,"['ban', 'trump', 'travel', 'trumps', 'immigration', 'donald', 'order', 'muslim', 'president', 'fire', 'executive_order']",5,"['ban', 'trump', 'muslim', 'immigration', 'trumps', 'travel', 'order', 'executive_order', 'seek', 'protest', 'country']","[22799750, 824270573203292200, 826037707084279809]","ban,trump,travel,immigration,trumps,president,order,protest,muslim,defend,donald,fire,executive_order,america,seek,heartland,refuge,country,refugee","ban,trump,travel,immigration,trumps,president,order,protest,muslim,defend,donald,fire,executive_order","ban,trump,muslim,travel,trumps,immigration,order,president,america,seek,heartland,refuge,country,protest,refugee,executive_order","{'US Immigration Policy and Controversy': 'ban, trump, travel, immigration, trumps, president, order, protest, muslim, defend, donald, fire, executive_order, america, seek, heartland, refuge, country, refugee'}",US Immigration Policy and Controversy,"{'US Immigration Policy and Controversy': 'ban, trump, travel, immigration, trumps, president, order, protest, muslim, defend, donald, executive_order', 'Public Reaction to Government Actions': 'protest, defend, fire'}",US Immigration Policy and Controversy.Public Reaction to Government Actions,"{'US Immigration Policy': 'ban, trump, muslim, travel, trumps, immigration, order, president, america, executive_order', 'Public Reaction to Immigration Policies': 'seek, heartland, refuge, country, protest, refugee'}",US Immigration Policy.Public Reaction to Immigration Policies
24,5,"['ban', 'trump', 'donald', 'trumps', 'immigration', 'travel', 'fire', 'company', 'state', 'nodapl', 'muslim', 'general', 'cnn', 'attorney', 'big']",17,13,"['ban', 'trump', 'donald', 'trumps', 'immigration', 'travel', 'fire', 'muslim', 'attorney', 'general', 'state', 'cnn']",7,"['ban', 'trump', 'travel', 'trumps', 'immigration', 'donald', 'order', 'muslim', 'president', 'fire', 'executive_order']",8,"['ban', 'donald', 'trump', 'travel', 'trumps', 'immigration', 'fire', 'dissent_memo', 'fire_attorney', 'muslim', 'barack_obama', 'state_department']","[863001163, 863191454, 870859134, 870865213, 870872898, 870876488, 870879266, 870881976, 870882342, 870886394, 870886453, 870889484, 870892134, 870893084, 870895488, 870898004, 870898051, 870899796, 870901164, 870903090, 870903534, 870906686, 870907736, 870911347, 870912794, 870912895, 896433678, 896440986, 896449622, 915468734, 915656912, 915722492, 915760574, 915807048, 915807342, 915812143, 915896065, 915915606, 915932196, 915975206, 915986017, 916004004, 916006585, 916017960, 916037102, 916051280, 916141712, 916185487, 916342638, 916490078, 929528022, 929532313, 951795330, 951798776, 951825942, 953096516, 1091967787, 1091969084, 1091988979, 1092580321, 1092968340, 1093086042, 1093122954, 1093140967, 1094795100, 4431576263, 4496932162, 4501456696, 4506488051, 4577589252, 4697031619, 4697675496, 4698236432, 4699061804, 705010088587739136, 708109929941495809, 708153637780979712, 708204345469345792, 753111979355701248, 753118526911737856, 753124449491283968, 753135483530649600, 753146433897922560, 753150029808951297, 753245086503276545, 753257017985343488, 753261223056211968, 754526264065744896, 755773802613792769, 755801917125779457, 755807795702890496, 755808480037105664, 755814710847602688, 755820797202137088, 755848821448511488, 755853320858763264, 756235895880179712, 756249866553192448, 756264959336669184, 756271610244526080, 756286894376415232, 756303624167362560, 756337577960046593, 756369439541583872, 756385096224108544, 756397841925435392, 756399335533846528, 756423469265481728, 756482440215072768, 756727573401534464, 756773426640121856, 756842252295700480, 756867598743109632, 756875453483319296, 756881732826193921, 756891080294039553, 756891507173580800, 756891633086566400, 756893436091961345, 756896667174043648, 756904523189346304, 756905542979813376, 756909373197254656, 756911892535336960, 756912977866002433, 756915457672769536, 756916488829796352, 756919296312344576, 756922206555410432, 756925310289973249, 765572460586696704, 765676559256711168, 765807721782411264, 765809493590564864, 765812133221236736, 765838829454499841, 765857763712966657, 765869743328915456, 765875465114492928, 765877629308301312, 765881369943764992, 765890902317563904, 765895476755464192, 765907582259167233, 765909919019196416, 765910052708421632, 765914327887085568, 784263169996836900]","ban,trump,donald,trumps,immigration,travel,fire,company,state,nodapl,muslim,general,cnn,attorney,big,order,president,executive_order,dissent_memo,fire_attorney,barack_obama,state_department","ban,trump,donald,trumps,immigration,travel,fire,company,state,nodapl,muslim,general,cnn,attorney,big,order,president,executive_order","ban,trump,donald,trumps,immigration,travel,fire,muslim,attorney,general,state,cnn,dissent_memo,fire_attorney,barack_obama,state_department","{'US Immigration Policy': ['ban', 'immigration', 'travel', 'muslim', 'executive_order'], 'Trump Administration Actions': ['trump', 'donald', 'trumps', 'president', 'order', 'executive_order', 'fire', 'fire_attorney'], 'Political Dissent and Response': ['dissent_memo', 'fire_attorney', 'state_department', 'attorney'], 'Media and Public Discourse': ['cnn', 'general', 'big'], 'Obama Administration Legacy': ['barack_obama'], 'Environmental and Indigenous Rights': ['nodapl']}",US Immigration Policy.Trump Administration Actions.Political Dissent and Response.Media and Public Discourse.Obama Administration Legacy.Environmental and Indigenous Rights,"{'US Immigration Policy': ['ban', 'immigration', 'travel', 'muslim', 'executive_order'], ""Donald Trump's Presidency"": ['trump', 'donald', 'trumps', 'president', 'executive_order'], 'Legal and Government Actions': ['attorney', 'order', 'state', 'general'], 'Media and News Coverage': ['cnn', 'big'], 'Corporate and Environmental Issues': ['fire', 'company', 'nodapl']}",US Immigration Policy.Donald Trump's Presidency.Legal and Government Actions.Media and News Coverage.Corporate and Environmental Issues,"{'US Immigration Policy': ['ban', 'immigration', 'travel', 'muslim', 'dissent_memo'], 'Trump Administration Actions': ['trump', 'donald', 'trumps', 'fire', 'fire_attorney'], 'US Government and Legal Affairs': ['attorney', 'general', 'state', 'state_department', 'fire_attorney'], 'Media Coverage': ['cnn'], 'Obama Administration': ['barack_obama']}",US Immigration Policy.Trump Administration Actions.US Government and Legal Affairs.Media Coverage.Obama Administration
25,2,"['ban', 'trump', 'travel', 'immigration', 'trumps', 'president', 'order', 'protest', 'muslim', 'defend']",18,2,"['muslimban', 'trump', 'theresistance', 'nobannowall', 'nomuslimban', 'muslim', 'vote', 'session']",1,"['muslimban', 'nobannowall', 'muslim', 'trump', 'ban', 'executive_order', 'protest', 'people', 'refugee', 'student', 'iranian']",7,"['theresistance_alternativefact', 'ban', 'executive_order', 'muslimban', 'vote', 'alternativefact', 'powerful_message']","[15311722, 20290608, 42176166]","ban,trump,travel,immigration,trumps,president,order,protest,muslim,defend,muslimban,nobannowall,executive_order,people,refugee,student,iranian,theresistance,nomuslimban,vote,session,theresistance_alternativefact,alternativefact,powerful_message","ban,trump,travel,immigration,trumps,president,order,protest,muslim,defend,muslimban,nobannowall,executive_order,people,refugee,student,iranian","muslimban,trump,theresistance,nobannowall,nomuslimban,muslim,vote,session,theresistance_alternativefact,ban,executive_order,alternativefact,powerful_message","{'US Immigration Policy and Protests': 'ban, trump, travel, immigration, trumps, president, order, protest, muslim, defend, muslimban, nobannowall, executive_order, people, refugee, student, iranian, theresistance, nomuslimban, vote, session, theresistance_alternativefact, alternativefact, powerful_message'}",US Immigration Policy and Protests,"{'US Immigration Policy and Protests': 'ban, trump, travel, immigration, trumps, president, order, protest, muslim, defend, muslimban, nobannowall, executive_order, people, refugee, student, iranian'}",US Immigration Policy and Protests,"{'Political Protest Against Immigration Policies': ['muslimban', 'trump', 'theresistance', 'nobannowall', 'nomuslimban', 'muslim', 'vote', 'session', 'theresistance_alternativefact', 'ban', 'executive_order', 'alternativefact', 'powerful_message']}",Political Protest Against Immigration Policies
26,2,"['ban', 'trump', 'travel', 'immigration', 'trumps', 'president', 'order', 'protest', 'muslim', 'defend']",32,10,"['ban', 'trump', 'muslim', 'travel', 'trumps', 'immigration', 'order', 'president', 'america', 'seek', 'heartland', 'refuge', 'country', 'protest', 'refugee']",1,"['muslimban', 'nobannowall', 'muslim', 'trump', 'ban', 'executive_order', 'protest', 'people', 'refugee', 'student', 'iranian']",5,"['ban', 'trump', 'muslim', 'immigration', 'trumps', 'travel', 'order', 'executive_order', 'seek', 'protest', 'country']","[16002085, 24623545, 2316383071]","ban,trump,travel,immigration,trumps,president,order,protest,muslim,defend,muslimban,nobannowall,executive_order,people,refugee,student,iranian,america,seek,heartland,refuge,country","ban,trump,travel,immigration,trumps,president,order,protest,muslim,defend,muslimban,nobannowall,executive_order,people,refugee,student,iranian","ban,trump,muslim,travel,trumps,immigration,order,president,america,seek,heartland,refuge,country,protest,refugee,executive_order","{'Theme: Immigration and Travel Ban': 'ban, trump, travel, immigration, trumps, president, order, protest, muslim, defend, muslimban, nobannowall, executive_order, people, refugee, student, iranian, america, seek, heartland, refuge, country'}",Theme: Immigration and Travel Ban,"{'US Immigration Policy and Protests': 'ban, trump, travel, immigration, trumps, president, order, protest, muslim, defend, muslimban, nobannowall, executive_order, people, refugee, student, iranian'}",US Immigration Policy and Protests,"{'US Immigration Policy': 'ban, trump, muslim, travel, trumps, immigration, order, president, america, executive_order', 'Public Reaction to Immigration Policies': 'seek, heartland, refuge, country, protest, refugee'}",US Immigration Policy.Public Reaction to Immigration Policies
27,2,"['ban', 'trump', 'travel', 'immigration', 'trumps', 'president', 'order', 'protest', 'muslim', 'defend']",19,10,"['ban', 'trump', 'muslim', 'travel', 'trumps', 'immigration', 'order', 'president', 'america', 'seek', 'heartland', 'refuge', 'country', 'protest', 'refugee']",7,"['ban', 'trump', 'travel', 'trumps', 'immigration', 'donald', 'order', 'muslim', 'president', 'fire', 'executive_order']",5,"['ban', 'trump', 'muslim', 'immigration', 'trumps', 'travel', 'order', 'executive_order', 'seek', 'protest', 'country']","[375721095, 623102879, 2878831764, 747537404031082496]","ban,trump,travel,immigration,trumps,president,order,protest,muslim,defend,donald,fire,executive_order,america,seek,heartland,refuge,country,refugee","ban,trump,travel,immigration,trumps,president,order,protest,muslim,defend,donald,fire,executive_order","ban,trump,muslim,travel,trumps,immigration,order,president,america,seek,heartland,refuge,country,protest,refugee,executive_order","{'US Immigration Policy': 'ban, travel, immigration, order, executive_order, refugee', 'Trump Administration': 'trump, trumps, president, donald, america', 'Public Reaction': 'protest, defend, fire, seek, heartland', 'Muslim Community': 'muslim, refuge, country'}",US Immigration Policy.Trump Administration.Public Reaction.Muslim Community,"{'US Immigration Policy and Controversy': 'ban, trump, travel, immigration, trumps, president, order, protest, muslim, defend, donald, executive_order', 'Public Reaction to Government Actions': 'protest, defend, fire'}",US Immigration Policy and Controversy.Public Reaction to Government Actions,"{'US Immigration Policy': 'ban, trump, muslim, travel, trumps, immigration, order, president, america, executive_order', 'Public Reaction to Immigration Policies': 'seek, heartland, refuge, country, protest, refugee'}",US Immigration Policy.Public Reaction to Immigration Policies
29,2,"['ban', 'trump', 'travel', 'immigration', 'trumps', 'president', 'order', 'protest', 'muslim', 'defend']",21,2,"['muslimban', 'trump', 'theresistance', 'nobannowall', 'nomuslimban', 'muslim', 'vote', 'session']",7,"['ban', 'trump', 'travel', 'trumps', 'immigration', 'donald', 'order', 'muslim', 'president', 'fire', 'executive_order']",5,"['ban', 'trump', 'muslim', 'immigration', 'trumps', 'travel', 'order', 'executive_order', 'seek', 'protest', 'country']","[5914832, 247077085, 319939901, 4091551984, 803377497828106241]","ban,trump,travel,immigration,trumps,president,order,protest,muslim,defend,donald,fire,executive_order,muslimban,theresistance,nobannowall,nomuslimban,vote,session,seek,country","ban,trump,travel,immigration,trumps,president,order,protest,muslim,defend,donald,fire,executive_order","muslimban,trump,theresistance,nobannowall,nomuslimban,muslim,vote,session,ban,immigration,trumps,travel,order,executive_order,seek,protest,country","{'US Immigration Policy and Protests': 'ban, trump, travel, immigration, trumps, president, order, protest, muslim, defend, donald, fire, executive_order, muslimban, theresistance, nobannowall, nomuslimban, vote, session, seek, country'}",US Immigration Policy and Protests,"{'US Immigration Policy and Controversy': 'ban, trump, travel, immigration, trumps, president, order, protest, muslim, defend, donald, executive_order', 'Public Reaction to Government Actions': 'protest, defend, fire'}",US Immigration Policy and Controversy.Public Reaction to Government Actions,"{'US Immigration Policy Protests': 'muslimban, trump, theresistance, nobannowall, nomuslimban, muslim, vote, session, ban, immigration, trumps, travel, order, executive_order, seek, protest, country'}",US Immigration Policy Protests
31,1,"['muslimban', 'resist', 'trumpleak', 'podcast', 'theresistance', 'impeachtrump']",22,11,"['podcast', 'muslimban']",14,"['muslimban', 'resist', 'trumpleak', 'podcast']",6,['podcast'],"[379463455, 394321115, 446152771, 574305212, 706717872, 2759493606, 3274836912, 4538687428, 711649894402928600, 714472739407532032, 714562213516685312, 715245592058978305, 716102970773999616, 724711124893990912, 732667678620409856, 734864156122329092, 738425324422107136, 743187808366518272, 743189445491494912, 746441692845309953, 759054028147859457, 763115371817738240, 776542522642268160, 792119664277069826, 793932599567810560, 794286055675543552, 800106603336769536, 813626233208655872, 818367612723703809, 818586359673651200, 819308323107389441, 819707795574497280]","muslimban,resist,trumpleak,podcast,theresistance,impeachtrump","muslimban,resist,trumpleak,podcast,theresistance,impeachtrump","podcast,muslimban","{'Political Opposition to Trump Administration': 'muslimban, resist, trumpleak, theresistance, impeachtrump', 'Media and Information Sharing': 'podcast'}",Political Opposition to Trump Administration.Media and Information Sharing,"{'Political Opposition to Trump Administration': 'muslimban, resist, trumpleak, theresistance, impeachtrump', 'Media and Communication': 'podcast'}",Political Opposition to Trump Administration.Media and Communication,"{'Media and Immigration Policy': 'podcast, muslimban'}",Media and Immigration Policy
32,11,"['muslimban', 'maga', 'trump', 'refugee', 'worth']",23,7,"['muslimban', 'maga', 'student', 'refugee', 'worth', 'migrant', 'dear', 'trump', 'americafirst', 'america', 'dream']",1,"['muslimban', 'nobannowall', 'muslim', 'trump', 'ban', 'executive_order', 'protest', 'people', 'refugee', 'student', 'iranian']",1,"['muslim', 'america_heartland', 'america', 'muslimban', 'heartland', 'refuge', 'seek_refuge', 'seek_refuge_america_heartland', 'trump', 'maga', 'start_help', 'heartland_kill', 'refugee', 'migrant_europe', 'ohio']","[461162710, 3178290264, 4853875997]","muslimban,maga,trump,refugee,worth,nobannowall,muslim,ban,executive_order,protest,people,student,iranian,migrant,dear,americafirst,america,dream,america_heartland,heartland,refuge,seek_refuge,seek_refuge_america_heartland,start_help,heartland_kill,migrant_europe,ohio","muslimban,maga,trump,refugee,worth,nobannowall,muslim,ban,executive_order,protest,people,student,iranian","muslimban,maga,student,refugee,worth,migrant,dear,trump,americafirst,america,dream,muslim,america_heartland,heartland,refuge,seek_refuge,seek_refuge_america_heartland,start_help,heartland_kill,migrant_europe,ohio","{'US Immigration Policy and Protests': ['muslimban', 'maga', 'trump', 'refugee', 'nobannowall', 'muslim', 'ban', 'executive_order', 'protest', 'people', 'student', 'iranian', 'migrant', 'dear', 'americafirst', 'america', 'dream', 'america_heartland', 'heartland', 'refuge', 'seek_refuge', 'seek_refuge_america_heartland', 'start_help', 'heartland_kill', 'migrant_europe', 'ohio']}",US Immigration Policy and Protests,"{'US Immigration Policy and Protests': 'muslimban, maga, trump, refugee, nobannowall, muslim, ban, executive_order, protest, iranian', 'Social and Political Impact': 'worth, people, student'}",US Immigration Policy and Protests.Social and Political Impact,"{'US Immigration and Refugee Policies': ['muslimban', 'refugee', 'migrant', 'refuge', 'seek_refuge', 'seek_refuge_america_heartland', 'migrant_europe'], 'American Political Climate': ['maga', 'trump', 'americafirst', 'america', 'america_heartland', 'heartland', 'ohio'], 'Education and Youth': ['student', 'dream'], 'Social Values and Worth': ['worth', 'dear', 'start_help', 'heartland_kill']}",US Immigration and Refugee Policies.American Political Climate.Education and Youth.Social Values and Worth
33,9,"['muslimban', 'nobannowall', 'studentban', 'notbanstudentvisa', 'student', 'muslim', 'people', 'iranian', 'letthemin']",24,13,"['ban', 'trump', 'donald', 'trumps', 'immigration', 'travel', 'fire', 'muslim', 'attorney', 'general', 'state', 'cnn']",1,"['muslimban', 'nobannowall', 'muslim', 'trump', 'ban', 'executive_order', 'protest', 'people', 'refugee', 'student', 'iranian']",5,"['ban', 'trump', 'muslim', 'immigration', 'trumps', 'travel', 'order', 'executive_order', 'seek', 'protest', 'country']","[2758089935, 823679509320777729, 825902308340940800]","muslimban,nobannowall,studentban,notbanstudentvisa,student,muslim,people,iranian,letthemin,trump,ban,executive_order,protest,refugee,donald,trumps,immigration,travel,fire,attorney,general,state,cnn,order,seek,country","muslimban,nobannowall,studentban,notbanstudentvisa,student,muslim,people,iranian,letthemin,trump,ban,executive_order,protest,refugee","ban,trump,donald,trumps,immigration,travel,fire,muslim,attorney,general,state,cnn,order,executive_order,seek,protest,country","{'US Immigration Policies and Protests': 'muslimban, nobannowall, studentban, notbanstudentvisa, student, muslim, people, iranian, letthemin, trump, ban, executive_order, protest, refugee, donald, trumps, immigration, travel, fire, attorney, general, state, cnn, order, seek, country'}",US Immigration Policies and Protests,"{'Travel and Immigration Restrictions': 'muslimban, nobannowall, studentban, notbanstudentvisa, student, muslim, people, iranian, letthemin, trump, ban, executive_order, protest, refugee'}",Travel and Immigration Restrictions,"{'US Immigration Policy': 'ban, immigration, travel, muslim, country, executive_order', 'Trump Administration': 'trump, donald, trumps, order, executive_order', 'Legal and Political Reactions': 'attorney, general, state, cnn, seek, protest, fire'}",US Immigration Policy.Trump Administration.Legal and Political Reactions
34,7,"['ban', 'muslim', 'trumps', 'travel', 'trump', 'country', 'support', 'immigration', 'americans', 'muslimban', 'not']",25,10,"['ban', 'trump', 'muslim', 'travel', 'trumps', 'immigration', 'order', 'president', 'america', 'seek', 'heartland', 'refuge', 'country', 'protest', 'refugee']",7,"['ban', 'trump', 'travel', 'trumps', 'immigration', 'donald', 'order', 'muslim', 'president', 'fire', 'executive_order']",5,"['ban', 'trump', 'muslim', 'immigration', 'trumps', 'travel', 'order', 'executive_order', 'seek', 'protest', 'country']","[420053339, 2163076560, 721321693092913153]","ban,muslim,trumps,travel,trump,country,support,immigration,americans,muslimban,not,donald,order,president,fire,executive_order,america,seek,heartland,refuge,protest,refugee","ban,muslim,trumps,travel,trump,country,support,immigration,americans,muslimban,not,donald,order,president,fire,executive_order","ban,trump,muslim,travel,trumps,immigration,order,president,america,seek,heartland,refuge,country,protest,refugee,executive_order","{'US Travel Ban on Muslim-majority Countries': 'ban, muslim, trumps, travel, trump, country, support, immigration, americans, muslimban, not, donald, order, president, executive_order, america, protest, refugee', 'Public Reaction and Protests': 'support, americans, not, fire, seek, heartland, refuge, protest'}",US Travel Ban on Muslim-majority Countries.Public Reaction and Protests,"{'US Immigration Policy': 'ban, muslim, trumps, travel, trump, country, support, immigration, americans, muslimban, not, donald, order, president, fire, executive_order'}",US Immigration Policy,"{'US Immigration Policy': 'ban, trump, muslim, travel, trumps, immigration, order, president, america, executive_order', 'Public Reaction to Immigration Policies': 'seek, heartland, refuge, country, protest, refugee'}",US Immigration Policy.Public Reaction to Immigration Policies
35,11,"['muslimban', 'maga', 'trump', 'refugee', 'worth']",26,7,"['muslimban', 'maga', 'student', 'refugee', 'worth', 'migrant', 'dear', 'trump', 'americafirst', 'america', 'dream']",1,"['muslimban', 'nobannowall', 'muslim', 'trump', 'ban', 'executive_order', 'protest', 'people', 'refugee', 'student', 'iranian']",1,"['muslim', 'america_heartland', 'america', 'muslimban', 'heartland', 'refuge', 'seek_refuge', 'seek_refuge_america_heartland', 'trump', 'maga', 'start_help', 'heartland_kill', 'refugee', 'migrant_europe', 'ohio']","[102862980, 109188899, 297795505, 2435495792]","muslimban,maga,trump,refugee,worth,nobannowall,muslim,ban,executive_order,protest,people,student,iranian,migrant,dear,americafirst,america,dream,america_heartland,heartland,refuge,seek_refuge,seek_refuge_america_heartland,start_help,heartland_kill,migrant_europe,ohio","muslimban,maga,trump,refugee,worth,nobannowall,muslim,ban,executive_order,protest,people,student,iranian","muslimban,maga,student,refugee,worth,migrant,dear,trump,americafirst,america,dream,muslim,america_heartland,heartland,refuge,seek_refuge,seek_refuge_america_heartland,start_help,heartland_kill,migrant_europe,ohio","{'US Immigration Policy and Protests': 'muslimban, maga, trump, refugee, nobannowall, muslim, ban, executive_order, protest, iranian, migrant, americafirst, america, seek_refuge, seek_refuge_america_heartland, migrant_europe', 'American Identity and Values': 'worth, people, student, dear, dream, america_heartland, heartland, america, refuge, start_help, heartland_kill, ohio'}",US Immigration Policy and Protests.American Identity and Values,"{'US Immigration Policy and Protests': 'muslimban, maga, trump, refugee, nobannowall, muslim, ban, executive_order, protest, iranian', 'Social and Political Impact': 'worth, people, student'}",US Immigration Policy and Protests.Social and Political Impact,"{'US Immigration and Refugee Policies': ['muslimban', 'refugee', 'migrant', 'refuge', 'seek_refuge', 'seek_refuge_america_heartland', 'migrant_europe'], 'American Political Climate': ['maga', 'trump', 'americafirst', 'america', 'america_heartland', 'heartland', 'ohio'], 'Education and Youth': ['student', 'dream'], 'Social Values and Worth': ['worth', 'dear', 'start_help', 'heartland_kill']}",US Immigration and Refugee Policies.American Political Climate.Education and Youth.Social Values and Worth
36,9,"['muslimban', 'nobannowall', 'studentban', 'notbanstudentvisa', 'student', 'muslim', 'people', 'iranian', 'letthemin']",27,2,"['muslimban', 'trump', 'theresistance', 'nobannowall', 'nomuslimban', 'muslim', 'vote', 'session']",1,"['muslimban', 'nobannowall', 'muslim', 'trump', 'ban', 'executive_order', 'protest', 'people', 'refugee', 'student', 'iranian']",5,"['ban', 'trump', 'muslim', 'immigration', 'trumps', 'travel', 'order', 'executive_order', 'seek', 'protest', 'country']","[5405222, 369602017, 2209638102]","muslimban,nobannowall,studentban,notbanstudentvisa,student,muslim,people,iranian,letthemin,trump,ban,executive_order,protest,refugee,theresistance,nomuslimban,vote,session,immigration,trumps,travel,order,seek,country","muslimban,nobannowall,studentban,notbanstudentvisa,student,muslim,people,iranian,letthemin,trump,ban,executive_order,protest,refugee","muslimban,trump,theresistance,nobannowall,nomuslimban,muslim,vote,session,ban,immigration,trumps,travel,order,executive_order,seek,protest,country","{'Travel and Immigration Ban Protests': ['muslimban', 'nobannowall', 'studentban', 'notbanstudentvisa', 'student', 'muslim', 'people', 'iranian', 'letthemin', 'trump', 'ban', 'executive_order', 'protest', 'refugee', 'theresistance', 'nomuslimban', 'vote', 'session', 'immigration', 'trumps', 'travel', 'order', 'seek', 'country']}",Travel and Immigration Ban Protests,"{'Travel and Immigration Restrictions': 'muslimban, nobannowall, studentban, notbanstudentvisa, student, muslim, people, iranian, letthemin, trump, ban, executive_order, protest, refugee'}",Travel and Immigration Restrictions,"{'US Immigration Policy Protests': 'muslimban, trump, theresistance, nobannowall, nomuslimban, muslim, vote, session, ban, immigration, trumps, travel, order, executive_order, seek, protest, country'}",US Immigration Policy Protests
38,2,"['ban', 'trump', 'travel', 'immigration', 'trumps', 'president', 'order', 'protest', 'muslim', 'defend']",29,10,"['ban', 'trump', 'muslim', 'travel', 'trumps', 'immigration', 'order', 'president', 'america', 'seek', 'heartland', 'refuge', 'country', 'protest', 'refugee']",7,"['ban', 'trump', 'travel', 'trumps', 'immigration', 'donald', 'order', 'muslim', 'president', 'fire', 'executive_order']",5,"['ban', 'trump', 'muslim', 'immigration', 'trumps', 'travel', 'order', 'executive_order', 'seek', 'protest', 'country']","[18510860, 34553489, 799017600621641728]","ban,trump,travel,immigration,trumps,president,order,protest,muslim,defend,donald,fire,executive_order,america,seek,heartland,refuge,country,refugee","ban,trump,travel,immigration,trumps,president,order,protest,muslim,defend,donald,fire,executive_order","ban,trump,muslim,travel,trumps,immigration,order,president,america,seek,heartland,refuge,country,protest,refugee,executive_order","{'US Immigration Policy': 'ban, trump, travel, immigration, trumps, president, order, protest, muslim, defend, donald, fire, executive_order, america, seek, heartland, refuge, country, refugee'}",US Immigration Policy,"{'US Immigration Policy and Controversy': 'ban, trump, travel, immigration, trumps, president, order, protest, muslim, defend, donald, executive_order', 'Public Reaction to Government Actions': 'protest, defend, fire'}",US Immigration Policy and Controversy.Public Reaction to Government Actions,"{'US Immigration Policy': 'ban, trump, muslim, travel, trumps, immigration, order, president, america, executive_order', 'Public Reaction to Immigration Policies': 'seek, heartland, refuge, country, protest, refugee'}",US Immigration Policy.Public Reaction to Immigration Policies
40,11,"['muslimban', 'maga', 'trump', 'refugee', 'worth']",30,5,"['muslimban', 'nobannowall', 'studentban', 'notbanstudentvisa', 'support', 'respect']",8,"['studentban', 'muslimban', 'notbanstudentvisa', 'worth_worldwide', 'iranian_student', 'notbanstudentvisa_studentban', 'nobannowall', 'studentban_plz', 'letthemin_respect', 'beautiful_mind', 'studentban_notbanstudentvisa', 'maga', 'support', 'notaterrorist_studentban', 'plz']",4,"['muslimban', 'racist', 'standuptotrump', 'london', 'value']","[2744552070, 3266563146, 4355797094, 727161588457857024, 758009417111576577, 804155175145533440]","muslimban,maga,trump,refugee,worth,studentban,notbanstudentvisa,worth_worldwide,iranian_student,notbanstudentvisa_studentban,nobannowall,studentban_plz,letthemin_respect,beautiful_mind,studentban_notbanstudentvisa,support,notaterrorist_studentban,plz,respect,racist,standuptotrump,london,value","muslimban,maga,trump,refugee,worth,studentban,notbanstudentvisa,worth_worldwide,iranian_student,notbanstudentvisa_studentban,nobannowall,studentban_plz,letthemin_respect,beautiful_mind,studentban_notbanstudentvisa,support,notaterrorist_studentban,plz","muslimban,nobannowall,studentban,notbanstudentvisa,support,respect,racist,standuptotrump,london,value","{'US Immigration Policies': 'muslimban, studentban, notbanstudentvisa, studentban_plz, notbanstudentvisa_studentban, studentban_notbanstudentvisa, notaterrorist_studentban', 'Political Movements and Reactions': 'maga, trump, nobannowall, standuptotrump', 'Human Rights and Advocacy': 'refugee, letthemin_respect, support, respect, racist, value, worth, worth_worldwide, beautiful_mind', 'International Impact': 'iranian_student, london'}",US Immigration Policies.Political Movements and Reactions.Human Rights and Advocacy.International Impact,"{'US Immigration Policies and Controversies': 'muslimban, maga, trump, refugee, studentban, notbanstudentvisa, iranian_student, nobannowall, letthemin_respect, studentban_notbanstudentvisa, notaterrorist_studentban', 'Social Media Campaigns and Public Sentiment': 'worth, worth_worldwide, beautiful_mind, support, plz'}",US Immigration Policies and Controversies.Social Media Campaigns and Public Sentiment,"{'Protest Against Immigration Policies': 'muslimban, nobannowall, studentban, notbanstudentvisa, standuptotrump', 'Advocacy for Inclusivity and Respect': 'support, respect, racist, value', 'Location of Activism': 'london'}",Protest Against Immigration Policies.Advocacy for Inclusivity and Respect.Location of Activism
41,2,"['ban', 'trump', 'travel', 'immigration', 'trumps', 'president', 'order', 'protest', 'muslim', 'defend']",31,10,"['ban', 'trump', 'muslim', 'travel', 'trumps', 'immigration', 'order', 'president', 'america', 'seek', 'heartland', 'refuge', 'country', 'protest', 'refugee']",1,"['muslimban', 'nobannowall', 'muslim', 'trump', 'ban', 'executive_order', 'protest', 'people', 'refugee', 'student', 'iranian']",5,"['ban', 'trump', 'muslim', 'immigration', 'trumps', 'travel', 'order', 'executive_order', 'seek', 'protest', 'country']","[16935292, 546289246, 1382627982, 1549532077, 2891411482, 2891477268]","ban,trump,travel,immigration,trumps,president,order,protest,muslim,defend,muslimban,nobannowall,executive_order,people,refugee,student,iranian,america,seek,heartland,refuge,country","ban,trump,travel,immigration,trumps,president,order,protest,muslim,defend,muslimban,nobannowall,executive_order,people,refugee,student,iranian","ban,trump,muslim,travel,trumps,immigration,order,president,america,seek,heartland,refuge,country,protest,refugee,executive_order","{'US Immigration Policy': 'ban, trump, travel, immigration, trumps, president, order, protest, muslim, defend, muslimban, nobannowall, executive_order, people, refugee, student, iranian, america, seek, heartland, refuge, country'}",US Immigration Policy,"{'US Immigration Policy and Protests': 'ban, trump, travel, immigration, trumps, president, order, protest, muslim, defend, muslimban, nobannowall, executive_order, people, refugee, student, iranian'}",US Immigration Policy and Protests,"{'US Immigration Policy': 'ban, trump, muslim, travel, trumps, immigration, order, president, america, executive_order', 'Public Reaction to Immigration Policies': 'seek, heartland, refuge, country, protest, refugee'}",US Immigration Policy.Public Reaction to Immigration Policies
42,9,"['muslimban', 'nobannowall', 'studentban', 'notbanstudentvisa', 'student', 'muslim', 'people', 'iranian', 'letthemin']",106,10,"['ban', 'trump', 'muslim', 'travel', 'trumps', 'immigration', 'order', 'president', 'america', 'seek', 'heartland', 'refuge', 'country', 'protest', 'refugee']",1,"['muslimban', 'nobannowall', 'muslim', 'trump', 'ban', 'executive_order', 'protest', 'people', 'refugee', 'student', 'iranian']",1,"['muslim', 'america_heartland', 'america', 'muslimban', 'heartland', 'refuge', 'seek_refuge', 'seek_refuge_america_heartland', 'trump', 'maga', 'start_help', 'heartland_kill', 'refugee', 'migrant_europe', 'ohio']","[115050842, 2271663888, 2347762888]","muslimban,nobannowall,studentban,notbanstudentvisa,student,muslim,people,iranian,letthemin,trump,ban,executive_order,protest,refugee,travel,trumps,immigration,order,president,america,seek,heartland,refuge,country,america_heartland,seek_refuge,seek_refuge_america_heartland,maga,start_help,heartland_kill,migrant_europe,ohio","muslimban,nobannowall,studentban,notbanstudentvisa,student,muslim,people,iranian,letthemin,trump,ban,executive_order,protest,refugee","ban,trump,muslim,travel,trumps,immigration,order,president,america,seek,heartland,refuge,country,protest,refugee,america_heartland,muslimban,seek_refuge,seek_refuge_america_heartland,maga,start_help,heartland_kill,migrant_europe,ohio","{'US Immigration Policies': ['muslimban', 'nobannowall', 'studentban', 'notbanstudentvisa', 'student', 'muslim', 'iranian', 'trump', 'ban', 'executive_order', 'protest', 'refugee', 'travel', 'trumps', 'immigration', 'order', 'president', 'america', 'seek', 'refuge', 'country', 'america_heartland', 'seek_refuge', 'seek_refuge_america_heartland', 'maga', 'start_help', 'heartland_kill', 'migrant_europe', 'ohio']}",US Immigration Policies,"{'Travel and Immigration Restrictions': 'muslimban, nobannowall, studentban, notbanstudentvisa, student, muslim, people, iranian, letthemin, trump, ban, executive_order, protest, refugee'}",Travel and Immigration Restrictions,"{'US Immigration Policy': ['ban', 'trump', 'muslim', 'travel', 'trumps', 'immigration', 'order', 'president', 'america', 'muslimban', 'maga'], 'Protests and Refugee Support': ['seek', 'heartland', 'refuge', 'country', 'protest', 'refugee', 'america_heartland', 'seek_refuge', 'seek_refuge_america_heartland', 'start_help', 'heartland_kill'], 'Migration Issues in Europe': ['migrant_europe'], 'US State Reference': ['ohio']}",US Immigration Policy.Protests and Refugee Support.Migration Issues in Europe.US State Reference
43,2,"['ban', 'trump', 'travel', 'immigration', 'trumps', 'president', 'order', 'protest', 'muslim', 'defend']",34,10,"['ban', 'trump', 'muslim', 'travel', 'trumps', 'immigration', 'order', 'president', 'america', 'seek', 'heartland', 'refuge', 'country', 'protest', 'refugee']",7,"['ban', 'trump', 'travel', 'trumps', 'immigration', 'donald', 'order', 'muslim', 'president', 'fire', 'executive_order']",5,"['ban', 'trump', 'muslim', 'immigration', 'trumps', 'travel', 'order', 'executive_order', 'seek', 'protest', 'country']","[18956073, 2178494170, 777784879832526848, 810975726090457088, 813877904933199873]","ban,trump,travel,immigration,trumps,president,order,protest,muslim,defend,donald,fire,executive_order,america,seek,heartland,refuge,country,refugee","ban,trump,travel,immigration,trumps,president,order,protest,muslim,defend,donald,fire,executive_order","ban,trump,muslim,travel,trumps,immigration,order,president,america,seek,heartland,refuge,country,protest,refugee,executive_order","{'US Immigration Policy and Controversy': 'ban, trump, travel, immigration, trumps, president, order, protest, muslim, defend, donald, fire, executive_order, america, seek, heartland, refuge, country, refugee'}",US Immigration Policy and Controversy,"{'US Immigration Policy and Controversy': 'ban, trump, travel, immigration, trumps, president, order, protest, muslim, defend, donald, executive_order', 'Public Reaction to Government Actions': 'protest, defend, fire'}",US Immigration Policy and Controversy.Public Reaction to Government Actions,"{'US Immigration Policy': 'ban, trump, muslim, travel, trumps, immigration, order, president, america, executive_order', 'Public Reaction to Immigration Policies': 'seek, heartland, refuge, country, protest, refugee'}",US Immigration Policy.Public Reaction to Immigration Policies
44,11,"['muslimban', 'maga', 'trump', 'refugee', 'worth']",35,2,"['muslimban', 'trump', 'theresistance', 'nobannowall', 'nomuslimban', 'muslim', 'vote', 'session']",1,"['muslimban', 'nobannowall', 'muslim', 'trump', 'ban', 'executive_order', 'protest', 'people', 'refugee', 'student', 'iranian']",1,"['muslim', 'america_heartland', 'america', 'muslimban', 'heartland', 'refuge', 'seek_refuge', 'seek_refuge_america_heartland', 'trump', 'maga', 'start_help', 'heartland_kill', 'refugee', 'migrant_europe', 'ohio']","[78686211, 4261318354, 817354613619707904]","muslimban,maga,trump,refugee,worth,nobannowall,muslim,ban,executive_order,protest,people,student,iranian,theresistance,nomuslimban,vote,session,america_heartland,america,heartland,refuge,seek_refuge,seek_refuge_america_heartland,start_help,heartland_kill,migrant_europe,ohio","muslimban,maga,trump,refugee,worth,nobannowall,muslim,ban,executive_order,protest,people,student,iranian","muslimban,trump,theresistance,nobannowall,nomuslimban,muslim,vote,session,america_heartland,america,heartland,refuge,seek_refuge,seek_refuge_america_heartland,maga,start_help,heartland_kill,refugee,migrant_europe,ohio","{'US Immigration Policy and Protests': 'muslimban, maga, trump, refugee, nobannowall, muslim, ban, executive_order, protest, nomuslimban, theresistance, vote', 'Impact on Individuals and Communities': 'people, student, iranian, america_heartland, america, heartland, refuge, seek_refuge, seek_refuge_america_heartland, start_help, heartland_kill, migrant_europe, ohio'}",US Immigration Policy and Protests.Impact on Individuals and Communities,"{'US Immigration Policy and Protests': 'muslimban, maga, trump, refugee, nobannowall, muslim, ban, executive_order, protest, iranian', 'Social and Political Impact': 'worth, people, student'}",US Immigration Policy and Protests.Social and Political Impact,"{'Political Resistance and Immigration Policies': ['muslimban', 'trump', 'theresistance', 'nobannowall', 'nomuslimban', 'muslim', 'vote', 'session', 'refuge', 'seek_refuge', 'refugee', 'migrant_europe', 'maga'], 'American Heartland and Refuge': ['america_heartland', 'america', 'heartland', 'seek_refuge_america_heartland', 'start_help', 'heartland_kill', 'ohio']}",Political Resistance and Immigration Policies.American Heartland and Refuge
45,2,"['ban', 'trump', 'travel', 'immigration', 'trumps', 'president', 'order', 'protest', 'muslim', 'defend']",36,2,"['muslimban', 'trump', 'theresistance', 'nobannowall', 'nomuslimban', 'muslim', 'vote', 'session']",7,"['ban', 'trump', 'travel', 'trumps', 'immigration', 'donald', 'order', 'muslim', 'president', 'fire', 'executive_order']",5,"['ban', 'trump', 'muslim', 'immigration', 'trumps', 'travel', 'order', 'executive_order', 'seek', 'protest', 'country']","[580312540, 2997809143, 772316186507812864]","ban,trump,travel,immigration,trumps,president,order,protest,muslim,defend,donald,fire,executive_order,muslimban,theresistance,nobannowall,nomuslimban,vote,session,seek,country","ban,trump,travel,immigration,trumps,president,order,protest,muslim,defend,donald,fire,executive_order","muslimban,trump,theresistance,nobannowall,nomuslimban,muslim,vote,session,ban,immigration,trumps,travel,order,executive_order,seek,protest,country","{'US Immigration Policy': 'ban, trump, travel, immigration, trumps, president, order, protest, muslim, defend, donald, fire, executive_order, muslimban, theresistance, nobannowall, nomuslimban, vote, session, seek, country'}",US Immigration Policy,"{'US Immigration Policy and Controversy': 'ban, trump, travel, immigration, trumps, president, order, protest, muslim, defend, donald, executive_order', 'Public Reaction to Government Actions': 'protest, defend, fire'}",US Immigration Policy and Controversy.Public Reaction to Government Actions,"{'US Immigration Policy Protests': 'muslimban, trump, theresistance, nobannowall, nomuslimban, muslim, vote, session, ban, immigration, trumps, travel, order, executive_order, seek, protest, country'}",US Immigration Policy Protests
46,9,"['muslimban', 'nobannowall', 'studentban', 'notbanstudentvisa', 'student', 'muslim', 'people', 'iranian', 'letthemin']",37,2,"['muslimban', 'trump', 'theresistance', 'nobannowall', 'nomuslimban', 'muslim', 'vote', 'session']",1,"['muslimban', 'nobannowall', 'muslim', 'trump', 'ban', 'executive_order', 'protest', 'people', 'refugee', 'student', 'iranian']",4,"['muslimban', 'racist', 'standuptotrump', 'london', 'value']","[402690551, 4146661151, 4209814889, 749400964000612352, 749534144246480896, 789458841360535552, 789672101036822528]","muslimban,nobannowall,studentban,notbanstudentvisa,student,muslim,people,iranian,letthemin,trump,ban,executive_order,protest,refugee,theresistance,nomuslimban,vote,session,racist,standuptotrump,london,value","muslimban,nobannowall,studentban,notbanstudentvisa,student,muslim,people,iranian,letthemin,trump,ban,executive_order,protest,refugee","muslimban,trump,theresistance,nobannowall,nomuslimban,muslim,vote,session,racist,standuptotrump,london,value","{'Travel and Immigration Restrictions': ['muslimban', 'nobannowall', 'studentban', 'notbanstudentvisa', 'ban', 'executive_order', 'nomuslimban'], 'Political and Social Activism': ['protest', 'theresistance', 'standuptotrump', 'vote', 'racist', 'letthemin'], 'Affected Groups and Individuals': ['student', 'muslim', 'people', 'iranian', 'refugee'], 'Political Figures and Locations': ['trump', 'session', 'london'], 'Values and Ideals': ['value']}",Travel and Immigration Restrictions.Political and Social Activism.Affected Groups and Individuals.Political Figures and Locations.Values and Ideals,"{'Travel and Immigration Restrictions': 'muslimban, nobannowall, studentban, notbanstudentvisa, student, muslim, people, iranian, letthemin, trump, ban, executive_order, protest, refugee'}",Travel and Immigration Restrictions,"{'Political Protest Against Immigration Policies': ['muslimban', 'trump', 'theresistance', 'nobannowall', 'nomuslimban', 'muslim', 'racist', 'standuptotrump'], 'Political Engagement and Voting': ['vote', 'session'], 'International Reaction to US Policies': ['london', 'value']}",Political Protest Against Immigration Policies.Political Engagement and Voting.International Reaction to US Policies
47,2,"['ban', 'trump', 'travel', 'immigration', 'trumps', 'president', 'order', 'protest', 'muslim', 'defend']",38,10,"['ban', 'trump', 'muslim', 'travel', 'trumps', 'immigration', 'order', 'president', 'america', 'seek', 'heartland', 'refuge', 'country', 'protest', 'refugee']",1,"['muslimban', 'nobannowall', 'muslim', 'trump', 'ban', 'executive_order', 'protest', 'people', 'refugee', 'student', 'iranian']",1,"['muslim', 'america_heartland', 'america', 'muslimban', 'heartland', 'refuge', 'seek_refuge', 'seek_refuge_america_heartland', 'trump', 'maga', 'start_help', 'heartland_kill', 'refugee', 'migrant_europe', 'ohio']","[39689218, 121191757, 2167042661, 2554692524]","ban,trump,travel,immigration,trumps,president,order,protest,muslim,defend,muslimban,nobannowall,executive_order,people,refugee,student,iranian,america,seek,heartland,refuge,country,america_heartland,seek_refuge,seek_refuge_america_heartland,maga,start_help,heartland_kill,migrant_europe,ohio","ban,trump,travel,immigration,trumps,president,order,protest,muslim,defend,muslimban,nobannowall,executive_order,people,refugee,student,iranian","ban,trump,muslim,travel,trumps,immigration,order,president,america,seek,heartland,refuge,country,protest,refugee,america_heartland,muslimban,seek_refuge,seek_refuge_america_heartland,maga,start_help,heartland_kill,migrant_europe,ohio","{'US Immigration Policy': 'ban, trump, travel, immigration, trumps, president, order, protest, muslim, defend, muslimban, nobannowall, executive_order, people, refugee, student, iranian, america, seek, heartland, refuge, country, america_heartland, seek_refuge, seek_refuge_america_heartland, maga, start_help, heartland_kill, migrant_europe, ohio'}",US Immigration Policy,"{'US Immigration Policy and Protests': 'ban, trump, travel, immigration, trumps, president, order, protest, muslim, defend, muslimban, nobannowall, executive_order, people, refugee, student, iranian'}",US Immigration Policy and Protests,"{'US Immigration Policy': ['ban', 'trump', 'muslim', 'travel', 'trumps', 'immigration', 'order', 'president', 'america', 'muslimban', 'maga'], 'Protests and Refugee Support': ['seek', 'heartland', 'refuge', 'country', 'protest', 'refugee', 'america_heartland', 'seek_refuge', 'seek_refuge_america_heartland', 'start_help', 'heartland_kill'], 'Migration Issues in Europe': ['migrant_europe'], 'US State Reference': ['ohio']}",US Immigration Policy.Protests and Refugee Support.Migration Issues in Europe.US State Reference
48,2,"['ban', 'trump', 'travel', 'immigration', 'trumps', 'president', 'order', 'protest', 'muslim', 'defend']",39,2,"['muslimban', 'trump', 'theresistance', 'nobannowall', 'nomuslimban', 'muslim', 'vote', 'session']",1,"['muslimban', 'nobannowall', 'muslim', 'trump', 'ban', 'executive_order', 'protest', 'people', 'refugee', 'student', 'iranian']",5,"['ban', 'trump', 'muslim', 'immigration', 'trumps', 'travel', 'order', 'executive_order', 'seek', 'protest', 'country']","[27402668, 58619025, 138168339]","ban,trump,travel,immigration,trumps,president,order,protest,muslim,defend,muslimban,nobannowall,executive_order,people,refugee,student,iranian,theresistance,nomuslimban,vote,session,seek,country","ban,trump,travel,immigration,trumps,president,order,protest,muslim,defend,muslimban,nobannowall,executive_order,people,refugee,student,iranian","muslimban,trump,theresistance,nobannowall,nomuslimban,muslim,vote,session,ban,immigration,trumps,travel,order,executive_order,seek,protest,country","{'US Immigration Policy': 'ban, trump, travel, immigration, trumps, president, order, protest, muslim, defend, muslimban, nobannowall, executive_order, people, refugee, student, iranian, theresistance, nomuslimban, vote, session, seek, country'}",US Immigration Policy,"{'US Immigration Policy and Protests': 'ban, trump, travel, immigration, trumps, president, order, protest, muslim, defend, muslimban, nobannowall, executive_order, people, refugee, student, iranian'}",US Immigration Policy and Protests,"{'US Immigration Policy Protests': 'muslimban, trump, theresistance, nobannowall, nomuslimban, muslim, vote, session, ban, immigration, trumps, travel, order, executive_order, seek, protest, country'}",US Immigration Policy Protests
49,2,"['ban', 'trump', 'travel', 'immigration', 'trumps', 'president', 'order', 'protest', 'muslim', 'defend']",40,10,"['ban', 'trump', 'muslim', 'travel', 'trumps', 'immigration', 'order', 'president', 'america', 'seek', 'heartland', 'refuge', 'country', 'protest', 'refugee']",7,"['ban', 'trump', 'travel', 'trumps', 'immigration', 'donald', 'order', 'muslim', 'president', 'fire', 'executive_order']",5,"['ban', 'trump', 'muslim', 'immigration', 'trumps', 'travel', 'order', 'executive_order', 'seek', 'protest', 'country']","[816653, 10876852, 275686563, 2474536224, 2722008668]","ban,trump,travel,immigration,trumps,president,order,protest,muslim,defend,donald,fire,executive_order,america,seek,heartland,refuge,country,refugee","ban,trump,travel,immigration,trumps,president,order,protest,muslim,defend,donald,fire,executive_order","ban,trump,muslim,travel,trumps,immigration,order,president,america,seek,heartland,refuge,country,protest,refugee,executive_order","{'US Immigration Policy': 'ban, travel, immigration, trumps, president, order, protest, muslim, defend, donald, executive_order, america, seek, heartland, refuge, country, refugee', 'Trump Administration Actions': 'trump, trumps, president, order, donald, executive_order, america', 'Public Reaction and Protest': 'protest, defend, fire'}",US Immigration Policy.Trump Administration Actions.Public Reaction and Protest,"{'US Immigration Policy and Controversy': 'ban, trump, travel, immigration, trumps, president, order, protest, muslim, defend, donald, executive_order', 'Public Reaction to Government Actions': 'protest, defend, fire'}",US Immigration Policy and Controversy.Public Reaction to Government Actions,"{'US Immigration Policy': 'ban, trump, muslim, travel, trumps, immigration, order, president, america, executive_order', 'Public Reaction to Immigration Policies': 'seek, heartland, refuge, country, protest, refugee'}",US Immigration Policy.Public Reaction to Immigration Policies
51,9,"['muslimban', 'nobannowall', 'studentban', 'notbanstudentvisa', 'student', 'muslim', 'people', 'iranian', 'letthemin']",41,10,"['ban', 'trump', 'muslim', 'travel', 'trumps', 'immigration', 'order', 'president', 'america', 'seek', 'heartland', 'refuge', 'country', 'protest', 'refugee']",1,"['muslimban', 'nobannowall', 'muslim', 'trump', 'ban', 'executive_order', 'protest', 'people', 'refugee', 'student', 'iranian']",5,"['ban', 'trump', 'muslim', 'immigration', 'trumps', 'travel', 'order', 'executive_order', 'seek', 'protest', 'country']","[16153562, 1613211823, 773274076760551424]","muslimban,nobannowall,studentban,notbanstudentvisa,student,muslim,people,iranian,letthemin,trump,ban,executive_order,protest,refugee,travel,trumps,immigration,order,president,america,seek,heartland,refuge,country","muslimban,nobannowall,studentban,notbanstudentvisa,student,muslim,people,iranian,letthemin,trump,ban,executive_order,protest,refugee","ban,trump,muslim,travel,trumps,immigration,order,president,america,seek,heartland,refuge,country,protest,refugee,executive_order","{'US Immigration Policies and Protests': 'muslimban, nobannowall, studentban, notbanstudentvisa, student, muslim, people, iranian, letthemin, trump, ban, executive_order, protest, refugee, travel, trumps, immigration, order, president, america, seek, heartland, refuge, country'}",US Immigration Policies and Protests,"{'Travel and Immigration Restrictions': 'muslimban, nobannowall, studentban, notbanstudentvisa, student, muslim, people, iranian, letthemin, trump, ban, executive_order, protest, refugee'}",Travel and Immigration Restrictions,"{'US Immigration Policy': 'ban, trump, muslim, travel, trumps, immigration, order, president, america, executive_order', 'Public Reaction to Immigration Policies': 'seek, heartland, refuge, country, protest, refugee'}",US Immigration Policy.Public Reaction to Immigration Policies
52,7,"['ban', 'muslim', 'trumps', 'travel', 'trump', 'country', 'support', 'immigration', 'americans', 'muslimban', 'not']",42,10,"['ban', 'trump', 'muslim', 'travel', 'trumps', 'immigration', 'order', 'president', 'america', 'seek', 'heartland', 'refuge', 'country', 'protest', 'refugee']",1,"['muslimban', 'nobannowall', 'muslim', 'trump', 'ban', 'executive_order', 'protest', 'people', 'refugee', 'student', 'iranian']",5,"['ban', 'trump', 'muslim', 'immigration', 'trumps', 'travel', 'order', 'executive_order', 'seek', 'protest', 'country']","[119099353, 3349071273, 762409577681784832]","ban,muslim,trumps,travel,trump,country,support,immigration,americans,muslimban,not,nobannowall,executive_order,protest,people,refugee,student,iranian,order,president,america,seek,heartland,refuge","ban,muslim,trumps,travel,trump,country,support,immigration,americans,muslimban,not,nobannowall,executive_order,protest,people,refugee,student,iranian","ban,trump,muslim,travel,trumps,immigration,order,president,america,seek,heartland,refuge,country,protest,refugee,executive_order","{'Theme: US Travel Ban on Muslim-majority Countries': 'ban, muslim, trumps, travel, trump, country, support, immigration, americans, muslimban, not, nobannowall, executive_order, protest, people, refugee, student, iranian, order, president, america, seek, heartland, refuge'}",Theme: US Travel Ban on Muslim-majority Countries,"{'US Travel Ban on Muslim-majority Countries': 'ban, muslim, trumps, travel, trump, country, support, immigration, americans, muslimban, not, nobannowall, executive_order, protest, people, refugee, student, iranian'}",US Travel Ban on Muslim-majority Countries,"{'US Immigration Policy': 'ban, trump, muslim, travel, trumps, immigration, order, president, america, executive_order', 'Public Reaction to Immigration Policies': 'seek, heartland, refuge, country, protest, refugee'}",US Immigration Policy.Public Reaction to Immigration Policies
53,2,"['ban', 'trump', 'travel', 'immigration', 'trumps', 'president', 'order', 'protest', 'muslim', 'defend']",43,2,"['muslimban', 'trump', 'theresistance', 'nobannowall', 'nomuslimban', 'muslim', 'vote', 'session']",1,"['muslimban', 'nobannowall', 'muslim', 'trump', 'ban', 'executive_order', 'protest', 'people', 'refugee', 'student', 'iranian']",10,"['muslimban', 'trump', 'theresistance', 'resist', 'nobannowall', 'trumpleak', 'nomuslimban', 'break', 'stoppresidentbannon']","[4886682706, 4909739327, 759511561648140288, 759511561648140300]","ban,trump,travel,immigration,trumps,president,order,protest,muslim,defend,muslimban,nobannowall,executive_order,people,refugee,student,iranian,theresistance,nomuslimban,vote,session,resist,trumpleak,break,stoppresidentbannon","ban,trump,travel,immigration,trumps,president,order,protest,muslim,defend,muslimban,nobannowall,executive_order,people,refugee,student,iranian","muslimban,trump,theresistance,nobannowall,nomuslimban,muslim,vote,session,resist,trumpleak,break,stoppresidentbannon","{'US Immigration Policy': 'ban, travel, immigration, order, protest, muslim, defend, muslimban, nobannowall, executive_order, refugee, student, iranian, nomuslimban, resist', 'Trump Administration': 'trump, trumps, president, theresistance, vote, session, trumpleak, break, stoppresidentbannon'}",US Immigration Policy.Trump Administration,"{'US Immigration Policy and Protests': 'ban, trump, travel, immigration, trumps, president, order, protest, muslim, defend, muslimban, nobannowall, executive_order, people, refugee, student, iranian'}",US Immigration Policy and Protests,"{'Political Resistance Against Trump Administration': 'muslimban, trump, theresistance, nobannowall, nomuslimban, muslim, vote, session, resist, trumpleak, break, stoppresidentbannon'}",Political Resistance Against Trump Administration
54,9,"['muslimban', 'nobannowall', 'studentban', 'notbanstudentvisa', 'student', 'muslim', 'people', 'iranian', 'letthemin']",44,5,"['muslimban', 'nobannowall', 'studentban', 'notbanstudentvisa', 'support', 'respect']",1,"['muslimban', 'nobannowall', 'muslim', 'trump', 'ban', 'executive_order', 'protest', 'people', 'refugee', 'student', 'iranian']",9,"['nobannowall', 'muslimban', 'studentban', 'notbanstudentvisa', 'worth_worldwide', 'iranian_student', 'student', 'confirmation_vote']","[2904163055, 3010711135, 3762884535, 728947876836089856, 728947876836089900, 822907599205105665]","muslimban,nobannowall,studentban,notbanstudentvisa,student,muslim,people,iranian,letthemin,trump,ban,executive_order,protest,refugee,support,respect,worth_worldwide,iranian_student,confirmation_vote","muslimban,nobannowall,studentban,notbanstudentvisa,student,muslim,people,iranian,letthemin,trump,ban,executive_order,protest,refugee","muslimban,nobannowall,studentban,notbanstudentvisa,support,respect,worth_worldwide,iranian_student,student,confirmation_vote","{'Travel and Immigration Restrictions': 'muslimban, nobannowall, studentban, notbanstudentvisa, student, muslim, people, iranian, letthemin, trump, ban, executive_order, protest, refugee, support, respect, worth_worldwide, iranian_student, confirmation_vote'}",Travel and Immigration Restrictions,"{'Travel and Immigration Restrictions': 'muslimban, nobannowall, studentban, notbanstudentvisa, student, muslim, people, iranian, letthemin, trump, ban, executive_order, protest, refugee'}",Travel and Immigration Restrictions,"{'Travel and Immigration Restrictions': ['muslimban', 'nobannowall', 'studentban', 'notbanstudentvisa'], 'Support and Advocacy': ['support', 'respect', 'worth_worldwide'], 'Iranian Students and Education': ['iranian_student', 'student'], 'Political Processes': ['confirmation_vote']}",Travel and Immigration Restrictions.Support and Advocacy.Iranian Students and Education.Political Processes
55,2,"['ban', 'trump', 'travel', 'immigration', 'trumps', 'president', 'order', 'protest', 'muslim', 'defend']",45,13,"['ban', 'trump', 'donald', 'trumps', 'immigration', 'travel', 'fire', 'muslim', 'attorney', 'general', 'state', 'cnn']",1,"['muslimban', 'nobannowall', 'muslim', 'trump', 'ban', 'executive_order', 'protest', 'people', 'refugee', 'student', 'iranian']",1,"['muslim', 'america_heartland', 'america', 'muslimban', 'heartland', 'refuge', 'seek_refuge', 'seek_refuge_america_heartland', 'trump', 'maga', 'start_help', 'heartland_kill', 'refugee', 'migrant_europe', 'ohio']","[16163639, 595009255, 1607390360]","ban,trump,travel,immigration,trumps,president,order,protest,muslim,defend,muslimban,nobannowall,executive_order,people,refugee,student,iranian,donald,fire,attorney,general,state,cnn,america_heartland,america,heartland,refuge,seek_refuge,seek_refuge_america_heartland,maga,start_help,heartland_kill,migrant_europe,ohio","ban,trump,travel,immigration,trumps,president,order,protest,muslim,defend,muslimban,nobannowall,executive_order,people,refugee,student,iranian","ban,trump,donald,trumps,immigration,travel,fire,muslim,attorney,general,state,cnn,america_heartland,america,muslimban,heartland,refuge,seek_refuge,seek_refuge_america_heartland,maga,start_help,heartland_kill,refugee,migrant_europe,ohio","{'Travel Ban and Immigration Policy': ['ban', 'trump', 'travel', 'immigration', 'trumps', 'president', 'order', 'protest', 'muslim', 'defend', 'muslimban', 'nobannowall', 'executive_order', 'people', 'refugee', 'student', 'iranian', 'donald', 'fire', 'attorney', 'general', 'state', 'cnn', 'america_heartland', 'america', 'heartland', 'refuge', 'seek_refuge', 'seek_refuge_america_heartland', 'maga', 'start_help', 'heartland_kill', 'migrant_europe', 'ohio']}",Travel Ban and Immigration Policy,"{'US Immigration Policy and Protests': 'ban, trump, travel, immigration, trumps, president, order, protest, muslim, defend, muslimban, nobannowall, executive_order, people, refugee, student, iranian'}",US Immigration Policy and Protests,"{'US Immigration Policy': ['ban', 'trump', 'donald', 'trumps', 'immigration', 'travel', 'muslim', 'muslimban', 'refuge', 'seek_refuge', 'refugee', 'migrant_europe', 'seek_refuge_america_heartland'], 'Political and Legal Actions': ['fire', 'attorney', 'general', 'state', 'cnn', 'maga'], 'American Heartland': ['america_heartland', 'america', 'heartland', 'start_help', 'heartland_kill', 'ohio']}",US Immigration Policy.Political and Legal Actions.American Heartland
56,2,"['ban', 'trump', 'travel', 'immigration', 'trumps', 'president', 'order', 'protest', 'muslim', 'defend']",131,10,"['ban', 'trump', 'muslim', 'travel', 'trumps', 'immigration', 'order', 'president', 'america', 'seek', 'heartland', 'refuge', 'country', 'protest', 'refugee']",1,"['muslimban', 'nobannowall', 'muslim', 'trump', 'ban', 'executive_order', 'protest', 'people', 'refugee', 'student', 'iranian']",5,"['ban', 'trump', 'muslim', 'immigration', 'trumps', 'travel', 'order', 'executive_order', 'seek', 'protest', 'country']","[15995155, 16887175, 130138925, 310535567, 2814758262]","ban,trump,travel,immigration,trumps,president,order,protest,muslim,defend,muslimban,nobannowall,executive_order,people,refugee,student,iranian,america,seek,heartland,refuge,country","ban,trump,travel,immigration,trumps,president,order,protest,muslim,defend,muslimban,nobannowall,executive_order,people,refugee,student,iranian","ban,trump,muslim,travel,trumps,immigration,order,president,america,seek,heartland,refuge,country,protest,refugee,executive_order","{'Theme: Immigration and Travel Ban': 'ban, trump, travel, immigration, trumps, president, order, protest, muslim, defend, muslimban, nobannowall, executive_order, people, refugee, student, iranian, america, seek, heartland, refuge, country'}",Theme: Immigration and Travel Ban,"{'US Immigration Policy and Protests': 'ban, trump, travel, immigration, trumps, president, order, protest, muslim, defend, muslimban, nobannowall, executive_order, people, refugee, student, iranian'}",US Immigration Policy and Protests,"{'US Immigration Policy': 'ban, trump, muslim, travel, trumps, immigration, order, president, america, executive_order', 'Public Reaction to Immigration Policies': 'seek, heartland, refuge, country, protest, refugee'}",US Immigration Policy.Public Reaction to Immigration Policies
57,9,"['muslimban', 'nobannowall', 'studentban', 'notbanstudentvisa', 'student', 'muslim', 'people', 'iranian', 'letthemin']",46,2,"['muslimban', 'trump', 'theresistance', 'nobannowall', 'nomuslimban', 'muslim', 'vote', 'session']",1,"['muslimban', 'nobannowall', 'muslim', 'trump', 'ban', 'executive_order', 'protest', 'people', 'refugee', 'student', 'iranian']",7,"['theresistance_alternativefact', 'ban', 'executive_order', 'muslimban', 'vote', 'alternativefact', 'powerful_message']","[14478814, 22657082, 49786037, 736642800, 905100619, 4488606077]","muslimban,nobannowall,studentban,notbanstudentvisa,student,muslim,people,iranian,letthemin,trump,ban,executive_order,protest,refugee,theresistance,nomuslimban,vote,session,theresistance_alternativefact,alternativefact,powerful_message","muslimban,nobannowall,studentban,notbanstudentvisa,student,muslim,people,iranian,letthemin,trump,ban,executive_order,protest,refugee","muslimban,trump,theresistance,nobannowall,nomuslimban,muslim,vote,session,theresistance_alternativefact,ban,executive_order,alternativefact,powerful_message","{'Travel and Immigration Restrictions': 'muslimban, nobannowall, studentban, notbanstudentvisa, ban, executive_order, nomuslimban', 'Protest and Resistance': 'protest, theresistance, theresistance_alternativefact, powerful_message', 'Political Figures and Actions': 'trump, vote, alternativefact', 'Affected Groups': 'student, muslim, people, iranian, refugee', 'Advocacy and Support': 'letthemin, session'}",Travel and Immigration Restrictions.Protest and Resistance.Political Figures and Actions.Affected Groups.Advocacy and Support,"{'Travel and Immigration Restrictions': 'muslimban, nobannowall, studentban, notbanstudentvisa, student, muslim, people, iranian, letthemin, trump, ban, executive_order, protest, refugee'}",Travel and Immigration Restrictions,"{'Political Protest Against Immigration Policies': ['muslimban', 'trump', 'theresistance', 'nobannowall', 'nomuslimban', 'muslim', 'vote', 'session', 'theresistance_alternativefact', 'ban', 'executive_order', 'alternativefact', 'powerful_message']}",Political Protest Against Immigration Policies
58,11,"['muslimban', 'maga', 'trump', 'refugee', 'worth']",47,2,"['muslimban', 'trump', 'theresistance', 'nobannowall', 'nomuslimban', 'muslim', 'vote', 'session']",1,"['muslimban', 'nobannowall', 'muslim', 'trump', 'ban', 'executive_order', 'protest', 'people', 'refugee', 'student', 'iranian']",5,"['ban', 'trump', 'muslim', 'immigration', 'trumps', 'travel', 'order', 'executive_order', 'seek', 'protest', 'country']","[391082534, 2811909217, 799015223583719424]","muslimban,maga,trump,refugee,worth,nobannowall,muslim,ban,executive_order,protest,people,student,iranian,theresistance,nomuslimban,vote,session,immigration,trumps,travel,order,seek,country","muslimban,maga,trump,refugee,worth,nobannowall,muslim,ban,executive_order,protest,people,student,iranian","muslimban,trump,theresistance,nobannowall,nomuslimban,muslim,vote,session,ban,immigration,trumps,travel,order,executive_order,seek,protest,country","{'US Immigration Policy and Protests': 'muslimban, maga, trump, refugee, nobannowall, muslim, ban, executive_order, protest, theresistance, nomuslimban, immigration, trumps, travel, order, country'}",US Immigration Policy and Protests,"{'US Immigration Policy and Protests': 'muslimban, maga, trump, refugee, nobannowall, muslim, ban, executive_order, protest, iranian', 'Social and Political Impact': 'worth, people, student'}",US Immigration Policy and Protests.Social and Political Impact,"{'US Immigration Policy Protests': 'muslimban, trump, theresistance, nobannowall, nomuslimban, muslim, vote, session, ban, immigration, trumps, travel, order, executive_order, seek, protest, country'}",US Immigration Policy Protests
59,9,"['muslimban', 'nobannowall', 'studentban', 'notbanstudentvisa', 'student', 'muslim', 'people', 'iranian', 'letthemin']",49,5,"['muslimban', 'nobannowall', 'studentban', 'notbanstudentvisa', 'support', 'respect']",1,"['muslimban', 'nobannowall', 'muslim', 'trump', 'ban', 'executive_order', 'protest', 'people', 'refugee', 'student', 'iranian']",9,"['nobannowall', 'muslimban', 'studentban', 'notbanstudentvisa', 'worth_worldwide', 'iranian_student', 'student', 'confirmation_vote']","[15088481, 2192535276, 811561006702985216]","muslimban,nobannowall,studentban,notbanstudentvisa,student,muslim,people,iranian,letthemin,trump,ban,executive_order,protest,refugee,support,respect,worth_worldwide,iranian_student,confirmation_vote","muslimban,nobannowall,studentban,notbanstudentvisa,student,muslim,people,iranian,letthemin,trump,ban,executive_order,protest,refugee","muslimban,nobannowall,studentban,notbanstudentvisa,support,respect,worth_worldwide,iranian_student,student,confirmation_vote","{'Travel and Immigration Restrictions': 'muslimban, nobannowall, studentban, notbanstudentvisa, student, muslim, people, iranian, letthemin, trump, ban, executive_order, protest, refugee, support, respect, worth_worldwide, iranian_student, confirmation_vote'}",Travel and Immigration Restrictions,"{'Travel and Immigration Restrictions': 'muslimban, nobannowall, studentban, notbanstudentvisa, student, muslim, people, iranian, letthemin, trump, ban, executive_order, protest, refugee'}",Travel and Immigration Restrictions,"{'Travel and Immigration Restrictions': ['muslimban', 'nobannowall', 'studentban', 'notbanstudentvisa'], 'Support and Advocacy': ['support', 'respect', 'worth_worldwide'], 'Iranian Students and Education': ['iranian_student', 'student'], 'Political Processes': ['confirmation_vote']}",Travel and Immigration Restrictions.Support and Advocacy.Iranian Students and Education.Political Processes
60,2,"['ban', 'trump', 'travel', 'immigration', 'trumps', 'president', 'order', 'protest', 'muslim', 'defend']",50,10,"['ban', 'trump', 'muslim', 'travel', 'trumps', 'immigration', 'order', 'president', 'america', 'seek', 'heartland', 'refuge', 'country', 'protest', 'refugee']",7,"['ban', 'trump', 'travel', 'trumps', 'immigration', 'donald', 'order', 'muslim', 'president', 'fire', 'executive_order']",5,"['ban', 'trump', 'muslim', 'immigration', 'trumps', 'travel', 'order', 'executive_order', 'seek', 'protest', 'country']","[862015052, 732515283902943200, 732515283902943232, 764293754954125313]","ban,trump,travel,immigration,trumps,president,order,protest,muslim,defend,donald,fire,executive_order,america,seek,heartland,refuge,country,refugee","ban,trump,travel,immigration,trumps,president,order,protest,muslim,defend,donald,fire,executive_order","ban,trump,muslim,travel,trumps,immigration,order,president,america,seek,heartland,refuge,country,protest,refugee,executive_order","{'US Immigration Policy': 'ban, travel, immigration, order, executive_order, refugee', 'Trump Administration': 'trump, trumps, president, donald, america', 'Public Reaction': 'protest, defend, fire, seek, heartland', 'Muslim Community': 'muslim, refuge, country'}",US Immigration Policy.Trump Administration.Public Reaction.Muslim Community,"{'US Immigration Policy and Controversy': 'ban, trump, travel, immigration, trumps, president, order, protest, muslim, defend, donald, executive_order', 'Public Reaction to Government Actions': 'protest, defend, fire'}",US Immigration Policy and Controversy.Public Reaction to Government Actions,"{'US Immigration Policy': 'ban, trump, muslim, travel, trumps, immigration, order, president, america, executive_order', 'Public Reaction to Immigration Policies': 'seek, heartland, refuge, country, protest, refugee'}",US Immigration Policy.Public Reaction to Immigration Policies
62,2,"['ban', 'trump', 'travel', 'immigration', 'trumps', 'president', 'order', 'protest', 'muslim', 'defend']",52,10,"['ban', 'trump', 'muslim', 'travel', 'trumps', 'immigration', 'order', 'president', 'america', 'seek', 'heartland', 'refuge', 'country', 'protest', 'refugee']",7,"['ban', 'trump', 'travel', 'trumps', 'immigration', 'donald', 'order', 'muslim', 'president', 'fire', 'executive_order']",5,"['ban', 'trump', 'muslim', 'immigration', 'trumps', 'travel', 'order', 'executive_order', 'seek', 'protest', 'country']","[243541123, 380285402, 1608502766, 2804434682]","ban,trump,travel,immigration,trumps,president,order,protest,muslim,defend,donald,fire,executive_order,america,seek,heartland,refuge,country,refugee","ban,trump,travel,immigration,trumps,president,order,protest,muslim,defend,donald,fire,executive_order","ban,trump,muslim,travel,trumps,immigration,order,president,america,seek,heartland,refuge,country,protest,refugee,executive_order","{'US Immigration Policy': 'ban, travel, immigration, order, executive_order, america, country', 'Trump Administration': 'trump, trumps, president, donald', 'Public Reaction and Protest': 'protest, defend, fire, seek, heartland', 'Muslim and Refugee Issues': 'muslim, refuge, refugee'}",US Immigration Policy.Trump Administration.Public Reaction and Protest.Muslim and Refugee Issues,"{'US Immigration Policy and Controversy': 'ban, trump, travel, immigration, trumps, president, order, protest, muslim, defend, donald, executive_order', 'Public Reaction to Government Actions': 'protest, defend, fire'}",US Immigration Policy and Controversy.Public Reaction to Government Actions,"{'US Immigration Policy': 'ban, trump, muslim, travel, trumps, immigration, order, president, america, executive_order', 'Public Reaction to Immigration Policies': 'seek, heartland, refuge, country, protest, refugee'}",US Immigration Policy.Public Reaction to Immigration Policies
63,7,"['ban', 'muslim', 'trumps', 'travel', 'trump', 'country', 'support', 'immigration', 'americans', 'muslimban', 'not']",53,10,"['ban', 'trump', 'muslim', 'travel', 'trumps', 'immigration', 'order', 'president', 'america', 'seek', 'heartland', 'refuge', 'country', 'protest', 'refugee']",7,"['ban', 'trump', 'travel', 'trumps', 'immigration', 'donald', 'order', 'muslim', 'president', 'fire', 'executive_order']",5,"['ban', 'trump', 'muslim', 'immigration', 'trumps', 'travel', 'order', 'executive_order', 'seek', 'protest', 'country']","[30554954, 196411725, 1500129642]","ban,muslim,trumps,travel,trump,country,support,immigration,americans,muslimban,not,donald,order,president,fire,executive_order,america,seek,heartland,refuge,protest,refugee","ban,muslim,trumps,travel,trump,country,support,immigration,americans,muslimban,not,donald,order,president,fire,executive_order","ban,trump,muslim,travel,trumps,immigration,order,president,america,seek,heartland,refuge,country,protest,refugee,executive_order","{'US Travel Ban on Muslim-majority Countries': 'ban, muslim, trumps, travel, trump, country, support, immigration, americans, muslimban, not, donald, order, president, executive_order, america, protest, refugee', 'Public Reaction and Protests': 'fire, seek, heartland, refuge, protest'}",US Travel Ban on Muslim-majority Countries.Public Reaction and Protests,"{'US Immigration Policy': 'ban, muslim, trumps, travel, trump, country, support, immigration, americans, muslimban, not, donald, order, president, fire, executive_order'}",US Immigration Policy,"{'US Immigration Policy': 'ban, trump, muslim, travel, trumps, immigration, order, president, america, executive_order', 'Public Reaction to Immigration Policies': 'seek, heartland, refuge, country, protest, refugee'}",US Immigration Policy.Public Reaction to Immigration Policies
64,2,"['ban', 'trump', 'travel', 'immigration', 'trumps', 'president', 'order', 'protest', 'muslim', 'defend']",54,10,"['ban', 'trump', 'muslim', 'travel', 'trumps', 'immigration', 'order', 'president', 'america', 'seek', 'heartland', 'refuge', 'country', 'protest', 'refugee']",7,"['ban', 'trump', 'travel', 'trumps', 'immigration', 'donald', 'order', 'muslim', 'president', 'fire', 'executive_order']",5,"['ban', 'trump', 'muslim', 'immigration', 'trumps', 'travel', 'order', 'executive_order', 'seek', 'protest', 'country']","[17672825, 38154280, 409116367, 897197394]","ban,trump,travel,immigration,trumps,president,order,protest,muslim,defend,donald,fire,executive_order,america,seek,heartland,refuge,country,refugee","ban,trump,travel,immigration,trumps,president,order,protest,muslim,defend,donald,fire,executive_order","ban,trump,muslim,travel,trumps,immigration,order,president,america,seek,heartland,refuge,country,protest,refugee,executive_order","{'US Immigration Policy': 'ban, travel, immigration, trumps, president, order, executive_order, america, country', 'Trump Administration': 'trump, donald, president, trumps, executive_order', 'Protests and Public Response': 'protest, defend, fire, seek, heartland', 'Muslim and Refugee Issues': 'muslim, refuge, refugee'}",US Immigration Policy.Trump Administration.Protests and Public Response.Muslim and Refugee Issues,"{'US Immigration Policy and Controversy': 'ban, trump, travel, immigration, trumps, president, order, protest, muslim, defend, donald, executive_order', 'Public Reaction to Government Actions': 'protest, defend, fire'}",US Immigration Policy and Controversy.Public Reaction to Government Actions,"{'US Immigration Policy': 'ban, trump, muslim, travel, trumps, immigration, order, president, america, executive_order', 'Public Reaction to Immigration Policies': 'seek, heartland, refuge, country, protest, refugee'}",US Immigration Policy.Public Reaction to Immigration Policies
65,9,"['muslimban', 'nobannowall', 'studentban', 'notbanstudentvisa', 'student', 'muslim', 'people', 'iranian', 'letthemin']",55,5,"['muslimban', 'nobannowall', 'studentban', 'notbanstudentvisa', 'support', 'respect']",1,"['muslimban', 'nobannowall', 'muslim', 'trump', 'ban', 'executive_order', 'protest', 'people', 'refugee', 'student', 'iranian']",9,"['nobannowall', 'muslimban', 'studentban', 'notbanstudentvisa', 'worth_worldwide', 'iranian_student', 'student', 'confirmation_vote']","[85734914, 146720976, 822638917669240800]","muslimban,nobannowall,studentban,notbanstudentvisa,student,muslim,people,iranian,letthemin,trump,ban,executive_order,protest,refugee,support,respect,worth_worldwide,iranian_student,confirmation_vote","muslimban,nobannowall,studentban,notbanstudentvisa,student,muslim,people,iranian,letthemin,trump,ban,executive_order,protest,refugee","muslimban,nobannowall,studentban,notbanstudentvisa,support,respect,worth_worldwide,iranian_student,student,confirmation_vote","{'Travel and Immigration Restrictions': ['muslimban', 'nobannowall', 'studentban', 'notbanstudentvisa', 'student', 'muslim', 'people', 'iranian', 'letthemin', 'trump', 'ban', 'executive_order', 'protest', 'refugee', 'support', 'respect', 'worth_worldwide', 'iranian_student', 'confirmation_vote']}",Travel and Immigration Restrictions,"{'Travel and Immigration Restrictions': 'muslimban, nobannowall, studentban, notbanstudentvisa, student, muslim, people, iranian, letthemin, trump, ban, executive_order, protest, refugee'}",Travel and Immigration Restrictions,"{'Travel and Immigration Restrictions': ['muslimban', 'nobannowall', 'studentban', 'notbanstudentvisa'], 'Support and Advocacy': ['support', 'respect', 'worth_worldwide'], 'Iranian Students and Education': ['iranian_student', 'student'], 'Political Processes': ['confirmation_vote']}",Travel and Immigration Restrictions.Support and Advocacy.Iranian Students and Education.Political Processes
66,9,"['muslimban', 'nobannowall', 'studentban', 'notbanstudentvisa', 'student', 'muslim', 'people', 'iranian', 'letthemin']",56,2,"['muslimban', 'trump', 'theresistance', 'nobannowall', 'nomuslimban', 'muslim', 'vote', 'session']",1,"['muslimban', 'nobannowall', 'muslim', 'trump', 'ban', 'executive_order', 'protest', 'people', 'refugee', 'student', 'iranian']",5,"['ban', 'trump', 'muslim', 'immigration', 'trumps', 'travel', 'order', 'executive_order', 'seek', 'protest', 'country']","[2289770467, 2480490476, 4736690237, 4894095909, 762648535938412544, 812044920823234560]","muslimban,nobannowall,studentban,notbanstudentvisa,student,muslim,people,iranian,letthemin,trump,ban,executive_order,protest,refugee,theresistance,nomuslimban,vote,session,immigration,trumps,travel,order,seek,country","muslimban,nobannowall,studentban,notbanstudentvisa,student,muslim,people,iranian,letthemin,trump,ban,executive_order,protest,refugee","muslimban,trump,theresistance,nobannowall,nomuslimban,muslim,vote,session,ban,immigration,trumps,travel,order,executive_order,seek,protest,country","{'Travel and Immigration Ban Protests': ['muslimban', 'nobannowall', 'studentban', 'notbanstudentvisa', 'student', 'muslim', 'people', 'iranian', 'letthemin', 'trump', 'ban', 'executive_order', 'protest', 'refugee', 'theresistance', 'nomuslimban', 'vote', 'session', 'immigration', 'trumps', 'travel', 'order', 'seek', 'country']}",Travel and Immigration Ban Protests,"{'Travel and Immigration Restrictions': 'muslimban, nobannowall, studentban, notbanstudentvisa, student, muslim, people, iranian, letthemin, trump, ban, executive_order, protest, refugee'}",Travel and Immigration Restrictions,"{'US Immigration Policy Protests': 'muslimban, trump, theresistance, nobannowall, nomuslimban, muslim, vote, session, ban, immigration, trumps, travel, order, executive_order, seek, protest, country'}",US Immigration Policy Protests
67,2,"['ban', 'trump', 'travel', 'immigration', 'trumps', 'president', 'order', 'protest', 'muslim', 'defend']",57,10,"['ban', 'trump', 'muslim', 'travel', 'trumps', 'immigration', 'order', 'president', 'america', 'seek', 'heartland', 'refuge', 'country', 'protest', 'refugee']",7,"['ban', 'trump', 'travel', 'trumps', 'immigration', 'donald', 'order', 'muslim', 'president', 'fire', 'executive_order']",8,"['ban', 'donald', 'trump', 'travel', 'trumps', 'immigration', 'fire', 'dissent_memo', 'fire_attorney', 'muslim', 'barack_obama', 'state_department']","[17134268, 331211313, 3612178577]","ban,trump,travel,immigration,trumps,president,order,protest,muslim,defend,donald,fire,executive_order,america,seek,heartland,refuge,country,refugee,dissent_memo,fire_attorney,barack_obama,state_department","ban,trump,travel,immigration,trumps,president,order,protest,muslim,defend,donald,fire,executive_order","ban,trump,muslim,travel,trumps,immigration,order,president,america,seek,heartland,refuge,country,protest,refugee,donald,fire,dissent_memo,fire_attorney,barack_obama,state_department","{'US Immigration Policy': 'ban, travel, immigration, trumps, president, order, protest, muslim, defend, donald, executive_order, america, seek, heartland, refuge, country, refugee, dissent_memo, state_department', 'Political Controversy': 'trump, fire, fire_attorney, barack_obama'}",US Immigration Policy.Political Controversy,"{'US Immigration Policy and Controversy': 'ban, trump, travel, immigration, trumps, president, order, protest, muslim, defend, donald, executive_order', 'Public Reaction to Government Actions': 'protest, defend, fire'}",US Immigration Policy and Controversy.Public Reaction to Government Actions,"{""Trump's Travel Ban"": 'ban, trump, muslim, travel, trumps, immigration, order, president, america, seek, heartland, refuge, country, protest, refugee, donald, fire, dissent_memo, fire_attorney, barack_obama, state_department'}",Trump's Travel Ban
68,2,"['ban', 'trump', 'travel', 'immigration', 'trumps', 'president', 'order', 'protest', 'muslim', 'defend']",58,10,"['ban', 'trump', 'muslim', 'travel', 'trumps', 'immigration', 'order', 'president', 'america', 'seek', 'heartland', 'refuge', 'country', 'protest', 'refugee']",7,"['ban', 'trump', 'travel', 'trumps', 'immigration', 'donald', 'order', 'muslim', 'president', 'fire', 'executive_order']",5,"['ban', 'trump', 'muslim', 'immigration', 'trumps', 'travel', 'order', 'executive_order', 'seek', 'protest', 'country']","[143225212, 255667282, 449600949]","ban,trump,travel,immigration,trumps,president,order,protest,muslim,defend,donald,fire,executive_order,america,seek,heartland,refuge,country,refugee","ban,trump,travel,immigration,trumps,president,order,protest,muslim,defend,donald,fire,executive_order","ban,trump,muslim,travel,trumps,immigration,order,president,america,seek,heartland,refuge,country,protest,refugee,executive_order","{'US Immigration Policy': 'ban, travel, immigration, trumps, president, order, protest, muslim, defend, donald, executive_order, america, seek, heartland, refuge, country, refugee'}",US Immigration Policy,"{'US Immigration Policy and Controversy': 'ban, trump, travel, immigration, trumps, president, order, protest, muslim, defend, donald, executive_order', 'Public Reaction to Government Actions': 'protest, defend, fire'}",US Immigration Policy and Controversy.Public Reaction to Government Actions,"{'US Immigration Policy': 'ban, trump, muslim, travel, trumps, immigration, order, president, america, executive_order', 'Public Reaction to Immigration Policies': 'seek, heartland, refuge, country, protest, refugee'}",US Immigration Policy.Public Reaction to Immigration Policies
69,2,"['ban', 'trump', 'travel', 'immigration', 'trumps', 'president', 'order', 'protest', 'muslim', 'defend']",59,10,"['ban', 'trump', 'muslim', 'travel', 'trumps', 'immigration', 'order', 'president', 'america', 'seek', 'heartland', 'refuge', 'country', 'protest', 'refugee']",7,"['ban', 'trump', 'travel', 'trumps', 'immigration', 'donald', 'order', 'muslim', 'president', 'fire', 'executive_order']",5,"['ban', 'trump', 'muslim', 'immigration', 'trumps', 'travel', 'order', 'executive_order', 'seek', 'protest', 'country']","[24733117, 67858240, 409451722, 428917289]","ban,trump,travel,immigration,trumps,president,order,protest,muslim,defend,donald,fire,executive_order,america,seek,heartland,refuge,country,refugee","ban,trump,travel,immigration,trumps,president,order,protest,muslim,defend,donald,fire,executive_order","ban,trump,muslim,travel,trumps,immigration,order,president,america,seek,heartland,refuge,country,protest,refugee,executive_order","{'US Immigration Policy': 'ban, travel, immigration, order, executive_order, refugee', 'Trump Administration': 'trump, trumps, president, donald, america', 'Public Reaction': 'protest, defend, fire, seek, heartland', 'Muslim Community': 'muslim, refuge, country'}",US Immigration Policy.Trump Administration.Public Reaction.Muslim Community,"{'US Immigration Policy and Controversy': 'ban, trump, travel, immigration, trumps, president, order, protest, muslim, defend, donald, executive_order', 'Public Reaction to Government Actions': 'protest, defend, fire'}",US Immigration Policy and Controversy.Public Reaction to Government Actions,"{'US Immigration Policy': 'ban, trump, muslim, travel, trumps, immigration, order, president, america, executive_order', 'Public Reaction to Immigration Policies': 'seek, heartland, refuge, country, protest, refugee'}",US Immigration Policy.Public Reaction to Immigration Policies
70,2,"['ban', 'trump', 'travel', 'immigration', 'trumps', 'president', 'order', 'protest', 'muslim', 'defend']",60,10,"['ban', 'trump', 'muslim', 'travel', 'trumps', 'immigration', 'order', 'president', 'america', 'seek', 'heartland', 'refuge', 'country', 'protest', 'refugee']",1,"['muslimban', 'nobannowall', 'muslim', 'trump', 'ban', 'executive_order', 'protest', 'people', 'refugee', 'student', 'iranian']",5,"['ban', 'trump', 'muslim', 'immigration', 'trumps', 'travel', 'order', 'executive_order', 'seek', 'protest', 'country']","[23317891, 52141764, 975217231]","ban,trump,travel,immigration,trumps,president,order,protest,muslim,defend,muslimban,nobannowall,executive_order,people,refugee,student,iranian,america,seek,heartland,refuge,country","ban,trump,travel,immigration,trumps,president,order,protest,muslim,defend,muslimban,nobannowall,executive_order,people,refugee,student,iranian","ban,trump,muslim,travel,trumps,immigration,order,president,america,seek,heartland,refuge,country,protest,refugee,executive_order","{'US Immigration Policy and Travel Ban': 'ban, trump, travel, immigration, trumps, president, order, protest, muslim, defend, muslimban, nobannowall, executive_order, people, refugee, student, iranian, america, seek, heartland, refuge, country'}",US Immigration Policy and Travel Ban,"{'US Immigration Policy and Protests': 'ban, trump, travel, immigration, trumps, president, order, protest, muslim, defend, muslimban, nobannowall, executive_order, people, refugee, student, iranian'}",US Immigration Policy and Protests,"{'US Immigration Policy': 'ban, trump, muslim, travel, trumps, immigration, order, president, america, executive_order', 'Public Reaction to Immigration Policies': 'seek, heartland, refuge, country, protest, refugee'}",US Immigration Policy.Public Reaction to Immigration Policies
71,9,"['muslimban', 'nobannowall', 'studentban', 'notbanstudentvisa', 'student', 'muslim', 'people', 'iranian', 'letthemin']",61,2,"['muslimban', 'trump', 'theresistance', 'nobannowall', 'nomuslimban', 'muslim', 'vote', 'session']",1,"['muslimban', 'nobannowall', 'muslim', 'trump', 'ban', 'executive_order', 'protest', 'people', 'refugee', 'student', 'iranian']",4,"['muslimban', 'racist', 'standuptotrump', 'london', 'value']","[61493186, 172699095, 209988094, 2189581818]","muslimban,nobannowall,studentban,notbanstudentvisa,student,muslim,people,iranian,letthemin,trump,ban,executive_order,protest,refugee,theresistance,nomuslimban,vote,session,racist,standuptotrump,london,value","muslimban,nobannowall,studentban,notbanstudentvisa,student,muslim,people,iranian,letthemin,trump,ban,executive_order,protest,refugee","muslimban,trump,theresistance,nobannowall,nomuslimban,muslim,vote,session,racist,standuptotrump,london,value","{'Travel and Immigration Restrictions': ['muslimban', 'nobannowall', 'studentban', 'notbanstudentvisa', 'ban', 'executive_order', 'refugee', 'nomuslimban'], 'Political Opposition and Activism': ['protest', 'theresistance', 'standuptotrump', 'vote', 'racist'], 'Affected Groups and Individuals': ['student', 'muslim', 'people', 'iranian', 'letthemin'], 'Political Figures and Locations': ['trump', 'london', 'session', 'value']}",Travel and Immigration Restrictions.Political Opposition and Activism.Affected Groups and Individuals.Political Figures and Locations,"{'Travel and Immigration Restrictions': 'muslimban, nobannowall, studentban, notbanstudentvisa, student, muslim, people, iranian, letthemin, trump, ban, executive_order, protest, refugee'}",Travel and Immigration Restrictions,"{'Political Protest Against Immigration Policies': ['muslimban', 'trump', 'theresistance', 'nobannowall', 'nomuslimban', 'muslim', 'racist', 'standuptotrump'], 'Political Engagement and Voting': ['vote', 'session'], 'International Reaction to US Policies': ['london', 'value']}",Political Protest Against Immigration Policies.Political Engagement and Voting.International Reaction to US Policies
72,11,"['muslimban', 'maga', 'trump', 'refugee', 'worth']",62,7,"['muslimban', 'maga', 'student', 'refugee', 'worth', 'migrant', 'dear', 'trump', 'americafirst', 'america', 'dream']",8,"['studentban', 'muslimban', 'notbanstudentvisa', 'worth_worldwide', 'iranian_student', 'notbanstudentvisa_studentban', 'nobannowall', 'studentban_plz', 'letthemin_respect', 'beautiful_mind', 'studentban_notbanstudentvisa', 'maga', 'support', 'notaterrorist_studentban', 'plz']",1,"['muslim', 'america_heartland', 'america', 'muslimban', 'heartland', 'refuge', 'seek_refuge', 'seek_refuge_america_heartland', 'trump', 'maga', 'start_help', 'heartland_kill', 'refugee', 'migrant_europe', 'ohio']","[408889456, 1021868336, 1666504591, 2411379535]","muslimban,maga,trump,refugee,worth,studentban,notbanstudentvisa,worth_worldwide,iranian_student,notbanstudentvisa_studentban,nobannowall,studentban_plz,letthemin_respect,beautiful_mind,studentban_notbanstudentvisa,support,notaterrorist_studentban,plz,student,migrant,dear,americafirst,america,dream,muslim,america_heartland,heartland,refuge,seek_refuge,seek_refuge_america_heartland,start_help,heartland_kill,migrant_europe,ohio","muslimban,maga,trump,refugee,worth,studentban,notbanstudentvisa,worth_worldwide,iranian_student,notbanstudentvisa_studentban,nobannowall,studentban_plz,letthemin_respect,beautiful_mind,studentban_notbanstudentvisa,support,notaterrorist_studentban,plz","muslimban,maga,student,refugee,worth,migrant,dear,trump,americafirst,america,dream,muslim,america_heartland,heartland,refuge,seek_refuge,seek_refuge_america_heartland,start_help,heartland_kill,migrant_europe,ohio","{'US Immigration Policies': ['muslimban', 'maga', 'trump', 'refugee', 'studentban', 'notbanstudentvisa', 'iranian_student', 'nobannowall', 'studentban_plz', 'letthemin_respect', 'studentban_notbanstudentvisa', 'notaterrorist_studentban', 'plz', 'student', 'migrant', 'americafirst', 'america', 'muslim', 'america_heartland', 'heartland', 'refuge', 'seek_refuge', 'seek_refuge_america_heartland', 'start_help', 'heartland_kill', 'migrant_europe', 'ohio'], 'Support for Refugees and Migrants': ['worth', 'worth_worldwide', 'beautiful_mind', 'dear', 'support', 'dream']}",US Immigration Policies.Support for Refugees and Migrants,"{'US Immigration Policies and Controversies': 'muslimban, maga, trump, refugee, studentban, notbanstudentvisa, iranian_student, nobannowall, letthemin_respect, studentban_notbanstudentvisa, notaterrorist_studentban', 'Social Media Campaigns and Public Sentiment': 'worth, worth_worldwide, beautiful_mind, support, plz'}",US Immigration Policies and Controversies.Social Media Campaigns and Public Sentiment,"{'US Immigration and Refugee Policies': ['muslimban', 'refugee', 'migrant', 'refuge', 'seek_refuge', 'seek_refuge_america_heartland', 'migrant_europe'], 'American Political Climate': ['maga', 'trump', 'americafirst', 'america', 'america_heartland', 'heartland', 'ohio'], 'Education and Youth': ['student', 'dream'], 'Social Values and Worth': ['worth', 'dear', 'start_help', 'heartland_kill']}",US Immigration and Refugee Policies.American Political Climate.Education and Youth.Social Values and Worth
73,2,"['ban', 'trump', 'travel', 'immigration', 'trumps', 'president', 'order', 'protest', 'muslim', 'defend']",65,10,"['ban', 'trump', 'muslim', 'travel', 'trumps', 'immigration', 'order', 'president', 'america', 'seek', 'heartland', 'refuge', 'country', 'protest', 'refugee']",7,"['ban', 'trump', 'travel', 'trumps', 'immigration', 'donald', 'order', 'muslim', 'president', 'fire', 'executive_order']",5,"['ban', 'trump', 'muslim', 'immigration', 'trumps', 'travel', 'order', 'executive_order', 'seek', 'protest', 'country']","[269199676, 818151340710969344, 818154258310844416, 818160035775873025]","ban,trump,travel,immigration,trumps,president,order,protest,muslim,defend,donald,fire,executive_order,america,seek,heartland,refuge,country,refugee","ban,trump,travel,immigration,trumps,president,order,protest,muslim,defend,donald,fire,executive_order","ban,trump,muslim,travel,trumps,immigration,order,president,america,seek,heartland,refuge,country,protest,refugee,executive_order","{'US Immigration Policy and Controversy': 'ban, trump, travel, immigration, trumps, president, order, protest, muslim, defend, donald, fire, executive_order, america, seek, heartland, refuge, country, refugee'}",US Immigration Policy and Controversy,"{'US Immigration Policy and Controversy': 'ban, trump, travel, immigration, trumps, president, order, protest, muslim, defend, donald, executive_order', 'Public Reaction to Government Actions': 'protest, defend, fire'}",US Immigration Policy and Controversy.Public Reaction to Government Actions,"{'US Immigration Policy': 'ban, trump, muslim, travel, trumps, immigration, order, president, america, executive_order', 'Public Reaction to Immigration Policies': 'seek, heartland, refuge, country, protest, refugee'}",US Immigration Policy.Public Reaction to Immigration Policies
74,9,"['muslimban', 'nobannowall', 'studentban', 'notbanstudentvisa', 'student', 'muslim', 'people', 'iranian', 'letthemin']",66,2,"['muslimban', 'trump', 'theresistance', 'nobannowall', 'nomuslimban', 'muslim', 'vote', 'session']",1,"['muslimban', 'nobannowall', 'muslim', 'trump', 'ban', 'executive_order', 'protest', 'people', 'refugee', 'student', 'iranian']",1,"['muslim', 'america_heartland', 'america', 'muslimban', 'heartland', 'refuge', 'seek_refuge', 'seek_refuge_america_heartland', 'trump', 'maga', 'start_help', 'heartland_kill', 'refugee', 'migrant_europe', 'ohio']","[373157754, 751736611260338176, 751736611260338200]","muslimban,nobannowall,studentban,notbanstudentvisa,student,muslim,people,iranian,letthemin,trump,ban,executive_order,protest,refugee,theresistance,nomuslimban,vote,session,america_heartland,america,heartland,refuge,seek_refuge,seek_refuge_america_heartland,maga,start_help,heartland_kill,migrant_europe,ohio","muslimban,nobannowall,studentban,notbanstudentvisa,student,muslim,people,iranian,letthemin,trump,ban,executive_order,protest,refugee","muslimban,trump,theresistance,nobannowall,nomuslimban,muslim,vote,session,america_heartland,america,heartland,refuge,seek_refuge,seek_refuge_america_heartland,maga,start_help,heartland_kill,refugee,migrant_europe,ohio","{'Travel and Immigration Restrictions': ['muslimban', 'nobannowall', 'studentban', 'notbanstudentvisa', 'ban', 'executive_order', 'nomuslimban', 'refugee', 'refuge', 'seek_refuge', 'seek_refuge_america_heartland', 'migrant_europe'], 'Protest and Resistance': ['protest', 'theresistance', 'letthemin', 'vote', 'start_help'], 'Political Figures and Policies': ['trump', 'maga'], 'Affected Groups and Locations': ['student', 'muslim', 'people', 'iranian', 'america_heartland', 'america', 'heartland', 'heartland_kill', 'ohio', 'session']}",Travel and Immigration Restrictions.Protest and Resistance.Political Figures and Policies.Affected Groups and Locations,"{'Travel and Immigration Restrictions': 'muslimban, nobannowall, studentban, notbanstudentvisa, student, muslim, people, iranian, letthemin, trump, ban, executive_order, protest, refugee'}",Travel and Immigration Restrictions,"{'Political Resistance and Immigration Policies': ['muslimban', 'trump', 'theresistance', 'nobannowall', 'nomuslimban', 'muslim', 'vote', 'session', 'refuge', 'seek_refuge', 'refugee', 'migrant_europe', 'maga'], 'American Heartland and Refuge': ['america_heartland', 'america', 'heartland', 'seek_refuge_america_heartland', 'start_help', 'heartland_kill', 'ohio']}",Political Resistance and Immigration Policies.American Heartland and Refuge
75,7,"['ban', 'muslim', 'trumps', 'travel', 'trump', 'country', 'support', 'immigration', 'americans', 'muslimban', 'not']",69,10,"['ban', 'trump', 'muslim', 'travel', 'trumps', 'immigration', 'order', 'president', 'america', 'seek', 'heartland', 'refuge', 'country', 'protest', 'refugee']",7,"['ban', 'trump', 'travel', 'trumps', 'immigration', 'donald', 'order', 'muslim', 'president', 'fire', 'executive_order']",8,"['ban', 'donald', 'trump', 'travel', 'trumps', 'immigration', 'fire', 'dissent_memo', 'fire_attorney', 'muslim', 'barack_obama', 'state_department']","[20010422, 251509876, 380128157, 562063761, 1759891873]","ban,muslim,trumps,travel,trump,country,support,immigration,americans,muslimban,not,donald,order,president,fire,executive_order,america,seek,heartland,refuge,protest,refugee,dissent_memo,fire_attorney,barack_obama,state_department","ban,muslim,trumps,travel,trump,country,support,immigration,americans,muslimban,not,donald,order,president,fire,executive_order","ban,trump,muslim,travel,trumps,immigration,order,president,america,seek,heartland,refuge,country,protest,refugee,donald,fire,dissent_memo,fire_attorney,barack_obama,state_department","{""Theme: Trump's Travel Ban"": 'ban, muslim, trumps, travel, trump, country, support, immigration, americans, muslimban, not, donald, order, president, executive_order, america, seek, heartland, refuge, protest, refugee, dissent_memo, fire_attorney, barack_obama, state_department'}",Theme: Trump's Travel Ban,"{'US Immigration Policy': 'ban, muslim, trumps, travel, trump, country, support, immigration, americans, muslimban, not, donald, order, president, fire, executive_order'}",US Immigration Policy,"{""Trump's Travel Ban"": 'ban, trump, muslim, travel, trumps, immigration, order, president, america, seek, heartland, refuge, country, protest, refugee, donald, fire, dissent_memo, fire_attorney, barack_obama, state_department'}",Trump's Travel Ban
76,9,"['muslimban', 'nobannowall', 'studentban', 'notbanstudentvisa', 'student', 'muslim', 'people', 'iranian', 'letthemin']",70,2,"['muslimban', 'trump', 'theresistance', 'nobannowall', 'nomuslimban', 'muslim', 'vote', 'session']",1,"['muslimban', 'nobannowall', 'muslim', 'trump', 'ban', 'executive_order', 'protest', 'people', 'refugee', 'student', 'iranian']",10,"['muslimban', 'trump', 'theresistance', 'resist', 'nobannowall', 'trumpleak', 'nomuslimban', 'break', 'stoppresidentbannon']","[19879777, 78058860, 620489159, 2167938952, 743436854129790976, 784758951468412929]","muslimban,nobannowall,studentban,notbanstudentvisa,student,muslim,people,iranian,letthemin,trump,ban,executive_order,protest,refugee,theresistance,nomuslimban,vote,session,resist,trumpleak,break,stoppresidentbannon","muslimban,nobannowall,studentban,notbanstudentvisa,student,muslim,people,iranian,letthemin,trump,ban,executive_order,protest,refugee","muslimban,trump,theresistance,nobannowall,nomuslimban,muslim,vote,session,resist,trumpleak,break,stoppresidentbannon","{'Travel Ban Protests': 'muslimban, nobannowall, studentban, notbanstudentvisa, muslim, iranian, letthemin, trump, ban, executive_order, protest, refugee, theresistance, nomuslimban, resist, stoppresidentbannon', 'Political Activism and Resistance': 'people, vote, session, resist, trumpleak, break'}",Travel Ban Protests.Political Activism and Resistance,"{'Travel and Immigration Restrictions': 'muslimban, nobannowall, studentban, notbanstudentvisa, student, muslim, people, iranian, letthemin, trump, ban, executive_order, protest, refugee'}",Travel and Immigration Restrictions,"{'Political Resistance Against Trump Administration': 'muslimban, trump, theresistance, nobannowall, nomuslimban, muslim, vote, session, resist, trumpleak, break, stoppresidentbannon'}",Political Resistance Against Trump Administration
77,2,"['ban', 'trump', 'travel', 'immigration', 'trumps', 'president', 'order', 'protest', 'muslim', 'defend']",71,10,"['ban', 'trump', 'muslim', 'travel', 'trumps', 'immigration', 'order', 'president', 'america', 'seek', 'heartland', 'refuge', 'country', 'protest', 'refugee']",7,"['ban', 'trump', 'travel', 'trumps', 'immigration', 'donald', 'order', 'muslim', 'president', 'fire', 'executive_order']",5,"['ban', 'trump', 'muslim', 'immigration', 'trumps', 'travel', 'order', 'executive_order', 'seek', 'protest', 'country']","[184739178, 441457447, 1355218452]","ban,trump,travel,immigration,trumps,president,order,protest,muslim,defend,donald,fire,executive_order,america,seek,heartland,refuge,country,refugee","ban,trump,travel,immigration,trumps,president,order,protest,muslim,defend,donald,fire,executive_order","ban,trump,muslim,travel,trumps,immigration,order,president,america,seek,heartland,refuge,country,protest,refugee,executive_order","{'US Immigration Policy': 'ban, travel, immigration, trumps, president, order, executive_order, america, country', 'Trump Administration': 'trump, donald, president, executive_order', 'Protests and Public Response': 'protest, defend, fire, seek, heartland', 'Muslim and Refugee Issues': 'muslim, refuge, refugee'}",US Immigration Policy.Trump Administration.Protests and Public Response.Muslim and Refugee Issues,"{'US Immigration Policy and Controversy': 'ban, trump, travel, immigration, trumps, president, order, protest, muslim, defend, donald, executive_order', 'Public Reaction to Government Actions': 'protest, defend, fire'}",US Immigration Policy and Controversy.Public Reaction to Government Actions,"{'US Immigration Policy': 'ban, trump, muslim, travel, trumps, immigration, order, president, america, executive_order', 'Public Reaction to Immigration Policies': 'seek, heartland, refuge, country, protest, refugee'}",US Immigration Policy.Public Reaction to Immigration Policies
78,2,"['ban', 'trump', 'travel', 'immigration', 'trumps', 'president', 'order', 'protest', 'muslim', 'defend']",72,10,"['ban', 'trump', 'muslim', 'travel', 'trumps', 'immigration', 'order', 'president', 'america', 'seek', 'heartland', 'refuge', 'country', 'protest', 'refugee']",7,"['ban', 'trump', 'travel', 'trumps', 'immigration', 'donald', 'order', 'muslim', 'president', 'fire', 'executive_order']",5,"['ban', 'trump', 'muslim', 'immigration', 'trumps', 'travel', 'order', 'executive_order', 'seek', 'protest', 'country']","[24190981, 38605662, 120153772, 497768440, 954338588]","ban,trump,travel,immigration,trumps,president,order,protest,muslim,defend,donald,fire,executive_order,america,seek,heartland,refuge,country,refugee","ban,trump,travel,immigration,trumps,president,order,protest,muslim,defend,donald,fire,executive_order","ban,trump,muslim,travel,trumps,immigration,order,president,america,seek,heartland,refuge,country,protest,refugee,executive_order","{'US Immigration Policy and Controversy': 'ban, trump, travel, immigration, trumps, president, order, protest, muslim, defend, donald, fire, executive_order, america, seek, heartland, refuge, country, refugee'}",US Immigration Policy and Controversy,"{'US Immigration Policy and Controversy': 'ban, trump, travel, immigration, trumps, president, order, protest, muslim, defend, donald, executive_order', 'Public Reaction to Government Actions': 'protest, defend, fire'}",US Immigration Policy and Controversy.Public Reaction to Government Actions,"{'US Immigration Policy': 'ban, trump, muslim, travel, trumps, immigration, order, president, america, executive_order', 'Public Reaction to Immigration Policies': 'seek, heartland, refuge, country, protest, refugee'}",US Immigration Policy.Public Reaction to Immigration Policies
79,11,"['muslimban', 'maga', 'trump', 'refugee', 'worth']",73,2,"['muslimban', 'trump', 'theresistance', 'nobannowall', 'nomuslimban', 'muslim', 'vote', 'session']",1,"['muslimban', 'nobannowall', 'muslim', 'trump', 'ban', 'executive_order', 'protest', 'people', 'refugee', 'student', 'iranian']",4,"['muslimban', 'racist', 'standuptotrump', 'london', 'value']","[34040803, 123910041, 1016864882]","muslimban,maga,trump,refugee,worth,nobannowall,muslim,ban,executive_order,protest,people,student,iranian,theresistance,nomuslimban,vote,session,racist,standuptotrump,london,value","muslimban,maga,trump,refugee,worth,nobannowall,muslim,ban,executive_order,protest,people,student,iranian","muslimban,trump,theresistance,nobannowall,nomuslimban,muslim,vote,session,racist,standuptotrump,london,value","{'US Immigration Policy and Protests': 'muslimban, maga, trump, refugee, nobannowall, muslim, ban, executive_order, protest, nomuslimban, standuptotrump', 'Political Activism and Resistance': 'theresistance, vote, protest, standuptotrump', 'Racism and Discrimination': 'racist, muslimban, ban, standuptotrump', 'International Impact and Reactions': 'iranian, london, people, value, worth'}",US Immigration Policy and Protests.Political Activism and Resistance.Racism and Discrimination.International Impact and Reactions,"{'US Immigration Policy and Protests': 'muslimban, maga, trump, refugee, nobannowall, muslim, ban, executive_order, protest, iranian', 'Social and Political Impact': 'worth, people, student'}",US Immigration Policy and Protests.Social and Political Impact,"{'Political Protest Against Immigration Policies': ['muslimban', 'trump', 'theresistance', 'nobannowall', 'nomuslimban', 'muslim', 'racist', 'standuptotrump'], 'Political Engagement and Voting': ['vote', 'session'], 'International Reaction to US Policies': ['london', 'value']}",Political Protest Against Immigration Policies.Political Engagement and Voting.International Reaction to US Policies
80,9,"['muslimban', 'nobannowall', 'studentban', 'notbanstudentvisa', 'student', 'muslim', 'people', 'iranian', 'letthemin']",74,2,"['muslimban', 'trump', 'theresistance', 'nobannowall', 'nomuslimban', 'muslim', 'vote', 'session']",1,"['muslimban', 'nobannowall', 'muslim', 'trump', 'ban', 'executive_order', 'protest', 'people', 'refugee', 'student', 'iranian']",9,"['nobannowall', 'muslimban', 'studentban', 'notbanstudentvisa', 'worth_worldwide', 'iranian_student', 'student', 'confirmation_vote']","[31310187, 2776711205, 807810340339744768, 807810340339744800]","muslimban,nobannowall,studentban,notbanstudentvisa,student,muslim,people,iranian,letthemin,trump,ban,executive_order,protest,refugee,theresistance,nomuslimban,vote,session,worth_worldwide,iranian_student,confirmation_vote","muslimban,nobannowall,studentban,notbanstudentvisa,student,muslim,people,iranian,letthemin,trump,ban,executive_order,protest,refugee","muslimban,trump,theresistance,nobannowall,nomuslimban,muslim,vote,session,studentban,notbanstudentvisa,worth_worldwide,iranian_student,student,confirmation_vote","{'Travel and Immigration Restrictions': 'muslimban, nobannowall, studentban, notbanstudentvisa, muslim, iranian, letthemin, trump, ban, executive_order, protest, refugee, theresistance, nomuslimban', 'Political Activism and Resistance': 'protest, theresistance, vote, confirmation_vote', 'Impact on Students and Education': 'studentban, notbanstudentvisa, student, iranian_student', 'US Political Context': 'trump, executive_order, session, confirmation_vote'}",Travel and Immigration Restrictions.Political Activism and Resistance.Impact on Students and Education.US Political Context,"{'Travel and Immigration Restrictions': 'muslimban, nobannowall, studentban, notbanstudentvisa, student, muslim, people, iranian, letthemin, trump, ban, executive_order, protest, refugee'}",Travel and Immigration Restrictions,"{'Political Resistance to Immigration Policies': 'muslimban, trump, theresistance, nobannowall, nomuslimban, muslim, vote, session, studentban, notbanstudentvisa, worth_worldwide, iranian_student, student, confirmation_vote'}",Political Resistance to Immigration Policies
81,9,"['muslimban', 'nobannowall', 'studentban', 'notbanstudentvisa', 'student', 'muslim', 'people', 'iranian', 'letthemin']",75,2,"['muslimban', 'trump', 'theresistance', 'nobannowall', 'nomuslimban', 'muslim', 'vote', 'session']",1,"['muslimban', 'nobannowall', 'muslim', 'trump', 'ban', 'executive_order', 'protest', 'people', 'refugee', 'student', 'iranian']",1,"['muslim', 'america_heartland', 'america', 'muslimban', 'heartland', 'refuge', 'seek_refuge', 'seek_refuge_america_heartland', 'trump', 'maga', 'start_help', 'heartland_kill', 'refugee', 'migrant_europe', 'ohio']","[257824868, 745999425386885121, 782651518092611584]","muslimban,nobannowall,studentban,notbanstudentvisa,student,muslim,people,iranian,letthemin,trump,ban,executive_order,protest,refugee,theresistance,nomuslimban,vote,session,america_heartland,america,heartland,refuge,seek_refuge,seek_refuge_america_heartland,maga,start_help,heartland_kill,migrant_europe,ohio","muslimban,nobannowall,studentban,notbanstudentvisa,student,muslim,people,iranian,letthemin,trump,ban,executive_order,protest,refugee","muslimban,trump,theresistance,nobannowall,nomuslimban,muslim,vote,session,america_heartland,america,heartland,refuge,seek_refuge,seek_refuge_america_heartland,maga,start_help,heartland_kill,refugee,migrant_europe,ohio","{'US Immigration Policies and Protests': ['muslimban', 'nobannowall', 'studentban', 'notbanstudentvisa', 'student', 'muslim', 'people', 'iranian', 'letthemin', 'trump', 'ban', 'executive_order', 'protest', 'refugee', 'theresistance', 'nomuslimban', 'vote', 'session', 'america_heartland', 'america', 'heartland', 'refuge', 'seek_refuge', 'seek_refuge_america_heartland', 'maga', 'start_help', 'heartland_kill', 'migrant_europe', 'ohio']}",US Immigration Policies and Protests,"{'Travel and Immigration Restrictions': 'muslimban, nobannowall, studentban, notbanstudentvisa, student, muslim, people, iranian, letthemin, trump, ban, executive_order, protest, refugee'}",Travel and Immigration Restrictions,"{'Political Resistance and Immigration Policies': ['muslimban', 'trump', 'theresistance', 'nobannowall', 'nomuslimban', 'muslim', 'vote', 'session', 'refuge', 'seek_refuge', 'refugee', 'migrant_europe', 'maga'], 'American Heartland and Refuge': ['america_heartland', 'america', 'heartland', 'seek_refuge_america_heartland', 'start_help', 'heartland_kill', 'ohio']}",Political Resistance and Immigration Policies.American Heartland and Refuge
82,9,"['muslimban', 'nobannowall', 'studentban', 'notbanstudentvisa', 'student', 'muslim', 'people', 'iranian', 'letthemin']",76,2,"['muslimban', 'trump', 'theresistance', 'nobannowall', 'nomuslimban', 'muslim', 'vote', 'session']",1,"['muslimban', 'nobannowall', 'muslim', 'trump', 'ban', 'executive_order', 'protest', 'people', 'refugee', 'student', 'iranian']",9,"['nobannowall', 'muslimban', 'studentban', 'notbanstudentvisa', 'worth_worldwide', 'iranian_student', 'student', 'confirmation_vote']","[2265661259, 2603032396, 2650905729]","muslimban,nobannowall,studentban,notbanstudentvisa,student,muslim,people,iranian,letthemin,trump,ban,executive_order,protest,refugee,theresistance,nomuslimban,vote,session,worth_worldwide,iranian_student,confirmation_vote","muslimban,nobannowall,studentban,notbanstudentvisa,student,muslim,people,iranian,letthemin,trump,ban,executive_order,protest,refugee","muslimban,trump,theresistance,nobannowall,nomuslimban,muslim,vote,session,studentban,notbanstudentvisa,worth_worldwide,iranian_student,student,confirmation_vote","{'Travel and Immigration Restrictions': ['muslimban', 'nobannowall', 'studentban', 'notbanstudentvisa', 'muslim', 'people', 'iranian', 'letthemin', 'trump', 'ban', 'executive_order', 'protest', 'refugee', 'theresistance', 'nomuslimban', 'iranian_student'], 'Political Activism and Resistance': ['protest', 'theresistance', 'vote', 'confirmation_vote'], 'Education and Student Visas': ['studentban', 'notbanstudentvisa', 'student', 'iranian_student', 'session', 'worth_worldwide']}",Travel and Immigration Restrictions.Political Activism and Resistance.Education and Student Visas,"{'Travel and Immigration Restrictions': 'muslimban, nobannowall, studentban, notbanstudentvisa, student, muslim, people, iranian, letthemin, trump, ban, executive_order, protest, refugee'}",Travel and Immigration Restrictions,"{'Political Resistance to Immigration Policies': 'muslimban, trump, theresistance, nobannowall, nomuslimban, muslim, vote, session, studentban, notbanstudentvisa, worth_worldwide, iranian_student, student, confirmation_vote'}",Political Resistance to Immigration Policies
83,2,"['ban', 'trump', 'travel', 'immigration', 'trumps', 'president', 'order', 'protest', 'muslim', 'defend']",77,10,"['ban', 'trump', 'muslim', 'travel', 'trumps', 'immigration', 'order', 'president', 'america', 'seek', 'heartland', 'refuge', 'country', 'protest', 'refugee']",1,"['muslimban', 'nobannowall', 'muslim', 'trump', 'ban', 'executive_order', 'protest', 'people', 'refugee', 'student', 'iranian']",5,"['ban', 'trump', 'muslim', 'immigration', 'trumps', 'travel', 'order', 'executive_order', 'seek', 'protest', 'country']","[84653850, 113061485, 634912541]","ban,trump,travel,immigration,trumps,president,order,protest,muslim,defend,muslimban,nobannowall,executive_order,people,refugee,student,iranian,america,seek,heartland,refuge,country","ban,trump,travel,immigration,trumps,president,order,protest,muslim,defend,muslimban,nobannowall,executive_order,people,refugee,student,iranian","ban,trump,muslim,travel,trumps,immigration,order,president,america,seek,heartland,refuge,country,protest,refugee,executive_order","{'Theme: Immigration and Travel Ban': 'ban, trump, travel, immigration, trumps, president, order, protest, muslim, defend, muslimban, nobannowall, executive_order, people, refugee, student, iranian, america, seek, heartland, refuge, country'}",Theme: Immigration and Travel Ban,"{'US Immigration Policy and Protests': 'ban, trump, travel, immigration, trumps, president, order, protest, muslim, defend, muslimban, nobannowall, executive_order, people, refugee, student, iranian'}",US Immigration Policy and Protests,"{'US Immigration Policy': 'ban, trump, muslim, travel, trumps, immigration, order, president, america, executive_order', 'Public Reaction to Immigration Policies': 'seek, heartland, refuge, country, protest, refugee'}",US Immigration Policy.Public Reaction to Immigration Policies
84,2,"['ban', 'trump', 'travel', 'immigration', 'trumps', 'president', 'order', 'protest', 'muslim', 'defend']",78,10,"['ban', 'trump', 'muslim', 'travel', 'trumps', 'immigration', 'order', 'president', 'america', 'seek', 'heartland', 'refuge', 'country', 'protest', 'refugee']",7,"['ban', 'trump', 'travel', 'trumps', 'immigration', 'donald', 'order', 'muslim', 'president', 'fire', 'executive_order']",5,"['ban', 'trump', 'muslim', 'immigration', 'trumps', 'travel', 'order', 'executive_order', 'seek', 'protest', 'country']","[172028905, 326788733, 618055731, 3235220435]","ban,trump,travel,immigration,trumps,president,order,protest,muslim,defend,donald,fire,executive_order,america,seek,heartland,refuge,country,refugee","ban,trump,travel,immigration,trumps,president,order,protest,muslim,defend,donald,fire,executive_order","ban,trump,muslim,travel,trumps,immigration,order,president,america,seek,heartland,refuge,country,protest,refugee,executive_order","{'US Immigration Policy and Controversy': 'ban, trump, travel, immigration, trumps, president, order, protest, muslim, defend, donald, fire, executive_order, america, seek, heartland, refuge, country, refugee'}",US Immigration Policy and Controversy,"{'US Immigration Policy and Controversy': 'ban, trump, travel, immigration, trumps, president, order, protest, muslim, defend, donald, executive_order', 'Public Reaction to Government Actions': 'protest, defend, fire'}",US Immigration Policy and Controversy.Public Reaction to Government Actions,"{'US Immigration Policy': 'ban, trump, muslim, travel, trumps, immigration, order, president, america, executive_order', 'Public Reaction to Immigration Policies': 'seek, heartland, refuge, country, protest, refugee'}",US Immigration Policy.Public Reaction to Immigration Policies
85,2,"['ban', 'trump', 'travel', 'immigration', 'trumps', 'president', 'order', 'protest', 'muslim', 'defend']",79,10,"['ban', 'trump', 'muslim', 'travel', 'trumps', 'immigration', 'order', 'president', 'america', 'seek', 'heartland', 'refuge', 'country', 'protest', 'refugee']",7,"['ban', 'trump', 'travel', 'trumps', 'immigration', 'donald', 'order', 'muslim', 'president', 'fire', 'executive_order']",5,"['ban', 'trump', 'muslim', 'immigration', 'trumps', 'travel', 'order', 'executive_order', 'seek', 'protest', 'country']","[3093553831, 3381540185, 4869201105, 721791807538012161, 734346147767148544, 771218637269049345, 792889476859174913, 817216481465405442]","ban,trump,travel,immigration,trumps,president,order,protest,muslim,defend,donald,fire,executive_order,america,seek,heartland,refuge,country,refugee","ban,trump,travel,immigration,trumps,president,order,protest,muslim,defend,donald,fire,executive_order","ban,trump,muslim,travel,trumps,immigration,order,president,america,seek,heartland,refuge,country,protest,refugee,executive_order","{'US Immigration Policy': 'ban, trump, travel, immigration, trumps, president, order, protest, muslim, defend, donald, fire, executive_order, america, seek, heartland, refuge, country, refugee'}",US Immigration Policy,"{'US Immigration Policy and Controversy': 'ban, trump, travel, immigration, trumps, president, order, protest, muslim, defend, donald, executive_order', 'Public Reaction to Government Actions': 'protest, defend, fire'}",US Immigration Policy and Controversy.Public Reaction to Government Actions,"{'US Immigration Policy': 'ban, trump, muslim, travel, trumps, immigration, order, president, america, executive_order', 'Public Reaction to Immigration Policies': 'seek, heartland, refuge, country, protest, refugee'}",US Immigration Policy.Public Reaction to Immigration Policies
86,1,"['muslimban', 'resist', 'trumpleak', 'podcast', 'theresistance', 'impeachtrump']",80,8,"['resist', 'trumpleak', 'trump', 'muslimban', 'impeachtrump', 'immigration', 'theresistance', 'resistance', 'ban', 'stopsession', 'nodapl', 'nobannowall', 'order', 'stopdevos', 'trumps', 'sallyyate']",7,"['ban', 'trump', 'travel', 'trumps', 'immigration', 'donald', 'order', 'muslim', 'president', 'fire', 'executive_order']",10,"['muslimban', 'trump', 'theresistance', 'resist', 'nobannowall', 'trumpleak', 'nomuslimban', 'break', 'stoppresidentbannon']","[85881268, 1665491648, 751283435382067200, 751283435382067202]","muslimban,resist,trumpleak,podcast,theresistance,impeachtrump,ban,trump,travel,trumps,immigration,donald,order,muslim,president,fire,executive_order,resistance,stopsession,nodapl,nobannowall,stopdevos,sallyyate,nomuslimban,break,stoppresidentbannon","muslimban,resist,trumpleak,podcast,theresistance,impeachtrump,ban,trump,travel,trumps,immigration,donald,order,muslim,president,fire,executive_order","resist,trumpleak,trump,muslimban,impeachtrump,immigration,theresistance,resistance,ban,stopsession,nodapl,nobannowall,order,stopdevos,trumps,sallyyate,nomuslimban,break,stoppresidentbannon","{'Political Resistance': ['resist', 'theresistance', 'resistance', 'impeachtrump', 'stopdevos', 'stoppresidentbannon', 'stopsession'], 'Trump Administration Controversies': ['trumpleak', 'trump', 'trumps', 'donald', 'president', 'fire', 'break'], 'Immigration and Travel Ban': ['muslimban', 'ban', 'travel', 'immigration', 'order', 'muslim', 'executive_order', 'nomuslimban', 'nobannowall'], 'Protests and Movements': ['nodapl', 'stopdevos', 'stoppresidentbannon', 'stopsession'], 'Media and Communication': ['podcast', 'sallyyate']}",Political Resistance.Trump Administration Controversies.Immigration and Travel Ban.Protests and Movements.Media and Communication,"{'Political Resistance and Opposition': 'resist, theresistance, impeachtrump, fire', 'Trump Administration and Policies': 'trumpleak, trump, trumps, donald, president', 'Controversial Immigration Policies': 'muslimban, ban, travel, immigration, muslim, executive_order, order'}",Political Resistance and Opposition.Trump Administration and Policies.Controversial Immigration Policies,"{'Political Resistance': ['resist', 'theresistance', 'resistance', 'stopsession', 'stopdevos', 'stoppresidentbannon'], 'Trump Administration Controversies': ['trumpleak', 'trump', 'impeachtrump', 'trumps', 'sallyyate'], 'Immigration and Travel Ban': ['muslimban', 'immigration', 'ban', 'nobannowall', 'nomuslimban'], 'Executive Orders and Protests': ['order', 'nodapl', 'break']}",Political Resistance.Trump Administration Controversies.Immigration and Travel Ban.Executive Orders and Protests
87,7,"['ban', 'muslim', 'trumps', 'travel', 'trump', 'country', 'support', 'immigration', 'americans', 'muslimban', 'not']",81,10,"['ban', 'trump', 'muslim', 'travel', 'trumps', 'immigration', 'order', 'president', 'america', 'seek', 'heartland', 'refuge', 'country', 'protest', 'refugee']",1,"['muslimban', 'nobannowall', 'muslim', 'trump', 'ban', 'executive_order', 'protest', 'people', 'refugee', 'student', 'iranian']",1,"['muslim', 'america_heartland', 'america', 'muslimban', 'heartland', 'refuge', 'seek_refuge', 'seek_refuge_america_heartland', 'trump', 'maga', 'start_help', 'heartland_kill', 'refugee', 'migrant_europe', 'ohio']","[924027536, 2182901462, 2716396878, 4158185058, 770969328682434560, 796831328893222912]","ban,muslim,trumps,travel,trump,country,support,immigration,americans,muslimban,not,nobannowall,executive_order,protest,people,refugee,student,iranian,order,president,america,seek,heartland,refuge,america_heartland,seek_refuge,seek_refuge_america_heartland,maga,start_help,heartland_kill,migrant_europe,ohio","ban,muslim,trumps,travel,trump,country,support,immigration,americans,muslimban,not,nobannowall,executive_order,protest,people,refugee,student,iranian","ban,trump,muslim,travel,trumps,immigration,order,president,america,seek,heartland,refuge,country,protest,refugee,america_heartland,muslimban,seek_refuge,seek_refuge_america_heartland,maga,start_help,heartland_kill,migrant_europe,ohio","{'Travel Ban and Immigration Policies': ['ban', 'muslim', 'trumps', 'travel', 'trump', 'country', 'support', 'immigration', 'americans', 'muslimban', 'not', 'nobannowall', 'executive_order', 'protest', 'people', 'refugee', 'student', 'iranian', 'order', 'president', 'america', 'seek', 'refuge', 'seek_refuge', 'seek_refuge_america_heartland', 'migrant_europe', 'ohio'], 'Political and Social Reactions': ['america_heartland', 'heartland', 'maga', 'start_help', 'heartland_kill']}",Travel Ban and Immigration Policies.Political and Social Reactions,"{'US Travel Ban on Muslim-majority Countries': 'ban, muslim, trumps, travel, trump, country, support, immigration, americans, muslimban, not, nobannowall, executive_order, protest, people, refugee, student, iranian'}",US Travel Ban on Muslim-majority Countries,"{'US Immigration Policy': ['ban', 'trump', 'muslim', 'travel', 'trumps', 'immigration', 'order', 'president', 'america', 'muslimban', 'maga'], 'Protests and Refugee Support': ['seek', 'heartland', 'refuge', 'country', 'protest', 'refugee', 'america_heartland', 'seek_refuge', 'seek_refuge_america_heartland', 'start_help', 'heartland_kill'], 'Migration Issues in Europe': ['migrant_europe'], 'US State Reference': ['ohio']}",US Immigration Policy.Protests and Refugee Support.Migration Issues in Europe.US State Reference
88,2,"['ban', 'trump', 'travel', 'immigration', 'trumps', 'president', 'order', 'protest', 'muslim', 'defend']",82,10,"['ban', 'trump', 'muslim', 'travel', 'trumps', 'immigration', 'order', 'president', 'america', 'seek', 'heartland', 'refuge', 'country', 'protest', 'refugee']",7,"['ban', 'trump', 'travel', 'trumps', 'immigration', 'donald', 'order', 'muslim', 'president', 'fire', 'executive_order']",5,"['ban', 'trump', 'muslim', 'immigration', 'trumps', 'travel', 'order', 'executive_order', 'seek', 'protest', 'country']","[16042794, 21374516, 1499091486]","ban,trump,travel,immigration,trumps,president,order,protest,muslim,defend,donald,fire,executive_order,america,seek,heartland,refuge,country,refugee","ban,trump,travel,immigration,trumps,president,order,protest,muslim,defend,donald,fire,executive_order","ban,trump,muslim,travel,trumps,immigration,order,president,america,seek,heartland,refuge,country,protest,refugee,executive_order","{'US Immigration Policy': 'ban, travel, immigration, order, executive_order, america, country', 'Trump Administration': 'trump, trumps, president, donald', 'Public Reaction and Protest': 'protest, defend, fire, seek, heartland', 'Muslim and Refugee Issues': 'muslim, refuge, refugee'}",US Immigration Policy.Trump Administration.Public Reaction and Protest.Muslim and Refugee Issues,"{'US Immigration Policy and Controversy': 'ban, trump, travel, immigration, trumps, president, order, protest, muslim, defend, donald, executive_order', 'Public Reaction to Government Actions': 'protest, defend, fire'}",US Immigration Policy and Controversy.Public Reaction to Government Actions,"{'US Immigration Policy': 'ban, trump, muslim, travel, trumps, immigration, order, president, america, executive_order', 'Public Reaction to Immigration Policies': 'seek, heartland, refuge, country, protest, refugee'}",US Immigration Policy.Public Reaction to Immigration Policies
89,2,"['ban', 'trump', 'travel', 'immigration', 'trumps', 'president', 'order', 'protest', 'muslim', 'defend']",83,13,"['ban', 'trump', 'donald', 'trumps', 'immigration', 'travel', 'fire', 'muslim', 'attorney', 'general', 'state', 'cnn']",7,"['ban', 'trump', 'travel', 'trumps', 'immigration', 'donald', 'order', 'muslim', 'president', 'fire', 'executive_order']",5,"['ban', 'trump', 'muslim', 'immigration', 'trumps', 'travel', 'order', 'executive_order', 'seek', 'protest', 'country']","[19424427, 2366034324, 701866563268378626]","ban,trump,travel,immigration,trumps,president,order,protest,muslim,defend,donald,fire,executive_order,attorney,general,state,cnn,seek,country","ban,trump,travel,immigration,trumps,president,order,protest,muslim,defend,donald,fire,executive_order","ban,trump,donald,trumps,immigration,travel,fire,muslim,attorney,general,state,cnn,order,executive_order,seek,protest,country","{'US Immigration Policy and Controversy': 'ban, trump, travel, immigration, trumps, president, order, protest, muslim, defend, donald, executive_order, attorney, general, state, cnn, seek, country'}",US Immigration Policy and Controversy,"{'US Immigration Policy and Controversy': 'ban, trump, travel, immigration, trumps, president, order, protest, muslim, defend, donald, executive_order', 'Public Reaction to Government Actions': 'protest, defend, fire'}",US Immigration Policy and Controversy.Public Reaction to Government Actions,"{'US Immigration Policy': 'ban, immigration, travel, muslim, country, executive_order', 'Trump Administration': 'trump, donald, trumps, order, executive_order', 'Legal and Political Reactions': 'attorney, general, state, cnn, seek, protest, fire'}",US Immigration Policy.Trump Administration.Legal and Political Reactions
90,9,"['muslimban', 'nobannowall', 'studentban', 'notbanstudentvisa', 'student', 'muslim', 'people', 'iranian', 'letthemin']",84,10,"['ban', 'trump', 'muslim', 'travel', 'trumps', 'immigration', 'order', 'president', 'america', 'seek', 'heartland', 'refuge', 'country', 'protest', 'refugee']",6,"['trump', 'immigration', 'ban', 'order', 'letthemin', 'nobannowall', 'march_york', 'aclu_receive']",5,"['ban', 'trump', 'muslim', 'immigration', 'trumps', 'travel', 'order', 'executive_order', 'seek', 'protest', 'country']","[255768621, 395438205, 452088908, 2158531212, 2269555050, 2374323116, 2982621783, 707125355602022400, 744522989731995648]","muslimban,nobannowall,studentban,notbanstudentvisa,student,muslim,people,iranian,letthemin,trump,immigration,ban,order,march_york,aclu_receive,travel,trumps,president,america,seek,heartland,refuge,country,protest,refugee,executive_order","muslimban,nobannowall,studentban,notbanstudentvisa,student,muslim,people,iranian,letthemin,trump,immigration,ban,order,march_york,aclu_receive","ban,trump,muslim,travel,trumps,immigration,order,president,america,seek,heartland,refuge,country,protest,refugee,executive_order","{'US Immigration and Travel Ban Protests': ['muslimban', 'nobannowall', 'studentban', 'notbanstudentvisa', 'student', 'muslim', 'people', 'iranian', 'letthemin', 'trump', 'immigration', 'ban', 'order', 'march_york', 'aclu_receive', 'travel', 'trumps', 'president', 'america', 'seek', 'heartland', 'refuge', 'country', 'protest', 'refugee', 'executive_order']}",US Immigration and Travel Ban Protests,"{'US Immigration Policies and Protests': ['muslimban', 'nobannowall', 'studentban', 'notbanstudentvisa', 'student', 'muslim', 'people', 'iranian', 'letthemin', 'trump', 'immigration', 'ban', 'order', 'march_york', 'aclu_receive']}",US Immigration Policies and Protests,"{'US Immigration Policy': 'ban, trump, muslim, travel, trumps, immigration, order, president, america, executive_order', 'Public Reaction to Immigration Policies': 'seek, heartland, refuge, country, protest, refugee'}",US Immigration Policy.Public Reaction to Immigration Policies
91,9,"['muslimban', 'nobannowall', 'studentban', 'notbanstudentvisa', 'student', 'muslim', 'people', 'iranian', 'letthemin']",85,10,"['ban', 'trump', 'muslim', 'travel', 'trumps', 'immigration', 'order', 'president', 'america', 'seek', 'heartland', 'refuge', 'country', 'protest', 'refugee']",1,"['muslimban', 'nobannowall', 'muslim', 'trump', 'ban', 'executive_order', 'protest', 'people', 'refugee', 'student', 'iranian']",5,"['ban', 'trump', 'muslim', 'immigration', 'trumps', 'travel', 'order', 'executive_order', 'seek', 'protest', 'country']","[28458650, 45573874, 245424983, 1385927946, 2174771983]","muslimban,nobannowall,studentban,notbanstudentvisa,student,muslim,people,iranian,letthemin,trump,ban,executive_order,protest,refugee,travel,trumps,immigration,order,president,america,seek,heartland,refuge,country","muslimban,nobannowall,studentban,notbanstudentvisa,student,muslim,people,iranian,letthemin,trump,ban,executive_order,protest,refugee","ban,trump,muslim,travel,trumps,immigration,order,president,america,seek,heartland,refuge,country,protest,refugee,executive_order","{'US Immigration Policies and Protests': ['muslimban', 'nobannowall', 'studentban', 'notbanstudentvisa', 'student', 'muslim', 'people', 'iranian', 'letthemin', 'trump', 'ban', 'executive_order', 'protest', 'refugee', 'travel', 'trumps', 'immigration', 'order', 'president', 'america', 'seek', 'heartland', 'refuge', 'country']}",US Immigration Policies and Protests,"{'Travel and Immigration Restrictions': 'muslimban, nobannowall, studentban, notbanstudentvisa, student, muslim, people, iranian, letthemin, trump, ban, executive_order, protest, refugee'}",Travel and Immigration Restrictions,"{'US Immigration Policy': 'ban, trump, muslim, travel, trumps, immigration, order, president, america, executive_order', 'Public Reaction to Immigration Policies': 'seek, heartland, refuge, country, protest, refugee'}",US Immigration Policy.Public Reaction to Immigration Policies
92,9,"['muslimban', 'nobannowall', 'studentban', 'notbanstudentvisa', 'student', 'muslim', 'people', 'iranian', 'letthemin']",86,2,"['muslimban', 'trump', 'theresistance', 'nobannowall', 'nomuslimban', 'muslim', 'vote', 'session']",1,"['muslimban', 'nobannowall', 'muslim', 'trump', 'ban', 'executive_order', 'protest', 'people', 'refugee', 'student', 'iranian']",9,"['nobannowall', 'muslimban', 'studentban', 'notbanstudentvisa', 'worth_worldwide', 'iranian_student', 'student', 'confirmation_vote']","[27453762, 32189132, 904519579]","muslimban,nobannowall,studentban,notbanstudentvisa,student,muslim,people,iranian,letthemin,trump,ban,executive_order,protest,refugee,theresistance,nomuslimban,vote,session,worth_worldwide,iranian_student,confirmation_vote","muslimban,nobannowall,studentban,notbanstudentvisa,student,muslim,people,iranian,letthemin,trump,ban,executive_order,protest,refugee","muslimban,trump,theresistance,nobannowall,nomuslimban,muslim,vote,session,studentban,notbanstudentvisa,worth_worldwide,iranian_student,student,confirmation_vote","{'Travel and Immigration Restrictions': ['muslimban', 'nobannowall', 'studentban', 'notbanstudentvisa', 'muslim', 'people', 'iranian', 'letthemin', 'trump', 'ban', 'executive_order', 'protest', 'refugee', 'theresistance', 'nomuslimban', 'iranian_student'], 'Political and Civic Engagement': ['vote', 'session', 'worth_worldwide', 'confirmation_vote']}",Travel and Immigration Restrictions.Political and Civic Engagement,"{'Travel and Immigration Restrictions': 'muslimban, nobannowall, studentban, notbanstudentvisa, student, muslim, people, iranian, letthemin, trump, ban, executive_order, protest, refugee'}",Travel and Immigration Restrictions,"{'Political Resistance to Immigration Policies': 'muslimban, trump, theresistance, nobannowall, nomuslimban, muslim, vote, session, studentban, notbanstudentvisa, worth_worldwide, iranian_student, student, confirmation_vote'}",Political Resistance to Immigration Policies
93,2,"['ban', 'trump', 'travel', 'immigration', 'trumps', 'president', 'order', 'protest', 'muslim', 'defend']",87,10,"['ban', 'trump', 'muslim', 'travel', 'trumps', 'immigration', 'order', 'president', 'america', 'seek', 'heartland', 'refuge', 'country', 'protest', 'refugee']",1,"['muslimban', 'nobannowall', 'muslim', 'trump', 'ban', 'executive_order', 'protest', 'people', 'refugee', 'student', 'iranian']",1,"['muslim', 'america_heartland', 'america', 'muslimban', 'heartland', 'refuge', 'seek_refuge', 'seek_refuge_america_heartland', 'trump', 'maga', 'start_help', 'heartland_kill', 'refugee', 'migrant_europe', 'ohio']","[16585101, 33410754, 1947303967]","ban,trump,travel,immigration,trumps,president,order,protest,muslim,defend,muslimban,nobannowall,executive_order,people,refugee,student,iranian,america,seek,heartland,refuge,country,america_heartland,seek_refuge,seek_refuge_america_heartland,maga,start_help,heartland_kill,migrant_europe,ohio","ban,trump,travel,immigration,trumps,president,order,protest,muslim,defend,muslimban,nobannowall,executive_order,people,refugee,student,iranian","ban,trump,muslim,travel,trumps,immigration,order,president,america,seek,heartland,refuge,country,protest,refugee,america_heartland,muslimban,seek_refuge,seek_refuge_america_heartland,maga,start_help,heartland_kill,migrant_europe,ohio","{'US Immigration Policy': 'ban, trump, travel, immigration, trumps, president, order, protest, muslim, defend, muslimban, nobannowall, executive_order, people, refugee, student, iranian, america, seek, heartland, refuge, country, america_heartland, seek_refuge, seek_refuge_america_heartland, maga, start_help, heartland_kill, migrant_europe, ohio'}",US Immigration Policy,"{'US Immigration Policy and Protests': 'ban, trump, travel, immigration, trumps, president, order, protest, muslim, defend, muslimban, nobannowall, executive_order, people, refugee, student, iranian'}",US Immigration Policy and Protests,"{'US Immigration Policy': ['ban', 'trump', 'muslim', 'travel', 'trumps', 'immigration', 'order', 'president', 'america', 'muslimban', 'maga'], 'Protests and Refugee Support': ['seek', 'heartland', 'refuge', 'country', 'protest', 'refugee', 'america_heartland', 'seek_refuge', 'seek_refuge_america_heartland', 'start_help', 'heartland_kill'], 'Migration Issues in Europe': ['migrant_europe'], 'US State Reference': ['ohio']}",US Immigration Policy.Protests and Refugee Support.Migration Issues in Europe.US State Reference
94,9,"['muslimban', 'nobannowall', 'studentban', 'notbanstudentvisa', 'student', 'muslim', 'people', 'iranian', 'letthemin']",89,2,"['muslimban', 'trump', 'theresistance', 'nobannowall', 'nomuslimban', 'muslim', 'vote', 'session']",1,"['muslimban', 'nobannowall', 'muslim', 'trump', 'ban', 'executive_order', 'protest', 'people', 'refugee', 'student', 'iranian']",5,"['ban', 'trump', 'muslim', 'immigration', 'trumps', 'travel', 'order', 'executive_order', 'seek', 'protest', 'country']","[1034665663, 3218299384, 770180784162533376]","muslimban,nobannowall,studentban,notbanstudentvisa,student,muslim,people,iranian,letthemin,trump,ban,executive_order,protest,refugee,theresistance,nomuslimban,vote,session,immigration,trumps,travel,order,seek,country","muslimban,nobannowall,studentban,notbanstudentvisa,student,muslim,people,iranian,letthemin,trump,ban,executive_order,protest,refugee","muslimban,trump,theresistance,nobannowall,nomuslimban,muslim,vote,session,ban,immigration,trumps,travel,order,executive_order,seek,protest,country","{'Travel and Immigration Ban Protests': ['muslimban', 'nobannowall', 'studentban', 'notbanstudentvisa', 'student', 'muslim', 'people', 'iranian', 'letthemin', 'trump', 'ban', 'executive_order', 'protest', 'refugee', 'theresistance', 'nomuslimban', 'vote', 'session', 'immigration', 'trumps', 'travel', 'order', 'seek', 'country']}",Travel and Immigration Ban Protests,"{'Travel and Immigration Restrictions': 'muslimban, nobannowall, studentban, notbanstudentvisa, student, muslim, people, iranian, letthemin, trump, ban, executive_order, protest, refugee'}",Travel and Immigration Restrictions,"{'US Immigration Policy Protests': 'muslimban, trump, theresistance, nobannowall, nomuslimban, muslim, vote, session, ban, immigration, trumps, travel, order, executive_order, seek, protest, country'}",US Immigration Policy Protests
95,9,"['muslimban', 'nobannowall', 'studentban', 'notbanstudentvisa', 'student', 'muslim', 'people', 'iranian', 'letthemin']",90,10,"['ban', 'trump', 'muslim', 'travel', 'trumps', 'immigration', 'order', 'president', 'america', 'seek', 'heartland', 'refuge', 'country', 'protest', 'refugee']",1,"['muslimban', 'nobannowall', 'muslim', 'trump', 'ban', 'executive_order', 'protest', 'people', 'refugee', 'student', 'iranian']",1,"['muslim', 'america_heartland', 'america', 'muslimban', 'heartland', 'refuge', 'seek_refuge', 'seek_refuge_america_heartland', 'trump', 'maga', 'start_help', 'heartland_kill', 'refugee', 'migrant_europe', 'ohio']","[32303391, 333378918, 3315835416]","muslimban,nobannowall,studentban,notbanstudentvisa,student,muslim,people,iranian,letthemin,trump,ban,executive_order,protest,refugee,travel,trumps,immigration,order,president,america,seek,heartland,refuge,country,america_heartland,seek_refuge,seek_refuge_america_heartland,maga,start_help,heartland_kill,migrant_europe,ohio","muslimban,nobannowall,studentban,notbanstudentvisa,student,muslim,people,iranian,letthemin,trump,ban,executive_order,protest,refugee","ban,trump,muslim,travel,trumps,immigration,order,president,america,seek,heartland,refuge,country,protest,refugee,america_heartland,muslimban,seek_refuge,seek_refuge_america_heartland,maga,start_help,heartland_kill,migrant_europe,ohio","{'US Immigration Policies and Protests': ['muslimban', 'nobannowall', 'studentban', 'notbanstudentvisa', 'student', 'muslim', 'people', 'iranian', 'letthemin', 'trump', 'ban', 'executive_order', 'protest', 'refugee', 'travel', 'trumps', 'immigration', 'order', 'president', 'america', 'seek', 'heartland', 'refuge', 'country', 'america_heartland', 'seek_refuge', 'seek_refuge_america_heartland', 'maga', 'start_help', 'heartland_kill', 'migrant_europe', 'ohio']}",US Immigration Policies and Protests,"{'Travel and Immigration Restrictions': 'muslimban, nobannowall, studentban, notbanstudentvisa, student, muslim, people, iranian, letthemin, trump, ban, executive_order, protest, refugee'}",Travel and Immigration Restrictions,"{'US Immigration Policy': ['ban', 'trump', 'muslim', 'travel', 'trumps', 'immigration', 'order', 'president', 'america', 'muslimban', 'maga'], 'Protests and Refugee Support': ['seek', 'heartland', 'refuge', 'country', 'protest', 'refugee', 'america_heartland', 'seek_refuge', 'seek_refuge_america_heartland', 'start_help', 'heartland_kill'], 'Migration Issues in Europe': ['migrant_europe'], 'US State Reference': ['ohio']}",US Immigration Policy.Protests and Refugee Support.Migration Issues in Europe.US State Reference
96,2,"['ban', 'trump', 'travel', 'immigration', 'trumps', 'president', 'order', 'protest', 'muslim', 'defend']",91,10,"['ban', 'trump', 'muslim', 'travel', 'trumps', 'immigration', 'order', 'president', 'america', 'seek', 'heartland', 'refuge', 'country', 'protest', 'refugee']",1,"['muslimban', 'nobannowall', 'muslim', 'trump', 'ban', 'executive_order', 'protest', 'people', 'refugee', 'student', 'iranian']",5,"['ban', 'trump', 'muslim', 'immigration', 'trumps', 'travel', 'order', 'executive_order', 'seek', 'protest', 'country']","[101086945, 160799928, 2802108536, 799874351872913411]","ban,trump,travel,immigration,trumps,president,order,protest,muslim,defend,muslimban,nobannowall,executive_order,people,refugee,student,iranian,america,seek,heartland,refuge,country","ban,trump,travel,immigration,trumps,president,order,protest,muslim,defend,muslimban,nobannowall,executive_order,people,refugee,student,iranian","ban,trump,muslim,travel,trumps,immigration,order,president,america,seek,heartland,refuge,country,protest,refugee,executive_order","{'US Immigration Policy': 'ban, travel, immigration, trumps, president, order, protest, muslim, defend, muslimban, nobannowall, executive_order, people, refugee, student, iranian, america, seek, heartland, refuge, country'}",US Immigration Policy,"{'US Immigration Policy and Protests': 'ban, trump, travel, immigration, trumps, president, order, protest, muslim, defend, muslimban, nobannowall, executive_order, people, refugee, student, iranian'}",US Immigration Policy and Protests,"{'US Immigration Policy': 'ban, trump, muslim, travel, trumps, immigration, order, president, america, executive_order', 'Public Reaction to Immigration Policies': 'seek, heartland, refuge, country, protest, refugee'}",US Immigration Policy.Public Reaction to Immigration Policies
97,9,"['muslimban', 'nobannowall', 'studentban', 'notbanstudentvisa', 'student', 'muslim', 'people', 'iranian', 'letthemin']",92,5,"['muslimban', 'nobannowall', 'studentban', 'notbanstudentvisa', 'support', 'respect']",1,"['muslimban', 'nobannowall', 'muslim', 'trump', 'ban', 'executive_order', 'protest', 'people', 'refugee', 'student', 'iranian']",9,"['nobannowall', 'muslimban', 'studentban', 'notbanstudentvisa', 'worth_worldwide', 'iranian_student', 'student', 'confirmation_vote']","[261856854, 1428956358, 2199288158]","muslimban,nobannowall,studentban,notbanstudentvisa,student,muslim,people,iranian,letthemin,trump,ban,executive_order,protest,refugee,support,respect,worth_worldwide,iranian_student,confirmation_vote","muslimban,nobannowall,studentban,notbanstudentvisa,student,muslim,people,iranian,letthemin,trump,ban,executive_order,protest,refugee","muslimban,nobannowall,studentban,notbanstudentvisa,support,respect,worth_worldwide,iranian_student,student,confirmation_vote","{'Travel and Immigration Restrictions': 'muslimban, nobannowall, studentban, notbanstudentvisa, student, muslim, people, iranian, letthemin, trump, ban, executive_order, protest, refugee, support, respect, worth_worldwide, iranian_student, confirmation_vote'}",Travel and Immigration Restrictions,"{'Travel and Immigration Restrictions': 'muslimban, nobannowall, studentban, notbanstudentvisa, student, muslim, people, iranian, letthemin, trump, ban, executive_order, protest, refugee'}",Travel and Immigration Restrictions,"{'Travel and Immigration Restrictions': ['muslimban', 'nobannowall', 'studentban', 'notbanstudentvisa'], 'Support and Advocacy': ['support', 'respect', 'worth_worldwide'], 'Iranian Students and Education': ['iranian_student', 'student'], 'Political Processes': ['confirmation_vote']}",Travel and Immigration Restrictions.Support and Advocacy.Iranian Students and Education.Political Processes
98,11,"['muslimban', 'maga', 'trump', 'refugee', 'worth']",93,6,"['specific', 'guy', 'rise', 'virgin', 'liberals', 'extremevette', 'nowall', 'douchebag', 'boat', 'float', 'totally', 'like', 'savethesheep', 'anchorbaby', 'mypresident', 'snowflake', 'melt', 'makeamericagreatagain', 'americasafe', 'trumpbinladen']",1,"['muslimban', 'nobannowall', 'muslim', 'trump', 'ban', 'executive_order', 'protest', 'people', 'refugee', 'student', 'iranian']",5,"['ban', 'trump', 'muslim', 'immigration', 'trumps', 'travel', 'order', 'executive_order', 'seek', 'protest', 'country']","[3750265342, 703230673776197600, 703230673776197632, 741431318538555400]","muslimban,maga,trump,refugee,worth,nobannowall,muslim,ban,executive_order,protest,people,student,iranian,specific,guy,rise,virgin,liberals,extremevette,nowall,douchebag,boat,float,totally,like,savethesheep,anchorbaby,mypresident,snowflake,melt,makeamericagreatagain,americasafe,trumpbinladen,immigration,trumps,travel,order,seek,country","muslimban,maga,trump,refugee,worth,nobannowall,muslim,ban,executive_order,protest,people,student,iranian","specific,guy,rise,virgin,liberals,extremevette,nowall,douchebag,boat,float,totally,like,savethesheep,anchorbaby,mypresident,snowflake,melt,makeamericagreatagain,americasafe,trumpbinladen,ban,trump,muslim,immigration,trumps,travel,order,executive_order,seek,protest,country","{'US Immigration Policy and Protests': ['muslimban', 'maga', 'trump', 'refugee', 'nobannowall', 'muslim', 'ban', 'executive_order', 'protest', 'iranian', 'nowall', 'immigration', 'trumps', 'travel', 'order', 'country'], 'Political and Social Reactions': ['worth', 'people', 'student', 'specific', 'guy', 'rise', 'virgin', 'liberals', 'extremevette', 'douchebag', 'boat', 'float', 'totally', 'like', 'savethesheep', 'anchorbaby', 'mypresident', 'snowflake', 'melt', 'makeamericagreatagain', 'americasafe', 'trumpbinladen', 'seek']}",US Immigration Policy and Protests.Political and Social Reactions,"{'US Immigration Policy and Protests': 'muslimban, maga, trump, refugee, nobannowall, muslim, ban, executive_order, protest, iranian', 'Social and Political Impact': 'worth, people, student'}",US Immigration Policy and Protests.Social and Political Impact,"{'Political Commentary': ['liberals', 'mypresident', 'snowflake', 'melt', 'makeamericagreatagain', 'americasafe', 'trumpbinladen', 'ban', 'trump', 'muslim', 'immigration', 'trumps', 'travel', 'order', 'executive_order', 'protest', 'country'], 'Social Media and Internet Slang': ['specific', 'guy', 'rise', 'virgin', 'extremevette', 'nowall', 'douchebag', 'boat', 'float', 'totally', 'like', 'savethesheep', 'anchorbaby', 'seek']}",Political Commentary.Social Media and Internet Slang
99,2,"['ban', 'trump', 'travel', 'immigration', 'trumps', 'president', 'order', 'protest', 'muslim', 'defend']",94,10,"['ban', 'trump', 'muslim', 'travel', 'trumps', 'immigration', 'order', 'president', 'america', 'seek', 'heartland', 'refuge', 'country', 'protest', 'refugee']",7,"['ban', 'trump', 'travel', 'trumps', 'immigration', 'donald', 'order', 'muslim', 'president', 'fire', 'executive_order']",5,"['ban', 'trump', 'muslim', 'immigration', 'trumps', 'travel', 'order', 'executive_order', 'seek', 'protest', 'country']","[2180371, 192547775, 281670924, 290160296, 544693516, 564085262, 1272454735, 1829301998, 2387887890, 3783669803]","ban,trump,travel,immigration,trumps,president,order,protest,muslim,defend,donald,fire,executive_order,america,seek,heartland,refuge,country,refugee","ban,trump,travel,immigration,trumps,president,order,protest,muslim,defend,donald,fire,executive_order","ban,trump,muslim,travel,trumps,immigration,order,president,america,seek,heartland,refuge,country,protest,refugee,executive_order","{'US Immigration Policy and Controversy': 'ban, trump, travel, immigration, trumps, president, order, protest, muslim, defend, donald, fire, executive_order, america, seek, heartland, refuge, country, refugee'}",US Immigration Policy and Controversy,"{'US Immigration Policy and Controversy': 'ban, trump, travel, immigration, trumps, president, order, protest, muslim, defend, donald, executive_order', 'Public Reaction to Government Actions': 'protest, defend, fire'}",US Immigration Policy and Controversy.Public Reaction to Government Actions,"{'US Immigration Policy': 'ban, trump, muslim, travel, trumps, immigration, order, president, america, executive_order', 'Public Reaction to Immigration Policies': 'seek, heartland, refuge, country, protest, refugee'}",US Immigration Policy.Public Reaction to Immigration Policies
100,9,"['muslimban', 'nobannowall', 'studentban', 'notbanstudentvisa', 'student', 'muslim', 'people', 'iranian', 'letthemin']",95,10,"['ban', 'trump', 'muslim', 'travel', 'trumps', 'immigration', 'order', 'president', 'america', 'seek', 'heartland', 'refuge', 'country', 'protest', 'refugee']",1,"['muslimban', 'nobannowall', 'muslim', 'trump', 'ban', 'executive_order', 'protest', 'people', 'refugee', 'student', 'iranian']",1,"['muslim', 'america_heartland', 'america', 'muslimban', 'heartland', 'refuge', 'seek_refuge', 'seek_refuge_america_heartland', 'trump', 'maga', 'start_help', 'heartland_kill', 'refugee', 'migrant_europe', 'ohio']","[489966018, 3221034900, 4261326773, 773015647118733300, 811089391238213634]","muslimban,nobannowall,studentban,notbanstudentvisa,student,muslim,people,iranian,letthemin,trump,ban,executive_order,protest,refugee,travel,trumps,immigration,order,president,america,seek,heartland,refuge,country,america_heartland,seek_refuge,seek_refuge_america_heartland,maga,start_help,heartland_kill,migrant_europe,ohio","muslimban,nobannowall,studentban,notbanstudentvisa,student,muslim,people,iranian,letthemin,trump,ban,executive_order,protest,refugee","ban,trump,muslim,travel,trumps,immigration,order,president,america,seek,heartland,refuge,country,protest,refugee,america_heartland,muslimban,seek_refuge,seek_refuge_america_heartland,maga,start_help,heartland_kill,migrant_europe,ohio","{'US Immigration Policies and Protests': ['muslimban', 'nobannowall', 'studentban', 'notbanstudentvisa', 'student', 'muslim', 'people', 'iranian', 'letthemin', 'trump', 'ban', 'executive_order', 'protest', 'refugee', 'travel', 'trumps', 'immigration', 'order', 'president', 'america', 'seek', 'heartland', 'refuge', 'country', 'america_heartland', 'seek_refuge', 'seek_refuge_america_heartland', 'maga', 'start_help', 'heartland_kill', 'migrant_europe', 'ohio']}",US Immigration Policies and Protests,"{'Travel and Immigration Restrictions': 'muslimban, nobannowall, studentban, notbanstudentvisa, student, muslim, people, iranian, letthemin, trump, ban, executive_order, protest, refugee'}",Travel and Immigration Restrictions,"{'US Immigration Policy': ['ban', 'trump', 'muslim', 'travel', 'trumps', 'immigration', 'order', 'president', 'america', 'muslimban', 'maga'], 'Protests and Refugee Support': ['seek', 'heartland', 'refuge', 'country', 'protest', 'refugee', 'america_heartland', 'seek_refuge', 'seek_refuge_america_heartland', 'start_help', 'heartland_kill'], 'Migration Issues in Europe': ['migrant_europe'], 'US State Reference': ['ohio']}",US Immigration Policy.Protests and Refugee Support.Migration Issues in Europe.US State Reference
101,2,"['ban', 'trump', 'travel', 'immigration', 'trumps', 'president', 'order', 'protest', 'muslim', 'defend']",96,10,"['ban', 'trump', 'muslim', 'travel', 'trumps', 'immigration', 'order', 'president', 'america', 'seek', 'heartland', 'refuge', 'country', 'protest', 'refugee']",1,"['muslimban', 'nobannowall', 'muslim', 'trump', 'ban', 'executive_order', 'protest', 'people', 'refugee', 'student', 'iranian']",1,"['muslim', 'america_heartland', 'america', 'muslimban', 'heartland', 'refuge', 'seek_refuge', 'seek_refuge_america_heartland', 'trump', 'maga', 'start_help', 'heartland_kill', 'refugee', 'migrant_europe', 'ohio']","[847910245, 1148334116, 2192113540]","ban,trump,travel,immigration,trumps,president,order,protest,muslim,defend,muslimban,nobannowall,executive_order,people,refugee,student,iranian,america,seek,heartland,refuge,country,america_heartland,seek_refuge,seek_refuge_america_heartland,maga,start_help,heartland_kill,migrant_europe,ohio","ban,trump,travel,immigration,trumps,president,order,protest,muslim,defend,muslimban,nobannowall,executive_order,people,refugee,student,iranian","ban,trump,muslim,travel,trumps,immigration,order,president,america,seek,heartland,refuge,country,protest,refugee,america_heartland,muslimban,seek_refuge,seek_refuge_america_heartland,maga,start_help,heartland_kill,migrant_europe,ohio","{'US Immigration Policy and Travel Ban': ['ban', 'trump', 'travel', 'immigration', 'trumps', 'president', 'order', 'protest', 'muslim', 'defend', 'muslimban', 'nobannowall', 'executive_order', 'people', 'refugee', 'student', 'iranian', 'america', 'seek', 'heartland', 'refuge', 'country', 'america_heartland', 'seek_refuge', 'seek_refuge_america_heartland', 'maga', 'start_help', 'heartland_kill', 'migrant_europe', 'ohio']}",US Immigration Policy and Travel Ban,"{'US Immigration Policy and Protests': 'ban, trump, travel, immigration, trumps, president, order, protest, muslim, defend, muslimban, nobannowall, executive_order, people, refugee, student, iranian'}",US Immigration Policy and Protests,"{'US Immigration Policy': ['ban', 'trump', 'muslim', 'travel', 'trumps', 'immigration', 'order', 'president', 'america', 'muslimban', 'maga'], 'Protests and Refugee Support': ['seek', 'heartland', 'refuge', 'country', 'protest', 'refugee', 'america_heartland', 'seek_refuge', 'seek_refuge_america_heartland', 'start_help', 'heartland_kill'], 'Migration Issues in Europe': ['migrant_europe'], 'US State Reference': ['ohio']}",US Immigration Policy.Protests and Refugee Support.Migration Issues in Europe.US State Reference
102,2,"['ban', 'trump', 'travel', 'immigration', 'trumps', 'president', 'order', 'protest', 'muslim', 'defend']",97,10,"['ban', 'trump', 'muslim', 'travel', 'trumps', 'immigration', 'order', 'president', 'america', 'seek', 'heartland', 'refuge', 'country', 'protest', 'refugee']",7,"['ban', 'trump', 'travel', 'trumps', 'immigration', 'donald', 'order', 'muslim', 'president', 'fire', 'executive_order']",5,"['ban', 'trump', 'muslim', 'immigration', 'trumps', 'travel', 'order', 'executive_order', 'seek', 'protest', 'country']","[19983221, 289148078, 298423919, 3423361827]","ban,trump,travel,immigration,trumps,president,order,protest,muslim,defend,donald,fire,executive_order,america,seek,heartland,refuge,country,refugee","ban,trump,travel,immigration,trumps,president,order,protest,muslim,defend,donald,fire,executive_order","ban,trump,muslim,travel,trumps,immigration,order,president,america,seek,heartland,refuge,country,protest,refugee,executive_order","{'US Immigration Policy': 'ban, travel, immigration, trumps, president, order, executive_order, america, country', 'Trump Administration': 'trump, donald, president, trumps, executive_order', 'Protests and Public Response': 'protest, defend, fire, seek, heartland', 'Muslim and Refugee Issues': 'muslim, refuge, refugee'}",US Immigration Policy.Trump Administration.Protests and Public Response.Muslim and Refugee Issues,"{'US Immigration Policy and Controversy': 'ban, trump, travel, immigration, trumps, president, order, protest, muslim, defend, donald, executive_order', 'Public Reaction to Government Actions': 'protest, defend, fire'}",US Immigration Policy and Controversy.Public Reaction to Government Actions,"{'US Immigration Policy': 'ban, trump, muslim, travel, trumps, immigration, order, president, america, executive_order', 'Public Reaction to Immigration Policies': 'seek, heartland, refuge, country, protest, refugee'}",US Immigration Policy.Public Reaction to Immigration Policies
103,9,"['muslimban', 'nobannowall', 'studentban', 'notbanstudentvisa', 'student', 'muslim', 'people', 'iranian', 'letthemin']",98,5,"['muslimban', 'nobannowall', 'studentban', 'notbanstudentvisa', 'support', 'respect']",8,"['studentban', 'muslimban', 'notbanstudentvisa', 'worth_worldwide', 'iranian_student', 'notbanstudentvisa_studentban', 'nobannowall', 'studentban_plz', 'letthemin_respect', 'beautiful_mind', 'studentban_notbanstudentvisa', 'maga', 'support', 'notaterrorist_studentban', 'plz']",9,"['nobannowall', 'muslimban', 'studentban', 'notbanstudentvisa', 'worth_worldwide', 'iranian_student', 'student', 'confirmation_vote']","[46765210, 211942956, 455258213, 498767453, 623661575, 836041856, 860475655, 1063014030, 1513641805, 1703026142, 1927443668, 2246106450, 2833602804, 3373338885, 3380890151, 3423737741, 4772131878, 789821298230779900, 802749710612172800, 825267418452856800, 825286597658738689, 825299419260137472, 825302309198557185, 825302309198557200, 825303458404266000, 825319482470064128, 825447921256714240, 825455151049695232, 825457372671901696, 825464121860771841, 825583189536169988, 825590400408834048, 825640246238920704, 825684352545730600, 825751764976730112, 825756757897125888, 825760198820249600, 826061634636541956, 826088887604899800, 826093225668726785, 826099189876719618, 826103851631702016, 826114184609927169, 826375083077861376]","muslimban,nobannowall,studentban,notbanstudentvisa,student,muslim,people,iranian,letthemin,worth_worldwide,iranian_student,notbanstudentvisa_studentban,studentban_plz,letthemin_respect,beautiful_mind,studentban_notbanstudentvisa,maga,support,notaterrorist_studentban,plz,respect,confirmation_vote","muslimban,nobannowall,studentban,notbanstudentvisa,student,muslim,people,iranian,letthemin,worth_worldwide,iranian_student,notbanstudentvisa_studentban,studentban_plz,letthemin_respect,beautiful_mind,studentban_notbanstudentvisa,maga,support,notaterrorist_studentban,plz","muslimban,nobannowall,studentban,notbanstudentvisa,support,respect,worth_worldwide,iranian_student,student,confirmation_vote","{'Travel and Immigration Restrictions': ['muslimban', 'nobannowall', 'studentban', 'notbanstudentvisa', 'letthemin', 'worth_worldwide', 'letthemin_respect', 'studentban_notbanstudentvisa', 'notbanstudentvisa_studentban', 'studentban_plz', 'notaterrorist_studentban'], 'Impact on Students and Iranians': ['student', 'muslim', 'people', 'iranian', 'iranian_student', 'beautiful_mind'], 'Political and Social Reactions': ['maga', 'support', 'plz', 'respect', 'confirmation_vote']}",Travel and Immigration Restrictions.Impact on Students and Iranians.Political and Social Reactions,"{'Travel and Immigration Restrictions': ['muslimban', 'nobannowall', 'studentban', 'notbanstudentvisa', 'letthemin', 'worth_worldwide', 'letthemin_respect', 'maga', 'support'], 'Impact on Students': ['student', 'iranian_student', 'notbanstudentvisa_studentban', 'studentban_plz', 'studentban_notbanstudentvisa', 'notaterrorist_studentban'], 'Cultural and Religious Identity': ['muslim', 'iranian', 'people', 'beautiful_mind', 'plz']}",Travel and Immigration Restrictions.Impact on Students.Cultural and Religious Identity,"{'Travel and Immigration Restrictions': ['muslimban', 'nobannowall', 'studentban', 'notbanstudentvisa'], 'Support and Advocacy': ['support', 'respect', 'worth_worldwide'], 'Iranian Students and Education': ['iranian_student', 'student'], 'Political Processes': ['confirmation_vote']}",Travel and Immigration Restrictions.Support and Advocacy.Iranian Students and Education.Political Processes
104,2,"['ban', 'trump', 'travel', 'immigration', 'trumps', 'president', 'order', 'protest', 'muslim', 'defend']",100,10,"['ban', 'trump', 'muslim', 'travel', 'trumps', 'immigration', 'order', 'president', 'america', 'seek', 'heartland', 'refuge', 'country', 'protest', 'refugee']",1,"['muslimban', 'nobannowall', 'muslim', 'trump', 'ban', 'executive_order', 'protest', 'people', 'refugee', 'student', 'iranian']",5,"['ban', 'trump', 'muslim', 'immigration', 'trumps', 'travel', 'order', 'executive_order', 'seek', 'protest', 'country']","[37710105, 2567146231, 4884762153]","ban,trump,travel,immigration,trumps,president,order,protest,muslim,defend,muslimban,nobannowall,executive_order,people,refugee,student,iranian,america,seek,heartland,refuge,country","ban,trump,travel,immigration,trumps,president,order,protest,muslim,defend,muslimban,nobannowall,executive_order,people,refugee,student,iranian","ban,trump,muslim,travel,trumps,immigration,order,president,america,seek,heartland,refuge,country,protest,refugee,executive_order","{'Theme: Immigration and Travel Ban': 'ban, trump, travel, immigration, trumps, president, order, protest, muslim, defend, muslimban, nobannowall, executive_order, people, refugee, student, iranian, america, seek, heartland, refuge, country'}",Theme: Immigration and Travel Ban,"{'US Immigration Policy and Protests': 'ban, trump, travel, immigration, trumps, president, order, protest, muslim, defend, muslimban, nobannowall, executive_order, people, refugee, student, iranian'}",US Immigration Policy and Protests,"{'US Immigration Policy': 'ban, trump, muslim, travel, trumps, immigration, order, president, america, executive_order', 'Public Reaction to Immigration Policies': 'seek, heartland, refuge, country, protest, refugee'}",US Immigration Policy.Public Reaction to Immigration Policies
105,9,"['muslimban', 'nobannowall', 'studentban', 'notbanstudentvisa', 'student', 'muslim', 'people', 'iranian', 'letthemin']",101,2,"['muslimban', 'trump', 'theresistance', 'nobannowall', 'nomuslimban', 'muslim', 'vote', 'session']",1,"['muslimban', 'nobannowall', 'muslim', 'trump', 'ban', 'executive_order', 'protest', 'people', 'refugee', 'student', 'iranian']",5,"['ban', 'trump', 'muslim', 'immigration', 'trumps', 'travel', 'order', 'executive_order', 'seek', 'protest', 'country']","[273632640, 408360989, 1140341359]","muslimban,nobannowall,studentban,notbanstudentvisa,student,muslim,people,iranian,letthemin,trump,ban,executive_order,protest,refugee,theresistance,nomuslimban,vote,session,immigration,trumps,travel,order,seek,country","muslimban,nobannowall,studentban,notbanstudentvisa,student,muslim,people,iranian,letthemin,trump,ban,executive_order,protest,refugee","muslimban,trump,theresistance,nobannowall,nomuslimban,muslim,vote,session,ban,immigration,trumps,travel,order,executive_order,seek,protest,country","{'Travel and Immigration Ban': 'muslimban, nobannowall, studentban, notbanstudentvisa, muslim, iranian, trump, ban, executive_order, protest, refugee, theresistance, nomuslimban, immigration, trumps, travel, order, seek, country', 'Student and Visa Issues': 'studentban, notbanstudentvisa, student, session', 'Political and Social Activism': 'protest, theresistance, vote, letthemin, people'}",Travel and Immigration Ban.Student and Visa Issues.Political and Social Activism,"{'Travel and Immigration Restrictions': 'muslimban, nobannowall, studentban, notbanstudentvisa, student, muslim, people, iranian, letthemin, trump, ban, executive_order, protest, refugee'}",Travel and Immigration Restrictions,"{'US Immigration Policy Protests': 'muslimban, trump, theresistance, nobannowall, nomuslimban, muslim, vote, session, ban, immigration, trumps, travel, order, executive_order, seek, protest, country'}",US Immigration Policy Protests
106,11,"['muslimban', 'maga', 'trump', 'refugee', 'worth']",102,4,"['muslimban', 'canada', 'trump', 'europe', 'lax']",12,"['migrant_europe', 'foxnew_breitbart', 'maga_vet', 'muslimban', 'canada', 'breitbart']",1,"['muslim', 'america_heartland', 'america', 'muslimban', 'heartland', 'refuge', 'seek_refuge', 'seek_refuge_america_heartland', 'trump', 'maga', 'start_help', 'heartland_kill', 'refugee', 'migrant_europe', 'ohio']","[1384804622, 2626453511, 2831536977]","muslimban,maga,trump,refugee,worth,migrant_europe,foxnew_breitbart,maga_vet,canada,breitbart,europe,lax,muslim,america_heartland,america,heartland,refuge,seek_refuge,seek_refuge_america_heartland,start_help,heartland_kill,ohio","muslimban,maga,trump,refugee,worth,migrant_europe,foxnew_breitbart,maga_vet,canada,breitbart","muslimban,canada,trump,europe,lax,muslim,america_heartland,america,heartland,refuge,seek_refuge,seek_refuge_america_heartland,maga,start_help,heartland_kill,refugee,migrant_europe,ohio","{'US Immigration and Refugee Policies': 'muslimban, refugee, migrant_europe, seek_refuge, seek_refuge_america_heartland, refuge', 'Political Influence and Media': 'maga, trump, foxnew_breitbart, breitbart, maga_vet', 'Geopolitical Locations and Movements': 'canada, europe, america_heartland, america, heartland, ohio, lax', 'Cultural and Religious Identity': 'muslim, heartland_kill'}",US Immigration and Refugee Policies.Political Influence and Media.Geopolitical Locations and Movements.Cultural and Religious Identity,"{'US Immigration and Political Climate': 'muslimban, maga, trump, refugee, worth, migrant_europe, foxnew_breitbart, maga_vet, canada, breitbart'}",US Immigration and Political Climate,"{'US Immigration Policies': ['muslimban', 'trump', 'maga'], 'Refugee and Migration Issues': ['refuge', 'seek_refuge', 'refugee', 'migrant_europe', 'seek_refuge_america_heartland'], 'Geographical Locations': ['canada', 'europe', 'america_heartland', 'america', 'heartland', 'ohio', 'lax'], 'Social and Political Impact': ['muslim', 'heartland_kill', 'start_help']}",US Immigration Policies.Refugee and Migration Issues.Geographical Locations.Social and Political Impact
107,11,"['muslimban', 'maga', 'trump', 'refugee', 'worth']",103,4,"['muslimban', 'canada', 'trump', 'europe', 'lax']",1,"['muslimban', 'nobannowall', 'muslim', 'trump', 'ban', 'executive_order', 'protest', 'people', 'refugee', 'student', 'iranian']",1,"['muslim', 'america_heartland', 'america', 'muslimban', 'heartland', 'refuge', 'seek_refuge', 'seek_refuge_america_heartland', 'trump', 'maga', 'start_help', 'heartland_kill', 'refugee', 'migrant_europe', 'ohio']","[49592004, 56161146, 266476869]","muslimban,maga,trump,refugee,worth,nobannowall,muslim,ban,executive_order,protest,people,student,iranian,canada,europe,lax,america_heartland,america,heartland,refuge,seek_refuge,seek_refuge_america_heartland,start_help,heartland_kill,migrant_europe,ohio","muslimban,maga,trump,refugee,worth,nobannowall,muslim,ban,executive_order,protest,people,student,iranian","muslimban,canada,trump,europe,lax,muslim,america_heartland,america,heartland,refuge,seek_refuge,seek_refuge_america_heartland,maga,start_help,heartland_kill,refugee,migrant_europe,ohio","{'US Immigration Policy and Protests': ['muslimban', 'maga', 'trump', 'refugee', 'nobannowall', 'muslim', 'ban', 'executive_order', 'protest'], 'International Refugee and Migration Issues': ['refuge', 'seek_refuge', 'migrant_europe', 'iranian', 'canada', 'europe'], 'American Heartland and Refuge': ['america_heartland', 'america', 'heartland', 'seek_refuge_america_heartland', 'start_help', 'heartland_kill', 'ohio'], 'Airports and Travel': ['lax', 'student']}",US Immigration Policy and Protests.International Refugee and Migration Issues.American Heartland and Refuge.Airports and Travel,"{'US Immigration Policy and Protests': 'muslimban, maga, trump, refugee, nobannowall, muslim, ban, executive_order, protest, iranian', 'Social and Political Impact': 'worth, people, student'}",US Immigration Policy and Protests.Social and Political Impact,"{'US Immigration Policies': ['muslimban', 'trump', 'maga'], 'Refugee and Migration Issues': ['refuge', 'seek_refuge', 'refugee', 'migrant_europe', 'seek_refuge_america_heartland'], 'Geographical Locations': ['canada', 'europe', 'america_heartland', 'america', 'heartland', 'ohio', 'lax'], 'Social and Political Impact': ['muslim', 'heartland_kill', 'start_help']}",US Immigration Policies.Refugee and Migration Issues.Geographical Locations.Social and Political Impact
108,11,"['muslimban', 'maga', 'trump', 'refugee', 'worth']",104,10,"['ban', 'trump', 'muslim', 'travel', 'trumps', 'immigration', 'order', 'president', 'america', 'seek', 'heartland', 'refuge', 'country', 'protest', 'refugee']",1,"['muslimban', 'nobannowall', 'muslim', 'trump', 'ban', 'executive_order', 'protest', 'people', 'refugee', 'student', 'iranian']",4,"['muslimban', 'racist', 'standuptotrump', 'london', 'value']","[776414185, 2187410251, 3341446180]","muslimban,maga,trump,refugee,worth,nobannowall,muslim,ban,executive_order,protest,people,student,iranian,travel,trumps,immigration,order,president,america,seek,heartland,refuge,country,racist,standuptotrump,london,value","muslimban,maga,trump,refugee,worth,nobannowall,muslim,ban,executive_order,protest,people,student,iranian","ban,trump,muslim,travel,trumps,immigration,order,president,america,seek,heartland,refuge,country,protest,refugee,muslimban,racist,standuptotrump,london,value","{'US Immigration Policy and Protests': 'muslimban, maga, trump, refugee, nobannowall, muslim, ban, executive_order, protest, immigration, order, president, america, racist, standuptotrump', 'Impact on Individuals and Communities': 'worth, people, student, iranian, travel, trumps, seek, heartland, refuge, country, london, value'}",US Immigration Policy and Protests.Impact on Individuals and Communities,"{'US Immigration Policy and Protests': 'muslimban, maga, trump, refugee, nobannowall, muslim, ban, executive_order, protest, iranian', 'Social and Political Impact': 'worth, people, student'}",US Immigration Policy and Protests.Social and Political Impact,"{""Trump's Travel Ban"": ['ban', 'trump', 'muslim', 'travel', 'trumps', 'immigration', 'order', 'president', 'america', 'muslimban'], 'Protests Against Immigration Policies': ['protest', 'refugee', 'racist', 'standuptotrump', 'london'], 'American Values and Refuge': ['seek', 'heartland', 'refuge', 'country', 'value']}",Trump's Travel Ban.Protests Against Immigration Policies.American Values and Refuge
109,5,"['ban', 'trump', 'donald', 'trumps', 'immigration', 'travel', 'fire', 'company', 'state', 'nodapl', 'muslim', 'general', 'cnn', 'attorney', 'big']",105,13,"['ban', 'trump', 'donald', 'trumps', 'immigration', 'travel', 'fire', 'muslim', 'attorney', 'general', 'state', 'cnn']",7,"['ban', 'trump', 'travel', 'trumps', 'immigration', 'donald', 'order', 'muslim', 'president', 'fire', 'executive_order']",8,"['ban', 'donald', 'trump', 'travel', 'trumps', 'immigration', 'fire', 'dissent_memo', 'fire_attorney', 'muslim', 'barack_obama', 'state_department']","[24645871, 1511154877, 1939212224, 2322972280]","ban,trump,donald,trumps,immigration,travel,fire,company,state,nodapl,muslim,general,cnn,attorney,big,order,president,executive_order,dissent_memo,fire_attorney,barack_obama,state_department","ban,trump,donald,trumps,immigration,travel,fire,company,state,nodapl,muslim,general,cnn,attorney,big,order,president,executive_order","ban,trump,donald,trumps,immigration,travel,fire,muslim,attorney,general,state,cnn,dissent_memo,fire_attorney,barack_obama,state_department","{'US Immigration Policy': ['ban', 'immigration', 'travel', 'muslim', 'executive_order'], 'Trump Administration Actions': ['trump', 'donald', 'trumps', 'president', 'order', 'executive_order'], 'Controversial Government Decisions': ['fire', 'fire_attorney', 'dissent_memo', 'attorney', 'state_department'], 'Media and Public Figures': ['cnn', 'general', 'big', 'barack_obama'], 'Environmental and Indigenous Rights': ['nodapl']}",US Immigration Policy.Trump Administration Actions.Controversial Government Decisions.Media and Public Figures.Environmental and Indigenous Rights,"{'US Immigration Policy': ['ban', 'immigration', 'travel', 'muslim', 'executive_order'], ""Donald Trump's Presidency"": ['trump', 'donald', 'trumps', 'president', 'executive_order'], 'Legal and Government Actions': ['attorney', 'order', 'state', 'general'], 'Media and News Coverage': ['cnn', 'big'], 'Corporate and Environmental Issues': ['fire', 'company', 'nodapl']}",US Immigration Policy.Donald Trump's Presidency.Legal and Government Actions.Media and News Coverage.Corporate and Environmental Issues,"{'US Immigration Policy': ['ban', 'immigration', 'travel', 'muslim', 'dissent_memo'], 'Trump Administration Actions': ['trump', 'donald', 'trumps', 'fire', 'fire_attorney'], 'US Government and Legal Affairs': ['attorney', 'general', 'state', 'state_department', 'fire_attorney'], 'Media Coverage': ['cnn'], 'Obama Administration': ['barack_obama']}",US Immigration Policy.Trump Administration Actions.US Government and Legal Affairs.Media Coverage.Obama Administration
110,2,"['ban', 'trump', 'travel', 'immigration', 'trumps', 'president', 'order', 'protest', 'muslim', 'defend']",107,10,"['ban', 'trump', 'muslim', 'travel', 'trumps', 'immigration', 'order', 'president', 'america', 'seek', 'heartland', 'refuge', 'country', 'protest', 'refugee']",7,"['ban', 'trump', 'travel', 'trumps', 'immigration', 'donald', 'order', 'muslim', 'president', 'fire', 'executive_order']",5,"['ban', 'trump', 'muslim', 'immigration', 'trumps', 'travel', 'order', 'executive_order', 'seek', 'protest', 'country']","[69329527, 138749160, 227394952]","ban,trump,travel,immigration,trumps,president,order,protest,muslim,defend,donald,fire,executive_order,america,seek,heartland,refuge,country,refugee","ban,trump,travel,immigration,trumps,president,order,protest,muslim,defend,donald,fire,executive_order","ban,trump,muslim,travel,trumps,immigration,order,president,america,seek,heartland,refuge,country,protest,refugee,executive_order","{'US Immigration Policy': ['ban', 'travel', 'immigration', 'order', 'executive_order', 'refuge', 'country', 'refugee'], 'Trump Administration': ['trump', 'trumps', 'president', 'donald', 'america'], 'Public Reaction': ['protest', 'defend', 'seek', 'heartland'], 'Muslim Community': ['muslim'], 'Controversy and Criticism': ['fire']}",US Immigration Policy.Trump Administration.Public Reaction.Muslim Community.Controversy and Criticism,"{'US Immigration Policy and Controversy': 'ban, trump, travel, immigration, trumps, president, order, protest, muslim, defend, donald, executive_order', 'Public Reaction to Government Actions': 'protest, defend, fire'}",US Immigration Policy and Controversy.Public Reaction to Government Actions,"{'US Immigration Policy': 'ban, trump, muslim, travel, trumps, immigration, order, president, america, executive_order', 'Public Reaction to Immigration Policies': 'seek, heartland, refuge, country, protest, refugee'}",US Immigration Policy.Public Reaction to Immigration Policies
111,2,"['ban', 'trump', 'travel', 'immigration', 'trumps', 'president', 'order', 'protest', 'muslim', 'defend']",108,10,"['ban', 'trump', 'muslim', 'travel', 'trumps', 'immigration', 'order', 'president', 'america', 'seek', 'heartland', 'refuge', 'country', 'protest', 'refugee']",7,"['ban', 'trump', 'travel', 'trumps', 'immigration', 'donald', 'order', 'muslim', 'president', 'fire', 'executive_order']",5,"['ban', 'trump', 'muslim', 'immigration', 'trumps', 'travel', 'order', 'executive_order', 'seek', 'protest', 'country']","[294176860, 1017498714, 3948602175]","ban,trump,travel,immigration,trumps,president,order,protest,muslim,defend,donald,fire,executive_order,america,seek,heartland,refuge,country,refugee","ban,trump,travel,immigration,trumps,president,order,protest,muslim,defend,donald,fire,executive_order","ban,trump,muslim,travel,trumps,immigration,order,president,america,seek,heartland,refuge,country,protest,refugee,executive_order","{'US Immigration Policy and Controversy': 'ban, trump, travel, immigration, trumps, president, order, protest, muslim, defend, donald, fire, executive_order, america, seek, heartland, refuge, country, refugee'}",US Immigration Policy and Controversy,"{'US Immigration Policy and Controversy': 'ban, trump, travel, immigration, trumps, president, order, protest, muslim, defend, donald, executive_order', 'Public Reaction to Government Actions': 'protest, defend, fire'}",US Immigration Policy and Controversy.Public Reaction to Government Actions,"{'US Immigration Policy': 'ban, trump, muslim, travel, trumps, immigration, order, president, america, executive_order', 'Public Reaction to Immigration Policies': 'seek, heartland, refuge, country, protest, refugee'}",US Immigration Policy.Public Reaction to Immigration Policies
112,1,"['muslimban', 'resist', 'trumpleak', 'podcast', 'theresistance', 'impeachtrump']",109,2,"['muslimban', 'trump', 'theresistance', 'nobannowall', 'nomuslimban', 'muslim', 'vote', 'session']",14,"['muslimban', 'resist', 'trumpleak', 'podcast']",10,"['muslimban', 'trump', 'theresistance', 'resist', 'nobannowall', 'trumpleak', 'nomuslimban', 'break', 'stoppresidentbannon']","[462609615, 786322788055388160, 817825066993860600]","muslimban,resist,trumpleak,podcast,theresistance,impeachtrump,trump,nobannowall,nomuslimban,muslim,vote,session,break,stoppresidentbannon","muslimban,resist,trumpleak,podcast,theresistance,impeachtrump","muslimban,trump,theresistance,nobannowall,nomuslimban,muslim,vote,session,resist,trumpleak,break,stoppresidentbannon","{'Political Resistance and Opposition to Trump Administration': 'muslimban, resist, trumpleak, theresistance, impeachtrump, trump, nobannowall, nomuslimban, muslim, vote, stoppresidentbannon'}",Political Resistance and Opposition to Trump Administration,"{'Political Opposition to Trump Administration': 'muslimban, resist, trumpleak, theresistance, impeachtrump', 'Media and Communication': 'podcast'}",Political Opposition to Trump Administration.Media and Communication,"{'Political Resistance Against Trump Administration': 'muslimban, trump, theresistance, nobannowall, nomuslimban, muslim, vote, session, resist, trumpleak, break, stoppresidentbannon'}",Political Resistance Against Trump Administration
113,2,"['ban', 'trump', 'travel', 'immigration', 'trumps', 'president', 'order', 'protest', 'muslim', 'defend']",110,10,"['ban', 'trump', 'muslim', 'travel', 'trumps', 'immigration', 'order', 'president', 'america', 'seek', 'heartland', 'refuge', 'country', 'protest', 'refugee']",7,"['ban', 'trump', 'travel', 'trumps', 'immigration', 'donald', 'order', 'muslim', 'president', 'fire', 'executive_order']",5,"['ban', 'trump', 'muslim', 'immigration', 'trumps', 'travel', 'order', 'executive_order', 'seek', 'protest', 'country']","[18118505, 86989456, 1350989725, 806699926910541824]","ban,trump,travel,immigration,trumps,president,order,protest,muslim,defend,donald,fire,executive_order,america,seek,heartland,refuge,country,refugee","ban,trump,travel,immigration,trumps,president,order,protest,muslim,defend,donald,fire,executive_order","ban,trump,muslim,travel,trumps,immigration,order,president,america,seek,heartland,refuge,country,protest,refugee,executive_order","{'US Immigration Policy': 'ban, travel, immigration, order, executive_order, refugee', 'Trump Administration': 'trump, trumps, president, donald, america', 'Public Reaction': 'protest, defend, fire, seek, heartland', 'Muslim Community': 'muslim, refuge, country'}",US Immigration Policy.Trump Administration.Public Reaction.Muslim Community,"{'US Immigration Policy and Controversy': 'ban, trump, travel, immigration, trumps, president, order, protest, muslim, defend, donald, executive_order', 'Public Reaction to Government Actions': 'protest, defend, fire'}",US Immigration Policy and Controversy.Public Reaction to Government Actions,"{'US Immigration Policy': 'ban, trump, muslim, travel, trumps, immigration, order, president, america, executive_order', 'Public Reaction to Immigration Policies': 'seek, heartland, refuge, country, protest, refugee'}",US Immigration Policy.Public Reaction to Immigration Policies
114,2,"['ban', 'trump', 'travel', 'immigration', 'trumps', 'president', 'order', 'protest', 'muslim', 'defend']",111,10,"['ban', 'trump', 'muslim', 'travel', 'trumps', 'immigration', 'order', 'president', 'america', 'seek', 'heartland', 'refuge', 'country', 'protest', 'refugee']",7,"['ban', 'trump', 'travel', 'trumps', 'immigration', 'donald', 'order', 'muslim', 'president', 'fire', 'executive_order']",5,"['ban', 'trump', 'muslim', 'immigration', 'trumps', 'travel', 'order', 'executive_order', 'seek', 'protest', 'country']","[813899491, 1963785025, 4438391172]","ban,trump,travel,immigration,trumps,president,order,protest,muslim,defend,donald,fire,executive_order,america,seek,heartland,refuge,country,refugee","ban,trump,travel,immigration,trumps,president,order,protest,muslim,defend,donald,fire,executive_order","ban,trump,muslim,travel,trumps,immigration,order,president,america,seek,heartland,refuge,country,protest,refugee,executive_order","{'US Immigration Policy and Controversy': 'ban, trump, travel, immigration, trumps, president, order, protest, muslim, defend, donald, fire, executive_order, america, seek, heartland, refuge, country, refugee'}",US Immigration Policy and Controversy,"{'US Immigration Policy and Controversy': 'ban, trump, travel, immigration, trumps, president, order, protest, muslim, defend, donald, executive_order', 'Public Reaction to Government Actions': 'protest, defend, fire'}",US Immigration Policy and Controversy.Public Reaction to Government Actions,"{'US Immigration Policy': 'ban, trump, muslim, travel, trumps, immigration, order, president, america, executive_order', 'Public Reaction to Immigration Policies': 'seek, heartland, refuge, country, protest, refugee'}",US Immigration Policy.Public Reaction to Immigration Policies
115,2,"['ban', 'trump', 'travel', 'immigration', 'trumps', 'president', 'order', 'protest', 'muslim', 'defend']",112,10,"['ban', 'trump', 'muslim', 'travel', 'trumps', 'immigration', 'order', 'president', 'america', 'seek', 'heartland', 'refuge', 'country', 'protest', 'refugee']",7,"['ban', 'trump', 'travel', 'trumps', 'immigration', 'donald', 'order', 'muslim', 'president', 'fire', 'executive_order']",5,"['ban', 'trump', 'muslim', 'immigration', 'trumps', 'travel', 'order', 'executive_order', 'seek', 'protest', 'country']","[88951664, 720008230412410885, 720008230412410900]","ban,trump,travel,immigration,trumps,president,order,protest,muslim,defend,donald,fire,executive_order,america,seek,heartland,refuge,country,refugee","ban,trump,travel,immigration,trumps,president,order,protest,muslim,defend,donald,fire,executive_order","ban,trump,muslim,travel,trumps,immigration,order,president,america,seek,heartland,refuge,country,protest,refugee,executive_order","{'US Immigration Policy': 'ban, travel, immigration, order, executive_order, refugee', 'Trump Administration': 'trump, trumps, president, donald, america', 'Public Reaction': 'protest, defend, fire, seek, heartland', 'Muslim Community': 'muslim, refuge, country'}",US Immigration Policy.Trump Administration.Public Reaction.Muslim Community,"{'US Immigration Policy and Controversy': 'ban, trump, travel, immigration, trumps, president, order, protest, muslim, defend, donald, executive_order', 'Public Reaction to Government Actions': 'protest, defend, fire'}",US Immigration Policy and Controversy.Public Reaction to Government Actions,"{'US Immigration Policy': 'ban, trump, muslim, travel, trumps, immigration, order, president, america, executive_order', 'Public Reaction to Immigration Policies': 'seek, heartland, refuge, country, protest, refugee'}",US Immigration Policy.Public Reaction to Immigration Policies
116,2,"['ban', 'trump', 'travel', 'immigration', 'trumps', 'president', 'order', 'protest', 'muslim', 'defend']",113,10,"['ban', 'trump', 'muslim', 'travel', 'trumps', 'immigration', 'order', 'president', 'america', 'seek', 'heartland', 'refuge', 'country', 'protest', 'refugee']",7,"['ban', 'trump', 'travel', 'trumps', 'immigration', 'donald', 'order', 'muslim', 'president', 'fire', 'executive_order']",5,"['ban', 'trump', 'muslim', 'immigration', 'trumps', 'travel', 'order', 'executive_order', 'seek', 'protest', 'country']","[1494835716, 2712763860, 769380097359024100, 778929359826456577]","ban,trump,travel,immigration,trumps,president,order,protest,muslim,defend,donald,fire,executive_order,america,seek,heartland,refuge,country,refugee","ban,trump,travel,immigration,trumps,president,order,protest,muslim,defend,donald,fire,executive_order","ban,trump,muslim,travel,trumps,immigration,order,president,america,seek,heartland,refuge,country,protest,refugee,executive_order","{'US Immigration Policy': 'ban, travel, immigration, trumps, president, order, executive_order, america, country', 'Trump Administration': 'trump, donald, president, trumps, executive_order', 'Protests and Public Response': 'protest, defend, fire, seek, heartland', 'Muslim and Refugee Issues': 'muslim, refuge, refugee'}",US Immigration Policy.Trump Administration.Protests and Public Response.Muslim and Refugee Issues,"{'US Immigration Policy and Controversy': 'ban, trump, travel, immigration, trumps, president, order, protest, muslim, defend, donald, executive_order', 'Public Reaction to Government Actions': 'protest, defend, fire'}",US Immigration Policy and Controversy.Public Reaction to Government Actions,"{'US Immigration Policy': 'ban, trump, muslim, travel, trumps, immigration, order, president, america, executive_order', 'Public Reaction to Immigration Policies': 'seek, heartland, refuge, country, protest, refugee'}",US Immigration Policy.Public Reaction to Immigration Policies
117,9,"['muslimban', 'nobannowall', 'studentban', 'notbanstudentvisa', 'student', 'muslim', 'people', 'iranian', 'letthemin']",114,5,"['muslimban', 'nobannowall', 'studentban', 'notbanstudentvisa', 'support', 'respect']",1,"['muslimban', 'nobannowall', 'muslim', 'trump', 'ban', 'executive_order', 'protest', 'people', 'refugee', 'student', 'iranian']",9,"['nobannowall', 'muslimban', 'studentban', 'notbanstudentvisa', 'worth_worldwide', 'iranian_student', 'student', 'confirmation_vote']","[44033036, 53925975, 109577595, 131826162]","muslimban,nobannowall,studentban,notbanstudentvisa,student,muslim,people,iranian,letthemin,trump,ban,executive_order,protest,refugee,support,respect,worth_worldwide,iranian_student,confirmation_vote","muslimban,nobannowall,studentban,notbanstudentvisa,student,muslim,people,iranian,letthemin,trump,ban,executive_order,protest,refugee","muslimban,nobannowall,studentban,notbanstudentvisa,support,respect,worth_worldwide,iranian_student,student,confirmation_vote","{'Travel and Immigration Restrictions': 'muslimban, nobannowall, studentban, notbanstudentvisa, student, muslim, people, iranian, letthemin, trump, ban, executive_order, protest, refugee, support, respect, worth_worldwide, iranian_student, confirmation_vote'}",Travel and Immigration Restrictions,"{'Travel and Immigration Restrictions': 'muslimban, nobannowall, studentban, notbanstudentvisa, student, muslim, people, iranian, letthemin, trump, ban, executive_order, protest, refugee'}",Travel and Immigration Restrictions,"{'Travel and Immigration Restrictions': ['muslimban', 'nobannowall', 'studentban', 'notbanstudentvisa'], 'Support and Advocacy': ['support', 'respect', 'worth_worldwide'], 'Iranian Students and Education': ['iranian_student', 'student'], 'Political Processes': ['confirmation_vote']}",Travel and Immigration Restrictions.Support and Advocacy.Iranian Students and Education.Political Processes
118,2,"['ban', 'trump', 'travel', 'immigration', 'trumps', 'president', 'order', 'protest', 'muslim', 'defend']",116,10,"['ban', 'trump', 'muslim', 'travel', 'trumps', 'immigration', 'order', 'president', 'america', 'seek', 'heartland', 'refuge', 'country', 'protest', 'refugee']",7,"['ban', 'trump', 'travel', 'trumps', 'immigration', 'donald', 'order', 'muslim', 'president', 'fire', 'executive_order']",5,"['ban', 'trump', 'muslim', 'immigration', 'trumps', 'travel', 'order', 'executive_order', 'seek', 'protest', 'country']","[802319182360612869, 809892522805829600, 809892522805829632]","ban,trump,travel,immigration,trumps,president,order,protest,muslim,defend,donald,fire,executive_order,america,seek,heartland,refuge,country,refugee","ban,trump,travel,immigration,trumps,president,order,protest,muslim,defend,donald,fire,executive_order","ban,trump,muslim,travel,trumps,immigration,order,president,america,seek,heartland,refuge,country,protest,refugee,executive_order","{'US Immigration Policy and Controversy': 'ban, trump, travel, immigration, trumps, president, order, protest, muslim, defend, donald, fire, executive_order, america, seek, heartland, refuge, country, refugee'}",US Immigration Policy and Controversy,"{'US Immigration Policy and Controversy': 'ban, trump, travel, immigration, trumps, president, order, protest, muslim, defend, donald, executive_order', 'Public Reaction to Government Actions': 'protest, defend, fire'}",US Immigration Policy and Controversy.Public Reaction to Government Actions,"{'US Immigration Policy': 'ban, trump, muslim, travel, trumps, immigration, order, president, america, executive_order', 'Public Reaction to Immigration Policies': 'seek, heartland, refuge, country, protest, refugee'}",US Immigration Policy.Public Reaction to Immigration Policies
119,2,"['ban', 'trump', 'travel', 'immigration', 'trumps', 'president', 'order', 'protest', 'muslim', 'defend']",117,10,"['ban', 'trump', 'muslim', 'travel', 'trumps', 'immigration', 'order', 'president', 'america', 'seek', 'heartland', 'refuge', 'country', 'protest', 'refugee']",7,"['ban', 'trump', 'travel', 'trumps', 'immigration', 'donald', 'order', 'muslim', 'president', 'fire', 'executive_order']",5,"['ban', 'trump', 'muslim', 'immigration', 'trumps', 'travel', 'order', 'executive_order', 'seek', 'protest', 'country']","[101136300, 902841756, 3024568735, 824053976144281600]","ban,trump,travel,immigration,trumps,president,order,protest,muslim,defend,donald,fire,executive_order,america,seek,heartland,refuge,country,refugee","ban,trump,travel,immigration,trumps,president,order,protest,muslim,defend,donald,fire,executive_order","ban,trump,muslim,travel,trumps,immigration,order,president,america,seek,heartland,refuge,country,protest,refugee,executive_order","{'US Immigration Policy and Controversy': 'ban, trump, travel, immigration, trumps, president, order, protest, muslim, defend, donald, fire, executive_order, america, seek, heartland, refuge, country, refugee'}",US Immigration Policy and Controversy,"{'US Immigration Policy and Controversy': 'ban, trump, travel, immigration, trumps, president, order, protest, muslim, defend, donald, executive_order', 'Public Reaction to Government Actions': 'protest, defend, fire'}",US Immigration Policy and Controversy.Public Reaction to Government Actions,"{'US Immigration Policy': 'ban, trump, muslim, travel, trumps, immigration, order, president, america, executive_order', 'Public Reaction to Immigration Policies': 'seek, heartland, refuge, country, protest, refugee'}",US Immigration Policy.Public Reaction to Immigration Policies
120,9,"['muslimban', 'nobannowall', 'studentban', 'notbanstudentvisa', 'student', 'muslim', 'people', 'iranian', 'letthemin']",118,5,"['muslimban', 'nobannowall', 'studentban', 'notbanstudentvisa', 'support', 'respect']",1,"['muslimban', 'nobannowall', 'muslim', 'trump', 'ban', 'executive_order', 'protest', 'people', 'refugee', 'student', 'iranian']",9,"['nobannowall', 'muslimban', 'studentban', 'notbanstudentvisa', 'worth_worldwide', 'iranian_student', 'student', 'confirmation_vote']","[125208159, 914482993, 808476381516591100]","muslimban,nobannowall,studentban,notbanstudentvisa,student,muslim,people,iranian,letthemin,trump,ban,executive_order,protest,refugee,support,respect,worth_worldwide,iranian_student,confirmation_vote","muslimban,nobannowall,studentban,notbanstudentvisa,student,muslim,people,iranian,letthemin,trump,ban,executive_order,protest,refugee","muslimban,nobannowall,studentban,notbanstudentvisa,support,respect,worth_worldwide,iranian_student,student,confirmation_vote","{'Travel and Immigration Restrictions': 'muslimban, nobannowall, studentban, notbanstudentvisa, student, muslim, people, iranian, letthemin, trump, ban, executive_order, protest, refugee, support, respect, worth_worldwide, iranian_student, confirmation_vote'}",Travel and Immigration Restrictions,"{'Travel and Immigration Restrictions': 'muslimban, nobannowall, studentban, notbanstudentvisa, student, muslim, people, iranian, letthemin, trump, ban, executive_order, protest, refugee'}",Travel and Immigration Restrictions,"{'Travel and Immigration Restrictions': ['muslimban', 'nobannowall', 'studentban', 'notbanstudentvisa'], 'Support and Advocacy': ['support', 'respect', 'worth_worldwide'], 'Iranian Students and Education': ['iranian_student', 'student'], 'Political Processes': ['confirmation_vote']}",Travel and Immigration Restrictions.Support and Advocacy.Iranian Students and Education.Political Processes
121,9,"['muslimban', 'nobannowall', 'studentban', 'notbanstudentvisa', 'student', 'muslim', 'people', 'iranian', 'letthemin']",120,2,"['muslimban', 'trump', 'theresistance', 'nobannowall', 'nomuslimban', 'muslim', 'vote', 'session']",1,"['muslimban', 'nobannowall', 'muslim', 'trump', 'ban', 'executive_order', 'protest', 'people', 'refugee', 'student', 'iranian']",1,"['muslim', 'america_heartland', 'america', 'muslimban', 'heartland', 'refuge', 'seek_refuge', 'seek_refuge_america_heartland', 'trump', 'maga', 'start_help', 'heartland_kill', 'refugee', 'migrant_europe', 'ohio']","[322808365, 374545449, 3029777387, 3253776720]","muslimban,nobannowall,studentban,notbanstudentvisa,student,muslim,people,iranian,letthemin,trump,ban,executive_order,protest,refugee,theresistance,nomuslimban,vote,session,america_heartland,america,heartland,refuge,seek_refuge,seek_refuge_america_heartland,maga,start_help,heartland_kill,migrant_europe,ohio","muslimban,nobannowall,studentban,notbanstudentvisa,student,muslim,people,iranian,letthemin,trump,ban,executive_order,protest,refugee","muslimban,trump,theresistance,nobannowall,nomuslimban,muslim,vote,session,america_heartland,america,heartland,refuge,seek_refuge,seek_refuge_america_heartland,maga,start_help,heartland_kill,refugee,migrant_europe,ohio","{'Travel and Immigration Restrictions': ['muslimban', 'nobannowall', 'studentban', 'notbanstudentvisa', 'ban', 'executive_order', 'nomuslimban', 'refugee', 'refuge', 'seek_refuge', 'seek_refuge_america_heartland', 'migrant_europe'], 'Political and Social Protest': ['protest', 'theresistance', 'letthemin', 'vote', 'maga', 'start_help'], 'Impact on Specific Groups': ['student', 'muslim', 'people', 'iranian'], 'American Identity and Geography': ['america_heartland', 'america', 'heartland', 'heartland_kill', 'ohio'], 'Trump Administration Policies': ['trump', 'executive_order', 'maga']}",Travel and Immigration Restrictions.Political and Social Protest.Impact on Specific Groups.American Identity and Geography.Trump Administration Policies,"{'Travel and Immigration Restrictions': 'muslimban, nobannowall, studentban, notbanstudentvisa, student, muslim, people, iranian, letthemin, trump, ban, executive_order, protest, refugee'}",Travel and Immigration Restrictions,"{'Political Resistance and Immigration Policies': ['muslimban', 'trump', 'theresistance', 'nobannowall', 'nomuslimban', 'muslim', 'vote', 'session', 'refuge', 'seek_refuge', 'refugee', 'migrant_europe', 'maga'], 'American Heartland and Refuge': ['america_heartland', 'america', 'heartland', 'seek_refuge_america_heartland', 'start_help', 'heartland_kill', 'ohio']}",Political Resistance and Immigration Policies.American Heartland and Refuge
122,2,"['ban', 'trump', 'travel', 'immigration', 'trumps', 'president', 'order', 'protest', 'muslim', 'defend']",121,10,"['ban', 'trump', 'muslim', 'travel', 'trumps', 'immigration', 'order', 'president', 'america', 'seek', 'heartland', 'refuge', 'country', 'protest', 'refugee']",7,"['ban', 'trump', 'travel', 'trumps', 'immigration', 'donald', 'order', 'muslim', 'president', 'fire', 'executive_order']",5,"['ban', 'trump', 'muslim', 'immigration', 'trumps', 'travel', 'order', 'executive_order', 'seek', 'protest', 'country']","[519258318, 1497641574, 1523766667, 2251287025]","ban,trump,travel,immigration,trumps,president,order,protest,muslim,defend,donald,fire,executive_order,america,seek,heartland,refuge,country,refugee","ban,trump,travel,immigration,trumps,president,order,protest,muslim,defend,donald,fire,executive_order","ban,trump,muslim,travel,trumps,immigration,order,president,america,seek,heartland,refuge,country,protest,refugee,executive_order","{'US Immigration Policy': 'ban, travel, immigration, trumps, president, order, executive_order, america, country', 'Trump Administration': 'trump, donald, president, trumps, executive_order', 'Protests and Public Reaction': 'protest, defend, fire, seek, heartland', 'Muslim and Refugee Issues': 'muslim, refuge, refugee'}",US Immigration Policy.Trump Administration.Protests and Public Reaction.Muslim and Refugee Issues,"{'US Immigration Policy and Controversy': 'ban, trump, travel, immigration, trumps, president, order, protest, muslim, defend, donald, executive_order', 'Public Reaction to Government Actions': 'protest, defend, fire'}",US Immigration Policy and Controversy.Public Reaction to Government Actions,"{'US Immigration Policy': 'ban, trump, muslim, travel, trumps, immigration, order, president, america, executive_order', 'Public Reaction to Immigration Policies': 'seek, heartland, refuge, country, protest, refugee'}",US Immigration Policy.Public Reaction to Immigration Policies
123,9,"['muslimban', 'nobannowall', 'studentban', 'notbanstudentvisa', 'student', 'muslim', 'people', 'iranian', 'letthemin']",122,5,"['muslimban', 'nobannowall', 'studentban', 'notbanstudentvisa', 'support', 'respect']",1,"['muslimban', 'nobannowall', 'muslim', 'trump', 'ban', 'executive_order', 'protest', 'people', 'refugee', 'student', 'iranian']",4,"['muslimban', 'racist', 'standuptotrump', 'london', 'value']","[3017050238, 781475028747558912, 811666689289056256, 815437539444162560]","muslimban,nobannowall,studentban,notbanstudentvisa,student,muslim,people,iranian,letthemin,trump,ban,executive_order,protest,refugee,support,respect,racist,standuptotrump,london,value","muslimban,nobannowall,studentban,notbanstudentvisa,student,muslim,people,iranian,letthemin,trump,ban,executive_order,protest,refugee","muslimban,nobannowall,studentban,notbanstudentvisa,support,respect,racist,standuptotrump,london,value","{'Travel and Immigration Restrictions': 'muslimban, nobannowall, studentban, notbanstudentvisa, ban, executive_order', 'Protest and Activism': 'protest, letthemin, standuptotrump, support, respect', 'Affected Groups and Nationalities': 'muslim, student, people, iranian, refugee', 'Political Figures and Actions': 'trump, racist', 'Global Response and Values': 'london, value'}",Travel and Immigration Restrictions.Protest and Activism.Affected Groups and Nationalities.Political Figures and Actions.Global Response and Values,"{'Travel and Immigration Restrictions': 'muslimban, nobannowall, studentban, notbanstudentvisa, student, muslim, people, iranian, letthemin, trump, ban, executive_order, protest, refugee'}",Travel and Immigration Restrictions,"{'Protest Against Immigration Policies': 'muslimban, nobannowall, studentban, notbanstudentvisa, standuptotrump', 'Advocacy for Inclusivity and Respect': 'support, respect, racist, value', 'Location of Activism': 'london'}",Protest Against Immigration Policies.Advocacy for Inclusivity and Respect.Location of Activism
124,9,"['muslimban', 'nobannowall', 'studentban', 'notbanstudentvisa', 'student', 'muslim', 'people', 'iranian', 'letthemin']",123,10,"['ban', 'trump', 'muslim', 'travel', 'trumps', 'immigration', 'order', 'president', 'america', 'seek', 'heartland', 'refuge', 'country', 'protest', 'refugee']",1,"['muslimban', 'nobannowall', 'muslim', 'trump', 'ban', 'executive_order', 'protest', 'people', 'refugee', 'student', 'iranian']",9,"['nobannowall', 'muslimban', 'studentban', 'notbanstudentvisa', 'worth_worldwide', 'iranian_student', 'student', 'confirmation_vote']","[26911266, 4207595112, 4243136293]","muslimban,nobannowall,studentban,notbanstudentvisa,student,muslim,people,iranian,letthemin,trump,ban,executive_order,protest,refugee,travel,trumps,immigration,order,president,america,seek,heartland,refuge,country,worth_worldwide,iranian_student,confirmation_vote","muslimban,nobannowall,studentban,notbanstudentvisa,student,muslim,people,iranian,letthemin,trump,ban,executive_order,protest,refugee","ban,trump,muslim,travel,trumps,immigration,order,president,america,seek,heartland,refuge,country,protest,refugee,nobannowall,muslimban,studentban,notbanstudentvisa,worth_worldwide,iranian_student,student,confirmation_vote","{'US Immigration Policies and Protests': ['muslimban', 'nobannowall', 'studentban', 'notbanstudentvisa', 'student', 'muslim', 'people', 'iranian', 'letthemin', 'trump', 'ban', 'executive_order', 'protest', 'refugee', 'travel', 'trumps', 'immigration', 'order', 'president', 'america', 'seek', 'heartland', 'refuge', 'country', 'worth_worldwide', 'iranian_student', 'confirmation_vote']}",US Immigration Policies and Protests,"{'Travel and Immigration Restrictions': 'muslimban, nobannowall, studentban, notbanstudentvisa, student, muslim, people, iranian, letthemin, trump, ban, executive_order, protest, refugee'}",Travel and Immigration Restrictions,"{'Travel Ban': 'ban, trump, muslim, travel, trumps, immigration, order, president, america, protest, refugee, nobannowall, muslimban, studentban, notbanstudentvisa, iranian_student, student', 'Political Response': 'seek, heartland, refuge, country, worth_worldwide, confirmation_vote'}",Travel Ban.Political Response
125,7,"['ban', 'muslim', 'trumps', 'travel', 'trump', 'country', 'support', 'immigration', 'americans', 'muslimban', 'not']",124,2,"['muslimban', 'trump', 'theresistance', 'nobannowall', 'nomuslimban', 'muslim', 'vote', 'session']",1,"['muslimban', 'nobannowall', 'muslim', 'trump', 'ban', 'executive_order', 'protest', 'people', 'refugee', 'student', 'iranian']",5,"['ban', 'trump', 'muslim', 'immigration', 'trumps', 'travel', 'order', 'executive_order', 'seek', 'protest', 'country']","[1369701486, 1541335238, 3320697341]","ban,muslim,trumps,travel,trump,country,support,immigration,americans,muslimban,not,nobannowall,executive_order,protest,people,refugee,student,iranian,theresistance,nomuslimban,vote,session,order,seek","ban,muslim,trumps,travel,trump,country,support,immigration,americans,muslimban,not,nobannowall,executive_order,protest,people,refugee,student,iranian","muslimban,trump,theresistance,nobannowall,nomuslimban,muslim,vote,session,ban,immigration,trumps,travel,order,executive_order,seek,protest,country","{'US Immigration Policy': 'ban, muslim, trumps, travel, trump, country, support, immigration, americans, muslimban, not, nobannowall, executive_order, protest, people, refugee, student, iranian, theresistance, nomuslimban, vote, session, order, seek'}",US Immigration Policy,"{'US Travel Ban on Muslim-majority Countries': 'ban, muslim, trumps, travel, trump, country, support, immigration, americans, muslimban, not, nobannowall, executive_order, protest, people, refugee, student, iranian'}",US Travel Ban on Muslim-majority Countries,"{'US Immigration Policy Protests': 'muslimban, trump, theresistance, nobannowall, nomuslimban, muslim, vote, session, ban, immigration, trumps, travel, order, executive_order, seek, protest, country'}",US Immigration Policy Protests
126,9,"['muslimban', 'nobannowall', 'studentban', 'notbanstudentvisa', 'student', 'muslim', 'people', 'iranian', 'letthemin']",127,5,"['muslimban', 'nobannowall', 'studentban', 'notbanstudentvisa', 'support', 'respect']",8,"['studentban', 'muslimban', 'notbanstudentvisa', 'worth_worldwide', 'iranian_student', 'notbanstudentvisa_studentban', 'nobannowall', 'studentban_plz', 'letthemin_respect', 'beautiful_mind', 'studentban_notbanstudentvisa', 'maga', 'support', 'notaterrorist_studentban', 'plz']",9,"['nobannowall', 'muslimban', 'studentban', 'notbanstudentvisa', 'worth_worldwide', 'iranian_student', 'student', 'confirmation_vote']","[825429995963162625, 826136373186936800, 826511485153267712]","muslimban,nobannowall,studentban,notbanstudentvisa,student,muslim,people,iranian,letthemin,worth_worldwide,iranian_student,notbanstudentvisa_studentban,studentban_plz,letthemin_respect,beautiful_mind,studentban_notbanstudentvisa,maga,support,notaterrorist_studentban,plz,respect,confirmation_vote","muslimban,nobannowall,studentban,notbanstudentvisa,student,muslim,people,iranian,letthemin,worth_worldwide,iranian_student,notbanstudentvisa_studentban,studentban_plz,letthemin_respect,beautiful_mind,studentban_notbanstudentvisa,maga,support,notaterrorist_studentban,plz","muslimban,nobannowall,studentban,notbanstudentvisa,support,respect,worth_worldwide,iranian_student,student,confirmation_vote","{'Travel and Immigration Restrictions': ['muslimban', 'nobannowall', 'studentban', 'notbanstudentvisa', 'student', 'muslim', 'people', 'iranian', 'iranian_student', 'letthemin', 'letthemin_respect', 'notbanstudentvisa_studentban', 'studentban_plz', 'studentban_notbanstudentvisa', 'notaterrorist_studentban'], 'Political and Social Movements': ['worth_worldwide', 'beautiful_mind', 'maga', 'support', 'plz', 'respect', 'confirmation_vote']}",Travel and Immigration Restrictions.Political and Social Movements,"{'Travel and Immigration Restrictions': ['muslimban', 'nobannowall', 'studentban', 'notbanstudentvisa', 'letthemin', 'worth_worldwide', 'letthemin_respect', 'maga', 'support'], 'Impact on Students': ['student', 'iranian_student', 'notbanstudentvisa_studentban', 'studentban_plz', 'studentban_notbanstudentvisa', 'notaterrorist_studentban'], 'Cultural and Religious Identity': ['muslim', 'iranian', 'people', 'beautiful_mind', 'plz']}",Travel and Immigration Restrictions.Impact on Students.Cultural and Religious Identity,"{'Travel and Immigration Restrictions': ['muslimban', 'nobannowall', 'studentban', 'notbanstudentvisa'], 'Support and Advocacy': ['support', 'respect', 'worth_worldwide'], 'Iranian Students and Education': ['iranian_student', 'student'], 'Political Processes': ['confirmation_vote']}",Travel and Immigration Restrictions.Support and Advocacy.Iranian Students and Education.Political Processes
127,9,"['muslimban', 'nobannowall', 'studentban', 'notbanstudentvisa', 'student', 'muslim', 'people', 'iranian', 'letthemin']",128,5,"['muslimban', 'nobannowall', 'studentban', 'notbanstudentvisa', 'support', 'respect']",1,"['muslimban', 'nobannowall', 'muslim', 'trump', 'ban', 'executive_order', 'protest', 'people', 'refugee', 'student', 'iranian']",9,"['nobannowall', 'muslimban', 'studentban', 'notbanstudentvisa', 'worth_worldwide', 'iranian_student', 'student', 'confirmation_vote']","[64165042, 72506570, 1139724289]","muslimban,nobannowall,studentban,notbanstudentvisa,student,muslim,people,iranian,letthemin,trump,ban,executive_order,protest,refugee,support,respect,worth_worldwide,iranian_student,confirmation_vote","muslimban,nobannowall,studentban,notbanstudentvisa,student,muslim,people,iranian,letthemin,trump,ban,executive_order,protest,refugee","muslimban,nobannowall,studentban,notbanstudentvisa,support,respect,worth_worldwide,iranian_student,student,confirmation_vote","{'Travel and Immigration Restrictions': 'muslimban, nobannowall, studentban, notbanstudentvisa, student, muslim, people, iranian, letthemin, trump, ban, executive_order, protest, refugee, support, respect, worth_worldwide, iranian_student', 'Political and Social Activism': 'protest, support, respect, worth_worldwide, letthemin', 'US Political Actions': 'trump, executive_order, confirmation_vote'}",Travel and Immigration Restrictions.Political and Social Activism.US Political Actions,"{'Travel and Immigration Restrictions': 'muslimban, nobannowall, studentban, notbanstudentvisa, student, muslim, people, iranian, letthemin, trump, ban, executive_order, protest, refugee'}",Travel and Immigration Restrictions,"{'Travel and Immigration Restrictions': ['muslimban', 'nobannowall', 'studentban', 'notbanstudentvisa'], 'Support and Advocacy': ['support', 'respect', 'worth_worldwide'], 'Iranian Students and Education': ['iranian_student', 'student'], 'Political Processes': ['confirmation_vote']}",Travel and Immigration Restrictions.Support and Advocacy.Iranian Students and Education.Political Processes
128,11,"['muslimban', 'maga', 'trump', 'refugee', 'worth']",129,7,"['muslimban', 'maga', 'student', 'refugee', 'worth', 'migrant', 'dear', 'trump', 'americafirst', 'america', 'dream']",3,"['muslimban', 'maga', 'terror_attack', 'missuniverse_royalrumble', 'refugee', 'france_national', 'sagaward', 'america_point', 'import_source']",1,"['muslim', 'america_heartland', 'america', 'muslimban', 'heartland', 'refuge', 'seek_refuge', 'seek_refuge_america_heartland', 'trump', 'maga', 'start_help', 'heartland_kill', 'refugee', 'migrant_europe', 'ohio']","[1408901971, 2267630983, 2877913979]","muslimban,maga,trump,refugee,worth,terror_attack,missuniverse_royalrumble,france_national,sagaward,america_point,import_source,student,migrant,dear,americafirst,america,dream,muslim,america_heartland,heartland,refuge,seek_refuge,seek_refuge_america_heartland,start_help,heartland_kill,migrant_europe,ohio","muslimban,maga,trump,refugee,worth,terror_attack,missuniverse_royalrumble,france_national,sagaward,america_point,import_source","muslimban,maga,student,refugee,worth,migrant,dear,trump,americafirst,america,dream,muslim,america_heartland,heartland,refuge,seek_refuge,seek_refuge_america_heartland,start_help,heartland_kill,migrant_europe,ohio","{'US Immigration and Refugee Policies': ['muslimban', 'refugee', 'migrant', 'seek_refuge', 'seek_refuge_america_heartland', 'america_heartland', 'heartland', 'refuge', 'migrant_europe', 'ohio'], 'Trump Administration and Political Slogans': ['maga', 'trump', 'americafirst', 'america', 'america_point', 'america_heartland'], 'Terrorism and Security Concerns': ['terror_attack', 'muslim'], 'Cultural and Entertainment Events': ['missuniverse_royalrumble', 'sagaward'], 'Economic and Trade Discussions': ['import_source'], 'Education and Student Issues': ['student'], 'General Sentiments and Values': ['worth', 'dear', 'dream', 'start_help', 'heartland_kill']}",US Immigration and Refugee Policies.Trump Administration and Political Slogans.Terrorism and Security Concerns.Cultural and Entertainment Events.Economic and Trade Discussions.Education and Student Issues.General Sentiments and Values,"{'US Politics and Immigration': ['muslimban', 'maga', 'trump', 'refugee'], 'Security and Terrorism': ['terror_attack'], 'Entertainment and Events': ['missuniverse_royalrumble', 'sagaward'], 'International Relations and Trade': ['france_national', 'america_point', 'import_source']}",US Politics and Immigration.Security and Terrorism.Entertainment and Events.International Relations and Trade,"{'US Immigration and Refugee Policies': ['muslimban', 'refugee', 'migrant', 'refuge', 'seek_refuge', 'seek_refuge_america_heartland', 'migrant_europe'], 'American Political Climate': ['maga', 'trump', 'americafirst', 'america', 'america_heartland', 'heartland', 'ohio'], 'Education and Youth': ['student', 'dream'], 'Social Values and Worth': ['worth', 'dear', 'start_help', 'heartland_kill']}",US Immigration and Refugee Policies.American Political Climate.Education and Youth.Social Values and Worth
129,2,"['ban', 'trump', 'travel', 'immigration', 'trumps', 'president', 'order', 'protest', 'muslim', 'defend']",130,13,"['ban', 'trump', 'donald', 'trumps', 'immigration', 'travel', 'fire', 'muslim', 'attorney', 'general', 'state', 'cnn']",7,"['ban', 'trump', 'travel', 'trumps', 'immigration', 'donald', 'order', 'muslim', 'president', 'fire', 'executive_order']",5,"['ban', 'trump', 'muslim', 'immigration', 'trumps', 'travel', 'order', 'executive_order', 'seek', 'protest', 'country']","[608079104, 775344406622797829, 800711290054287361]","ban,trump,travel,immigration,trumps,president,order,protest,muslim,defend,donald,fire,executive_order,attorney,general,state,cnn,seek,country","ban,trump,travel,immigration,trumps,president,order,protest,muslim,defend,donald,fire,executive_order","ban,trump,donald,trumps,immigration,travel,fire,muslim,attorney,general,state,cnn,order,executive_order,seek,protest,country","{'Theme: Immigration and Travel Ban': 'ban, trump, travel, immigration, trumps, president, order, protest, muslim, defend, donald, executive_order, attorney, general, state, cnn, seek, country'}",Theme: Immigration and Travel Ban,"{'US Immigration Policy and Controversy': 'ban, trump, travel, immigration, trumps, president, order, protest, muslim, defend, donald, executive_order', 'Public Reaction to Government Actions': 'protest, defend, fire'}",US Immigration Policy and Controversy.Public Reaction to Government Actions,"{'US Immigration Policy': 'ban, immigration, travel, muslim, country, executive_order', 'Trump Administration': 'trump, donald, trumps, order, executive_order', 'Legal and Political Reactions': 'attorney, general, state, cnn, seek, protest, fire'}",US Immigration Policy.Trump Administration.Legal and Political Reactions
130,2,"['ban', 'trump', 'travel', 'immigration', 'trumps', 'president', 'order', 'protest', 'muslim', 'defend']",132,13,"['ban', 'trump', 'donald', 'trumps', 'immigration', 'travel', 'fire', 'muslim', 'attorney', 'general', 'state', 'cnn']",7,"['ban', 'trump', 'travel', 'trumps', 'immigration', 'donald', 'order', 'muslim', 'president', 'fire', 'executive_order']",5,"['ban', 'trump', 'muslim', 'immigration', 'trumps', 'travel', 'order', 'executive_order', 'seek', 'protest', 'country']","[78817006, 715329083802931200, 808342475228127232]","ban,trump,travel,immigration,trumps,president,order,protest,muslim,defend,donald,fire,executive_order,attorney,general,state,cnn,seek,country","ban,trump,travel,immigration,trumps,president,order,protest,muslim,defend,donald,fire,executive_order","ban,trump,donald,trumps,immigration,travel,fire,muslim,attorney,general,state,cnn,order,executive_order,seek,protest,country","{'US Immigration Policy and Controversy': 'ban, trump, travel, immigration, trumps, president, order, protest, muslim, defend, donald, fire, executive_order, attorney, general, state, cnn, seek, country'}",US Immigration Policy and Controversy,"{'US Immigration Policy and Controversy': 'ban, trump, travel, immigration, trumps, president, order, protest, muslim, defend, donald, executive_order', 'Public Reaction to Government Actions': 'protest, defend, fire'}",US Immigration Policy and Controversy.Public Reaction to Government Actions,"{'US Immigration Policy': 'ban, immigration, travel, muslim, country, executive_order', 'Trump Administration': 'trump, donald, trumps, order, executive_order', 'Legal and Political Reactions': 'attorney, general, state, cnn, seek, protest, fire'}",US Immigration Policy.Trump Administration.Legal and Political Reactions
