absolute_community,absolute_unigram_topic,absolute_unigram_keywords,weighted_community,weighted_unigram_topic,weighted_unigram_keywords,absolute_bigram_topic,absolute_bigram_keywords,weighted_bigram_topic,weighted_bigram_keywords,members,all_keywords,absolute_keywords,weighted_keywords,general_theme_gpt,general_theme_names,absolute_theme_gpt,absolute_theme_names,weighted_theme_gpt,weighted_theme_names
0,8,"['ban', 'travel', 'trump', 'order', 'judge', 'revise', 'hawaii', 'trumps', 'block', 'president', 'immigration']",2,1,"['ban', 'travel', 'trump', 'order', 'judge', 'revise', 'hawaii', 'president', 'trumps', 'block']",4,"['ban', 'travel', 'trump', 'executive_order', 'order', 'revise', 'judge', 'federal_judge', 'trumps', 'president', 'hawaii', 'block', 'executive']",12,"['ban', 'travel', 'trump', 'executive_order', 'order', 'judge', 'revise', 'federal_judge', 'hawaii', 'president', 'trumps', 'muslim', 'block', 'immigration']","[522537060, 716418247579549696, 733246533156655100, 764950182572142593, 770839424766804000]","ban,travel,trump,order,judge,revise,hawaii,trumps,block,president,immigration,executive_order,federal_judge,executive,muslim","ban,travel,trump,order,judge,revise,hawaii,trumps,block,president,immigration,executive_order,federal_judge,executive","ban,travel,trump,order,judge,revise,hawaii,president,trumps,block,executive_order,federal_judge,muslim,immigration","{'Travel Ban Controversy': 'ban, travel, trump, order, judge, revise, hawaii, trumps, block, president, immigration, executive_order, federal_judge, executive, muslim'}",Travel Ban Controversy,"{'Travel Ban and Legal Challenges': 'ban, travel, trump, order, judge, revise, hawaii, trumps, block, president, immigration, executive_order, federal_judge, executive'}",Travel Ban and Legal Challenges,"{'US Immigration Policy': 'ban, travel, trump, order, judge, revise, hawaii, president, trumps, block, executive_order, federal_judge, muslim, immigration'}",US Immigration Policy
3,4,"['ban', 'trump', 'muslimban', 'travel', 'muslim', 'trumps', 'country', 'lose', 'total', 'judge']",11,1,"['ban', 'travel', 'trump', 'order', 'judge', 'revise', 'hawaii', 'president', 'trumps', 'block']",0,"['ban', 'trump', 'muslimban', 'travel', 'lose', 'muslim', 'trumps', 'country', 'terror_threat', 'exclude_country']",6,"['radio_live', 'stock_money', 'blackoutday']","[29442313, 216776631, 485958942]","ban,trump,muslimban,travel,muslim,trumps,country,lose,total,judge,terror_threat,exclude_country,order,revise,hawaii,president,block,radio_live,stock_money,blackoutday","ban,trump,muslimban,travel,muslim,trumps,country,lose,total,judge,terror_threat,exclude_country","ban,travel,trump,order,judge,revise,hawaii,president,trumps,block,radio_live,stock_money,blackoutday","{'US Travel Ban': 'ban, trump, muslimban, travel, muslim, trumps, country, exclude_country, order, revise, hawaii, president, block, judge', 'Legal and Political Reactions': 'lose, total, judge, block, hawaii', 'Media and Public Response': 'radio_live, blackoutday', 'Economic Impact': 'stock_money', 'Security Concerns': 'terror_threat'}",US Travel Ban.Legal and Political Reactions.Media and Public Response.Economic Impact.Security Concerns,"{'Travel Ban Controversy': 'ban, trump, muslimban, travel, muslim, trumps, country, judge, terror_threat, exclude_country', 'Legal and Judicial Actions': 'judge, lose, total'}",Travel Ban Controversy.Legal and Judicial Actions,"{'US Travel Ban Controversy': 'ban, travel, trump, order, judge, revise, hawaii, president, trumps, block', 'Media and Economic Events': 'radio_live, stock_money, blackoutday'}",US Travel Ban Controversy.Media and Economic Events
5,8,"['ban', 'travel', 'trump', 'order', 'judge', 'revise', 'hawaii', 'trumps', 'block', 'president', 'immigration']",9,1,"['ban', 'travel', 'trump', 'order', 'judge', 'revise', 'hawaii', 'president', 'trumps', 'block']",9,"['ban', 'travel', 'trump', 'muslim']",12,"['ban', 'travel', 'trump', 'executive_order', 'order', 'judge', 'revise', 'federal_judge', 'hawaii', 'president', 'trumps', 'muslim', 'block', 'immigration']","[6392972, 18910693, 49047411, 110396781, 937875895, 2495386515, 2806325167, 2930574973, 3713258776, 783134630669148161]","ban,travel,trump,order,judge,revise,hawaii,trumps,block,president,immigration,muslim,executive_order,federal_judge","ban,travel,trump,order,judge,revise,hawaii,trumps,block,president,immigration,muslim","ban,travel,trump,order,judge,revise,hawaii,president,trumps,block,executive_order,federal_judge,muslim,immigration","{'Travel Ban Controversy': 'ban, travel, trump, order, judge, revise, hawaii, trumps, block, president, immigration, muslim, executive_order, federal_judge'}",Travel Ban Controversy,"{'US Immigration Policy Controversy': 'ban, travel, trump, order, judge, revise, hawaii, trumps, block, president, immigration, muslim'}",US Immigration Policy Controversy,"{'US Immigration Policy': 'ban, travel, trump, order, judge, revise, hawaii, president, trumps, block, executive_order, federal_judge, muslim, immigration'}",US Immigration Policy
6,8,"['ban', 'travel', 'trump', 'order', 'judge', 'revise', 'hawaii', 'trumps', 'block', 'president', 'immigration']",12,1,"['ban', 'travel', 'trump', 'order', 'judge', 'revise', 'hawaii', 'president', 'trumps', 'block']",4,"['ban', 'travel', 'trump', 'executive_order', 'order', 'revise', 'judge', 'federal_judge', 'trumps', 'president', 'hawaii', 'block', 'executive']",12,"['ban', 'travel', 'trump', 'executive_order', 'order', 'judge', 'revise', 'federal_judge', 'hawaii', 'president', 'trumps', 'muslim', 'block', 'immigration']","[478855762, 2903166449, 4040707780, 799609981121138690]","ban,travel,trump,order,judge,revise,hawaii,trumps,block,president,immigration,executive_order,federal_judge,executive,muslim","ban,travel,trump,order,judge,revise,hawaii,trumps,block,president,immigration,executive_order,federal_judge,executive","ban,travel,trump,order,judge,revise,hawaii,president,trumps,block,executive_order,federal_judge,muslim,immigration","{'Travel Ban Controversy': 'ban, travel, trump, order, judge, revise, hawaii, trumps, block, president, immigration, executive_order, federal_judge, executive, muslim'}",Travel Ban Controversy,"{'Travel Ban and Legal Challenges': 'ban, travel, trump, order, judge, revise, hawaii, trumps, block, president, immigration, executive_order, federal_judge, executive'}",Travel Ban and Legal Challenges,"{'US Immigration Policy': 'ban, travel, trump, order, judge, revise, hawaii, president, trumps, block, executive_order, federal_judge, muslim, immigration'}",US Immigration Policy
14,8,"['ban', 'travel', 'trump', 'order', 'judge', 'revise', 'hawaii', 'trumps', 'block', 'president', 'immigration']",14,1,"['ban', 'travel', 'trump', 'order', 'judge', 'revise', 'hawaii', 'president', 'trumps', 'block']",9,"['ban', 'travel', 'trump', 'muslim']",12,"['ban', 'travel', 'trump', 'executive_order', 'order', 'judge', 'revise', 'federal_judge', 'hawaii', 'president', 'trumps', 'muslim', 'block', 'immigration']","[629565974, 1146358172, 2922305530, 821136198798340097]","ban,travel,trump,order,judge,revise,hawaii,trumps,block,president,immigration,muslim,executive_order,federal_judge","ban,travel,trump,order,judge,revise,hawaii,trumps,block,president,immigration,muslim","ban,travel,trump,order,judge,revise,hawaii,president,trumps,block,executive_order,federal_judge,muslim,immigration","{'US Immigration Policy': 'ban, travel, trump, order, judge, revise, hawaii, trumps, block, president, immigration, muslim, executive_order, federal_judge'}",US Immigration Policy,"{'US Immigration Policy Controversy': 'ban, travel, trump, order, judge, revise, hawaii, trumps, block, president, immigration, muslim'}",US Immigration Policy Controversy,"{'US Immigration Policy': 'ban, travel, trump, order, judge, revise, hawaii, president, trumps, block, executive_order, federal_judge, muslim, immigration'}",US Immigration Policy
16,4,"['ban', 'trump', 'muslimban', 'travel', 'muslim', 'trumps', 'country', 'lose', 'total', 'judge']",46,1,"['ban', 'travel', 'trump', 'order', 'judge', 'revise', 'hawaii', 'president', 'trumps', 'block']",4,"['ban', 'travel', 'trump', 'executive_order', 'order', 'revise', 'judge', 'federal_judge', 'trumps', 'president', 'hawaii', 'block', 'executive']",12,"['ban', 'travel', 'trump', 'executive_order', 'order', 'judge', 'revise', 'federal_judge', 'hawaii', 'president', 'trumps', 'muslim', 'block', 'immigration']","[17642747, 2617327641, 839574081854931000]","ban,trump,muslimban,travel,muslim,trumps,country,lose,total,judge,executive_order,order,revise,federal_judge,president,hawaii,block,executive,immigration","ban,trump,muslimban,travel,muslim,trumps,country,lose,total,judge,executive_order,order,revise,federal_judge,president,hawaii,block,executive","ban,travel,trump,order,judge,revise,hawaii,president,trumps,block,executive_order,federal_judge,muslim,immigration","{'US Immigration Policy': 'ban, muslimban, travel, muslim, country, immigration', 'Trump Administration Actions': 'trump, trumps, executive_order, order, executive, president', 'Legal Challenges to Executive Orders': 'judge, federal_judge, block, hawaii, revise, lose, total'}",US Immigration Policy.Trump Administration Actions.Legal Challenges to Executive Orders,"{'Travel Ban Controversy': 'ban, trump, muslimban, travel, muslim, trumps, country, executive_order, order, revise, president', 'Legal Challenges to Executive Orders': 'lose, total, judge, federal_judge, hawaii, block, executive'}",Travel Ban Controversy.Legal Challenges to Executive Orders,"{'US Immigration Policy': 'ban, travel, trump, order, judge, revise, hawaii, president, trumps, block, executive_order, federal_judge, muslim, immigration'}",US Immigration Policy
18,3,"['muslimban', 'muslim', 'ban', 'travelban', 'maga', 'trump', 'country', 'travel', 'judge', 'offend', 'leave', 'obama', 'america']",17,8,"['travelban', 'maga', 'muslimban', 'trump', 'pvv', 'tcot', 'islam', 'refugee', 'refugeeswelcome', 'bordersclose', 'read', 'marinelepen', 'vote', 'france']",11,"['refugeeswelcome', 'travelban', 'maga', 'muslimban', 'tcot', 'pvv', 'islam', 'stopislamofobia', 'bordersclose']",10,"['muslimban', 'muslim', 'ban', 'country', 'trump']","[3089155533, 704041886089084900, 823677081422688256]","muslimban,muslim,ban,travelban,maga,trump,country,travel,judge,offend,leave,obama,america,refugeeswelcome,tcot,pvv,islam,stopislamofobia,bordersclose,refugee,read,marinelepen,vote,france","muslimban,muslim,ban,travelban,maga,trump,country,travel,judge,offend,leave,obama,america,refugeeswelcome,tcot,pvv,islam,stopislamofobia,bordersclose","travelban,maga,muslimban,trump,pvv,tcot,islam,refugee,refugeeswelcome,bordersclose,read,marinelepen,vote,france,muslim,ban,country","{'US Travel Ban Controversy': 'muslimban, muslim, ban, travelban, maga, trump, country, travel, judge, offend, leave, obama, america, refugeeswelcome, tcot', 'European Political Climate and Islamophobia': 'pvv, islam, stopislamofobia, bordersclose, refugee, read, marinelepen, vote, france'}",US Travel Ban Controversy.European Political Climate and Islamophobia,"{'US Immigration Policy and Islamophobia': 'muslimban, muslim, ban, travelban, maga, trump, country, travel, judge, offend, leave, obama, america, refugeeswelcome, tcot, pvv, islam, stopislamofobia, bordersclose'}",US Immigration Policy and Islamophobia,"{'US Immigration Policy': 'travelban, muslimban, trump, maga, bordersclose, ban, country', 'European Right-Wing Politics': 'pvv, marinelepen, france, vote', 'Islam and Refugees': 'islam, refugee, refugeeswelcome, muslim'}",US Immigration Policy.European Right-Wing Politics.Islam and Refugees
20,4,"['ban', 'trump', 'muslimban', 'travel', 'muslim', 'trumps', 'country', 'lose', 'total', 'judge']",18,1,"['ban', 'travel', 'trump', 'order', 'judge', 'revise', 'hawaii', 'president', 'trumps', 'block']",0,"['ban', 'trump', 'muslimban', 'travel', 'lose', 'muslim', 'trumps', 'country', 'terror_threat', 'exclude_country']",4,"['muslimban', 'trump', 'trumprussia', 'resist', 'ban', 'russiagate', 'theresistance', 'muslim', 'travel', 'april_speech', 'break', 'trumps', 'todays_hashtag', 'april']","[15155181, 22165261, 32298202, 152570227]","ban,trump,muslimban,travel,muslim,trumps,country,lose,total,judge,terror_threat,exclude_country,order,revise,hawaii,president,block,trumprussia,resist,russiagate,theresistance,april_speech,break,todays_hashtag,april","ban,trump,muslimban,travel,muslim,trumps,country,lose,total,judge,terror_threat,exclude_country","ban,travel,trump,order,judge,revise,hawaii,president,trumps,block,muslimban,trumprussia,resist,russiagate,theresistance,muslim,april_speech,break,todays_hashtag,april","{'Travel Ban Controversy': 'ban, trump, muslimban, travel, muslim, trumps, country, lose, total, judge, terror_threat, exclude_country, order, revise, hawaii, president, block', 'Political Resistance and Investigation': 'trumprussia, resist, russiagate, theresistance, april_speech, break, todays_hashtag, april'}",Travel Ban Controversy.Political Resistance and Investigation,"{'Travel Ban Controversy': 'ban, trump, muslimban, travel, muslim, trumps, country, judge, terror_threat, exclude_country', 'Legal and Judicial Actions': 'judge, lose, total'}",Travel Ban Controversy.Legal and Judicial Actions,"{'Travel Ban Controversy': 'ban, travel, trump, order, judge, revise, hawaii, president, trumps, block, muslimban, muslim', 'Political Resistance and Investigation': 'trumprussia, resist, russiagate, theresistance', 'April Events and Discussions': 'april_speech, break, todays_hashtag, april'}",Travel Ban Controversy.Political Resistance and Investigation.April Events and Discussions
23,6,"['ban', 'muslim', 'muslimban', 'trump', 'court', 'aclu']",20,3,"['muslimban', 'nobannowall', 'live', 'true']",4,"['ban', 'travel', 'trump', 'executive_order', 'order', 'revise', 'judge', 'federal_judge', 'trumps', 'president', 'hawaii', 'block', 'executive']",9,"['muslimban', 'nobannowall', 'immigration', 'tntweeter_uslatino']","[420075825, 2799538857, 797080559839309800, 834520434318139400]","ban,muslim,muslimban,trump,court,aclu,travel,executive_order,order,revise,judge,federal_judge,trumps,president,hawaii,block,executive,nobannowall,live,true,immigration,tntweeter_uslatino","ban,muslim,muslimban,trump,court,aclu,travel,executive_order,order,revise,judge,federal_judge,trumps,president,hawaii,block,executive","muslimban,nobannowall,live,true,immigration,tntweeter_uslatino","{'Theme: US Travel Ban Controversy': 'ban, muslim, muslimban, trump, court, aclu, travel, executive_order, order, revise, judge, federal_judge, trumps, president, hawaii, block, executive, nobannowall, immigration'}",Theme: US Travel Ban Controversy,"{'Travel Ban Controversy': 'ban, muslim, muslimban, trump, court, aclu, travel, executive_order, order, revise, judge, federal_judge, trumps, president, hawaii, block, executive'}",Travel Ban Controversy,"{'Immigration and Travel Ban': 'muslimban, nobannowall, immigration', 'Social Media and Activism': 'live, tntweeter_uslatino', 'Truth and Authenticity': 'true'}",Immigration and Travel Ban.Social Media and Activism.Truth and Authenticity
26,8,"['ban', 'travel', 'trump', 'order', 'judge', 'revise', 'hawaii', 'trumps', 'block', 'president', 'immigration']",21,1,"['ban', 'travel', 'trump', 'order', 'judge', 'revise', 'hawaii', 'president', 'trumps', 'block']",4,"['ban', 'travel', 'trump', 'executive_order', 'order', 'revise', 'judge', 'federal_judge', 'trumps', 'president', 'hawaii', 'block', 'executive']",12,"['ban', 'travel', 'trump', 'executive_order', 'order', 'judge', 'revise', 'federal_judge', 'hawaii', 'president', 'trumps', 'muslim', 'block', 'immigration']","[2785269257, 4717892303, 764322548754550784, 818589875851051008]","ban,travel,trump,order,judge,revise,hawaii,trumps,block,president,immigration,executive_order,federal_judge,executive,muslim","ban,travel,trump,order,judge,revise,hawaii,trumps,block,president,immigration,executive_order,federal_judge,executive","ban,travel,trump,order,judge,revise,hawaii,president,trumps,block,executive_order,federal_judge,muslim,immigration","{'US Immigration Policy and Legal Challenges': 'ban, travel, trump, order, judge, revise, hawaii, trumps, block, president, immigration, executive_order, federal_judge, executive, muslim'}",US Immigration Policy and Legal Challenges,"{'Travel Ban and Legal Challenges': 'ban, travel, trump, order, judge, revise, hawaii, trumps, block, president, immigration, executive_order, federal_judge, executive'}",Travel Ban and Legal Challenges,"{'US Immigration Policy': 'ban, travel, trump, order, judge, revise, hawaii, president, trumps, block, executive_order, federal_judge, muslim, immigration'}",US Immigration Policy
27,3,"['muslimban', 'muslim', 'ban', 'travelban', 'maga', 'trump', 'country', 'travel', 'judge', 'offend', 'leave', 'obama', 'america']",22,1,"['ban', 'travel', 'trump', 'order', 'judge', 'revise', 'hawaii', 'president', 'trumps', 'block']",10,"['muslimban', 'ban', 'muslim', 'offend_sink', 'travel', 'long_conservative', 'country']",0,"['travelban', 'refugeeswelcome', 'maga', 'trump', 'ban', 'refugee', 'noban', 'tcot', 'muslimban', 'islam', 'stopislamofobia', 'judge', 'muslim', 'humanright_fight']","[608471241, 2984330300, 775199416470818817]","muslimban,muslim,ban,travelban,maga,trump,country,travel,judge,offend,leave,obama,america,offend_sink,long_conservative,order,revise,hawaii,president,trumps,block,refugeeswelcome,refugee,noban,tcot,islam,stopislamofobia,humanright_fight","muslimban,muslim,ban,travelban,maga,trump,country,travel,judge,offend,leave,obama,america,offend_sink,long_conservative","ban,travel,trump,order,judge,revise,hawaii,president,trumps,block,travelban,refugeeswelcome,maga,refugee,noban,tcot,muslimban,islam,stopislamofobia,muslim,humanright_fight","{'US Travel Ban Controversy': ['muslimban', 'muslim', 'ban', 'travelban', 'maga', 'trump', 'country', 'travel', 'judge', 'offend', 'leave', 'obama', 'america', 'offend_sink', 'long_conservative', 'order', 'revise', 'hawaii', 'president', 'trumps', 'block', 'refugeeswelcome', 'refugee', 'noban', 'tcot', 'islam', 'stopislamofobia', 'humanright_fight']}",US Travel Ban Controversy,"{'US Travel Ban Controversy': ['muslimban', 'muslim', 'ban', 'travelban', 'maga', 'trump', 'country', 'travel', 'judge', 'offend', 'leave', 'obama', 'america', 'offend_sink', 'long_conservative']}",US Travel Ban Controversy,"{'US Travel Ban Controversy': 'ban, travel, trump, order, judge, revise, hawaii, president, trumps, block, travelban, refugeeswelcome, maga, refugee, noban, tcot, muslimban, islam, stopislamofobia, muslim, humanright_fight'}",US Travel Ban Controversy
28,8,"['ban', 'travel', 'trump', 'order', 'judge', 'revise', 'hawaii', 'trumps', 'block', 'president', 'immigration']",23,1,"['ban', 'travel', 'trump', 'order', 'judge', 'revise', 'hawaii', 'president', 'trumps', 'block']",4,"['ban', 'travel', 'trump', 'executive_order', 'order', 'revise', 'judge', 'federal_judge', 'trumps', 'president', 'hawaii', 'block', 'executive']",12,"['ban', 'travel', 'trump', 'executive_order', 'order', 'judge', 'revise', 'federal_judge', 'hawaii', 'president', 'trumps', 'muslim', 'block', 'immigration']","[68714859, 301692966, 1626294277, 2555055486]","ban,travel,trump,order,judge,revise,hawaii,trumps,block,president,immigration,executive_order,federal_judge,executive,muslim","ban,travel,trump,order,judge,revise,hawaii,trumps,block,president,immigration,executive_order,federal_judge,executive","ban,travel,trump,order,judge,revise,hawaii,president,trumps,block,executive_order,federal_judge,muslim,immigration","{'Travel Ban Controversy': 'ban, travel, trump, order, judge, revise, hawaii, trumps, block, president, immigration, executive_order, federal_judge, executive, muslim'}",Travel Ban Controversy,"{'Travel Ban and Legal Challenges': 'ban, travel, trump, order, judge, revise, hawaii, trumps, block, president, immigration, executive_order, federal_judge, executive'}",Travel Ban and Legal Challenges,"{'US Immigration Policy': 'ban, travel, trump, order, judge, revise, hawaii, president, trumps, block, executive_order, federal_judge, muslim, immigration'}",US Immigration Policy
29,8,"['ban', 'travel', 'trump', 'order', 'judge', 'revise', 'hawaii', 'trumps', 'block', 'president', 'immigration']",24,1,"['ban', 'travel', 'trump', 'order', 'judge', 'revise', 'hawaii', 'president', 'trumps', 'block']",9,"['ban', 'travel', 'trump', 'muslim']",12,"['ban', 'travel', 'trump', 'executive_order', 'order', 'judge', 'revise', 'federal_judge', 'hawaii', 'president', 'trumps', 'muslim', 'block', 'immigration']","[156370763, 368288476, 3045306697]","ban,travel,trump,order,judge,revise,hawaii,trumps,block,president,immigration,muslim,executive_order,federal_judge","ban,travel,trump,order,judge,revise,hawaii,trumps,block,president,immigration,muslim","ban,travel,trump,order,judge,revise,hawaii,president,trumps,block,executive_order,federal_judge,muslim,immigration","{'Travel Ban Legal Challenges': 'ban, travel, trump, order, judge, revise, hawaii, trumps, block, president, immigration, muslim, executive_order, federal_judge'}",Travel Ban Legal Challenges,"{'US Immigration Policy Controversy': 'ban, travel, trump, order, judge, revise, hawaii, trumps, block, president, immigration, muslim'}",US Immigration Policy Controversy,"{'US Immigration Policy': 'ban, travel, trump, order, judge, revise, hawaii, president, trumps, block, executive_order, federal_judge, muslim, immigration'}",US Immigration Policy
30,11,"['nobannowall', 'muslimban', 'nomuslimban', 'immigrants', 'leftist', 'muslim', 'litigation', 'purge', 'immigration', 'heretostay']",25,3,"['muslimban', 'nobannowall', 'live', 'true']",7,"['muslimban', 'trump', 'radio_live', 'resist', 'stock_money', 'theresistance', 'trumprussia']",9,"['muslimban', 'nobannowall', 'immigration', 'tntweeter_uslatino']","[23113271, 26642006, 542367047, 2409763922]","nobannowall,muslimban,nomuslimban,immigrants,leftist,muslim,litigation,purge,immigration,heretostay,trump,radio_live,resist,stock_money,theresistance,trumprussia,live,true,tntweeter_uslatino","nobannowall,muslimban,nomuslimban,immigrants,leftist,muslim,litigation,purge,immigration,heretostay,trump,radio_live,resist,stock_money,theresistance,trumprussia","muslimban,nobannowall,live,true,immigration,tntweeter_uslatino","{'Immigration and Resistance': 'nobannowall, muslimban, nomuslimban, immigrants, muslim, immigration, heretostay, resist, theresistance', 'Political Opposition to Trump': 'leftist, trump, trumprussia, resist, theresistance', 'Legal and Political Actions': 'litigation, purge, resist', 'Media and Communication': 'radio_live, live, tntweeter_uslatino', 'Economic and Financial': 'stock_money'}",Immigration and Resistance.Political Opposition to Trump.Legal and Political Actions.Media and Communication.Economic and Financial,"{'Immigration and Resistance': 'nobannowall, muslimban, nomuslimban, immigrants, muslim, immigration, heretostay, resist, theresistance', 'Political Opposition and Legal Challenges': 'leftist, litigation, purge, trump, trumprussia', 'Media and Economic Concerns': 'radio_live, stock_money'}",Immigration and Resistance.Political Opposition and Legal Challenges.Media and Economic Concerns,"{'Immigration and Travel Ban': 'muslimban, nobannowall, immigration', 'Social Media and Activism': 'live, tntweeter_uslatino', 'Truth and Authenticity': 'true'}",Immigration and Travel Ban.Social Media and Activism.Truth and Authenticity
31,8,"['ban', 'travel', 'trump', 'order', 'judge', 'revise', 'hawaii', 'trumps', 'block', 'president', 'immigration']",26,1,"['ban', 'travel', 'trump', 'order', 'judge', 'revise', 'hawaii', 'president', 'trumps', 'block']",4,"['ban', 'travel', 'trump', 'executive_order', 'order', 'revise', 'judge', 'federal_judge', 'trumps', 'president', 'hawaii', 'block', 'executive']",12,"['ban', 'travel', 'trump', 'executive_order', 'order', 'judge', 'revise', 'federal_judge', 'hawaii', 'president', 'trumps', 'muslim', 'block', 'immigration']","[1664919534, 2767680652, 3314524607]","ban,travel,trump,order,judge,revise,hawaii,trumps,block,president,immigration,executive_order,federal_judge,executive,muslim","ban,travel,trump,order,judge,revise,hawaii,trumps,block,president,immigration,executive_order,federal_judge,executive","ban,travel,trump,order,judge,revise,hawaii,president,trumps,block,executive_order,federal_judge,muslim,immigration","{'Travel Ban Controversy': 'ban, travel, trump, order, judge, revise, hawaii, trumps, block, president, immigration, executive_order, federal_judge, executive, muslim'}",Travel Ban Controversy,"{'Travel Ban and Legal Challenges': 'ban, travel, trump, order, judge, revise, hawaii, trumps, block, president, immigration, executive_order, federal_judge, executive'}",Travel Ban and Legal Challenges,"{'US Immigration Policy': 'ban, travel, trump, order, judge, revise, hawaii, president, trumps, block, executive_order, federal_judge, muslim, immigration'}",US Immigration Policy
32,8,"['ban', 'travel', 'trump', 'order', 'judge', 'revise', 'hawaii', 'trumps', 'block', 'president', 'immigration']",27,1,"['ban', 'travel', 'trump', 'order', 'judge', 'revise', 'hawaii', 'president', 'trumps', 'block']",4,"['ban', 'travel', 'trump', 'executive_order', 'order', 'revise', 'judge', 'federal_judge', 'trumps', 'president', 'hawaii', 'block', 'executive']",12,"['ban', 'travel', 'trump', 'executive_order', 'order', 'judge', 'revise', 'federal_judge', 'hawaii', 'president', 'trumps', 'muslim', 'block', 'immigration']","[16272615, 62590731, 65698096]","ban,travel,trump,order,judge,revise,hawaii,trumps,block,president,immigration,executive_order,federal_judge,executive,muslim","ban,travel,trump,order,judge,revise,hawaii,trumps,block,president,immigration,executive_order,federal_judge,executive","ban,travel,trump,order,judge,revise,hawaii,president,trumps,block,executive_order,federal_judge,muslim,immigration","{'Travel Ban Controversy': 'ban, travel, trump, order, judge, revise, hawaii, trumps, block, president, immigration, executive_order, federal_judge, executive, muslim'}",Travel Ban Controversy,"{'Travel Ban and Legal Challenges': 'ban, travel, trump, order, judge, revise, hawaii, trumps, block, president, immigration, executive_order, federal_judge, executive'}",Travel Ban and Legal Challenges,"{'US Immigration Policy': 'ban, travel, trump, order, judge, revise, hawaii, president, trumps, block, executive_order, federal_judge, muslim, immigration'}",US Immigration Policy
33,8,"['ban', 'travel', 'trump', 'order', 'judge', 'revise', 'hawaii', 'trumps', 'block', 'president', 'immigration']",28,1,"['ban', 'travel', 'trump', 'order', 'judge', 'revise', 'hawaii', 'president', 'trumps', 'block']",4,"['ban', 'travel', 'trump', 'executive_order', 'order', 'revise', 'judge', 'federal_judge', 'trumps', 'president', 'hawaii', 'block', 'executive']",12,"['ban', 'travel', 'trump', 'executive_order', 'order', 'judge', 'revise', 'federal_judge', 'hawaii', 'president', 'trumps', 'muslim', 'block', 'immigration']","[82616432, 308464109, 1268281370, 3318159007, 4865796322]","ban,travel,trump,order,judge,revise,hawaii,trumps,block,president,immigration,executive_order,federal_judge,executive,muslim","ban,travel,trump,order,judge,revise,hawaii,trumps,block,president,immigration,executive_order,federal_judge,executive","ban,travel,trump,order,judge,revise,hawaii,president,trumps,block,executive_order,federal_judge,muslim,immigration","{'US Immigration Policy': 'ban, travel, trump, order, judge, revise, hawaii, trumps, block, president, immigration, executive_order, federal_judge, executive, muslim'}",US Immigration Policy,"{'Travel Ban and Legal Challenges': 'ban, travel, trump, order, judge, revise, hawaii, trumps, block, president, immigration, executive_order, federal_judge, executive'}",Travel Ban and Legal Challenges,"{'US Immigration Policy': 'ban, travel, trump, order, judge, revise, hawaii, president, trumps, block, executive_order, federal_judge, muslim, immigration'}",US Immigration Policy
34,8,"['ban', 'travel', 'trump', 'order', 'judge', 'revise', 'hawaii', 'trumps', 'block', 'president', 'immigration']",29,1,"['ban', 'travel', 'trump', 'order', 'judge', 'revise', 'hawaii', 'president', 'trumps', 'block']",4,"['ban', 'travel', 'trump', 'executive_order', 'order', 'revise', 'judge', 'federal_judge', 'trumps', 'president', 'hawaii', 'block', 'executive']",12,"['ban', 'travel', 'trump', 'executive_order', 'order', 'judge', 'revise', 'federal_judge', 'hawaii', 'president', 'trumps', 'muslim', 'block', 'immigration']","[14186393, 23153001, 64916983, 186755547, 3157736703]","ban,travel,trump,order,judge,revise,hawaii,trumps,block,president,immigration,executive_order,federal_judge,executive,muslim","ban,travel,trump,order,judge,revise,hawaii,trumps,block,president,immigration,executive_order,federal_judge,executive","ban,travel,trump,order,judge,revise,hawaii,president,trumps,block,executive_order,federal_judge,muslim,immigration","{'US Immigration Policy': 'ban, travel, trump, order, judge, revise, hawaii, trumps, block, president, immigration, executive_order, federal_judge, executive, muslim'}",US Immigration Policy,"{'Travel Ban and Legal Challenges': 'ban, travel, trump, order, judge, revise, hawaii, trumps, block, president, immigration, executive_order, federal_judge, executive'}",Travel Ban and Legal Challenges,"{'US Immigration Policy': 'ban, travel, trump, order, judge, revise, hawaii, president, trumps, block, executive_order, federal_judge, muslim, immigration'}",US Immigration Policy
36,11,"['nobannowall', 'muslimban', 'nomuslimban', 'immigrants', 'leftist', 'muslim', 'litigation', 'purge', 'immigration', 'heretostay']",31,4,"['travelban', 'refugee', 'immigration', 'refugeeswelcome', 'immigrant', 'muslimban', 'nobannowallnoraid', 'great', 'resisttrump', 'mondaymotivation', 'nobannowall', 'woman', 'resist']",4,"['ban', 'travel', 'trump', 'executive_order', 'order', 'revise', 'judge', 'federal_judge', 'trumps', 'president', 'hawaii', 'block', 'executive']",3,"['fight_terrorism', 'action_extremist', 'create_terrorist', 'travelban_blame', 'extremist', 'create', 'action', 'terrorism', 'terrorist', 'travelban', 'refugee_entire', 'religion', 'entire_religion', 'fight', 'entire', 'refugee', 'remind_ronald', 'reagan_bring', 'communist_cold', 'blame_refugee', 'travelban_blame_refugee_entire']","[321774180, 326208666, 345134536, 931346941, 3195553725, 3576933737, 768947079192412160]","nobannowall,muslimban,nomuslimban,immigrants,leftist,muslim,litigation,purge,immigration,heretostay,ban,travel,trump,executive_order,order,revise,judge,federal_judge,trumps,president,hawaii,block,executive,travelban,refugee,refugeeswelcome,immigrant,nobannowallnoraid,great,resisttrump,mondaymotivation,woman,resist,fight_terrorism,action_extremist,create_terrorist,travelban_blame,extremist,create,action,terrorism,terrorist,refugee_entire,religion,entire_religion,fight,entire,remind_ronald,reagan_bring,communist_cold,blame_refugee,travelban_blame_refugee_entire","nobannowall,muslimban,nomuslimban,immigrants,leftist,muslim,litigation,purge,immigration,heretostay,ban,travel,trump,executive_order,order,revise,judge,federal_judge,trumps,president,hawaii,block,executive","travelban,refugee,immigration,refugeeswelcome,immigrant,muslimban,nobannowallnoraid,great,resisttrump,mondaymotivation,nobannowall,woman,resist,fight_terrorism,action_extremist,create_terrorist,travelban_blame,extremist,create,action,terrorism,terrorist,refugee_entire,religion,entire_religion,fight,entire,remind_ronald,reagan_bring,communist_cold,blame_refugee,travelban_blame_refugee_entire","{'Immigration Policy and Legal Challenges': 'nobannowall, muslimban, nomuslimban, immigrants, muslim, litigation, immigration, heretostay, ban, travel, trump, executive_order, order, revise, judge, federal_judge, trumps, president, hawaii, block, executive, travelban, refugee, refugeeswelcome, immigrant, nobannowallnoraid, resisttrump, resist, mondaymotivation, woman, great', 'Counterterrorism and Security Concerns': 'fight_terrorism, action_extremist, create_terrorist, travelban_blame, extremist, create, action, terrorism, terrorist', 'Religious and Political Tensions': 'refugee_entire, religion, entire_religion, fight, entire, remind_ronald, reagan_bring, communist_cold, blame_refugee, travelban_blame_refugee_entire'}",Immigration Policy and Legal Challenges.Counterterrorism and Security Concerns.Religious and Political Tensions,"{'Theme: Immigration and Legal Challenges': 'nobannowall, muslimban, nomuslimban, immigrants, muslim, litigation, immigration, heretostay, ban, travel, trump, executive_order, order, revise, judge, federal_judge, trumps, president, hawaii, block, executive'}",Theme: Immigration and Legal Challenges,"{'Immigration and Refugee Policies': 'travelban, refugee, immigration, refugeeswelcome, immigrant, muslimban, nobannowallnoraid, nobannowall', 'Political Resistance': 'resisttrump, resist, mondaymotivation, great, woman', 'Terrorism and Extremism': 'fight_terrorism, action_extremist, create_terrorist, extremist, create, action, terrorism, terrorist', 'Travel Ban Criticism': 'travelban_blame, blame_refugee, travelban_blame_refugee_entire', 'Religious and Political Context': 'religion, entire_religion, entire, remind_ronald, reagan_bring, communist_cold'}",Immigration and Refugee Policies.Political Resistance.Terrorism and Extremism.Travel Ban Criticism.Religious and Political Context
37,9,"['trumptrain', 'true']",32,3,"['muslimban', 'nobannowall', 'live', 'true']",7,"['muslimban', 'trump', 'radio_live', 'resist', 'stock_money', 'theresistance', 'trumprussia']",6,"['radio_live', 'stock_money', 'blackoutday']","[35300390, 130603246, 171808199, 379463455, 385111201, 500277566, 537890847, 574887275, 1010209111, 3744898573, 4538687428, 711649894402928600, 714472739407532032, 715245592058978305, 715650656753688576, 716775488161710080, 724671839990067200, 728706495387422721, 732241200426557440, 733318875735973888, 738425324422107136, 740774691409924097, 748985476984369153, 750434863845478400, 752256988176871425, 759054028147859457, 766544893036507138, 776542522642268160, 788124385433546752, 789535816821379072, 793086509821734913, 794786565583212544, 819707795574497280, 823654220389826561, 838183916695609344]","trumptrain,true,muslimban,trump,radio_live,resist,stock_money,theresistance,trumprussia,nobannowall,live,blackoutday","trumptrain,true,muslimban,trump,radio_live,resist,stock_money,theresistance,trumprussia","muslimban,nobannowall,live,true,radio_live,stock_money,blackoutday","{'Political Resistance and Activism': ['resist', 'theresistance', 'nobannowall', 'blackoutday'], 'Trump Administration and Policies': ['trumptrain', 'trump', 'muslimban', 'trumprussia'], 'Media and Broadcasting': ['radio_live', 'live'], 'Finance and Economy': ['stock_money'], 'Truth and Authenticity': ['true']}",Political Resistance and Activism.Trump Administration and Policies.Media and Broadcasting.Finance and Economy.Truth and Authenticity,"{'Political Movements and Resistance': ['resist', 'theresistance'], 'Donald Trump and Related Policies': ['trumptrain', 'trump', 'muslimban', 'trumprussia'], 'Media and Communication': ['radio_live'], 'Finance and Economy': ['stock_money']}",Political Movements and Resistance.Donald Trump and Related Policies.Media and Communication.Finance and Economy,"{'Political and Social Activism': 'muslimban, nobannowall, blackoutday', 'Media and Broadcasting': 'live, true, radio_live', 'Finance and Economy': 'stock_money'}",Political and Social Activism.Media and Broadcasting.Finance and Economy
38,8,"['ban', 'travel', 'trump', 'order', 'judge', 'revise', 'hawaii', 'trumps', 'block', 'president', 'immigration']",90,1,"['ban', 'travel', 'trump', 'order', 'judge', 'revise', 'hawaii', 'president', 'trumps', 'block']",4,"['ban', 'travel', 'trump', 'executive_order', 'order', 'revise', 'judge', 'federal_judge', 'trumps', 'president', 'hawaii', 'block', 'executive']",12,"['ban', 'travel', 'trump', 'executive_order', 'order', 'judge', 'revise', 'federal_judge', 'hawaii', 'president', 'trumps', 'muslim', 'block', 'immigration']","[16302354, 18532867, 540459476, 960768704, 2283571788]","ban,travel,trump,order,judge,revise,hawaii,trumps,block,president,immigration,executive_order,federal_judge,executive,muslim","ban,travel,trump,order,judge,revise,hawaii,trumps,block,president,immigration,executive_order,federal_judge,executive","ban,travel,trump,order,judge,revise,hawaii,president,trumps,block,executive_order,federal_judge,muslim,immigration","{'Travel Ban Controversy': 'ban, travel, trump, order, judge, revise, hawaii, trumps, block, president, immigration, executive_order, federal_judge, executive, muslim'}",Travel Ban Controversy,"{'Travel Ban and Legal Challenges': 'ban, travel, trump, order, judge, revise, hawaii, trumps, block, president, immigration, executive_order, federal_judge, executive'}",Travel Ban and Legal Challenges,"{'US Immigration Policy': 'ban, travel, trump, order, judge, revise, hawaii, president, trumps, block, executive_order, federal_judge, muslim, immigration'}",US Immigration Policy
40,6,"['ban', 'muslim', 'muslimban', 'trump', 'court', 'aclu']",34,1,"['ban', 'travel', 'trump', 'order', 'judge', 'revise', 'hawaii', 'president', 'trumps', 'block']",5,"['muslim', 'ban', 'muslimban', 'aclu_comment']",0,"['travelban', 'refugeeswelcome', 'maga', 'trump', 'ban', 'refugee', 'noban', 'tcot', 'muslimban', 'islam', 'stopislamofobia', 'judge', 'muslim', 'humanright_fight']","[90989948, 2613982245, 752325773390938100, 752325773390938112, 832991683876892672, 832991683876892700]","ban,muslim,muslimban,trump,court,aclu,aclu_comment,travel,order,judge,revise,hawaii,president,trumps,block,travelban,refugeeswelcome,maga,refugee,noban,tcot,islam,stopislamofobia,humanright_fight","ban,muslim,muslimban,trump,court,aclu,aclu_comment","ban,travel,trump,order,judge,revise,hawaii,president,trumps,block,travelban,refugeeswelcome,maga,refugee,noban,tcot,muslimban,islam,stopislamofobia,muslim,humanright_fight","{'Travel Ban Controversy': 'ban, muslim, muslimban, trump, court, aclu, aclu_comment, travel, order, judge, revise, hawaii, president, trumps, block, travelban, refugeeswelcome, maga, refugee, noban, tcot, islam, stopislamofobia, humanright_fight'}",Travel Ban Controversy,"{'Travel Ban Controversy': 'ban, muslim, muslimban, trump, court, aclu, aclu_comment'}",Travel Ban Controversy,"{'US Travel Ban Controversy': 'ban, travel, trump, order, judge, revise, hawaii, president, trumps, block, travelban, refugeeswelcome, maga, refugee, noban, tcot, muslimban, islam, stopislamofobia, muslim, humanright_fight'}",US Travel Ban Controversy
41,8,"['ban', 'travel', 'trump', 'order', 'judge', 'revise', 'hawaii', 'trumps', 'block', 'president', 'immigration']",35,1,"['ban', 'travel', 'trump', 'order', 'judge', 'revise', 'hawaii', 'president', 'trumps', 'block']",4,"['ban', 'travel', 'trump', 'executive_order', 'order', 'revise', 'judge', 'federal_judge', 'trumps', 'president', 'hawaii', 'block', 'executive']",12,"['ban', 'travel', 'trump', 'executive_order', 'order', 'judge', 'revise', 'federal_judge', 'hawaii', 'president', 'trumps', 'muslim', 'block', 'immigration']","[2197106143, 2347049341, 2918947319, 4099926287]","ban,travel,trump,order,judge,revise,hawaii,trumps,block,president,immigration,executive_order,federal_judge,executive,muslim","ban,travel,trump,order,judge,revise,hawaii,trumps,block,president,immigration,executive_order,federal_judge,executive","ban,travel,trump,order,judge,revise,hawaii,president,trumps,block,executive_order,federal_judge,muslim,immigration","{'Travel Ban Controversy': 'ban, travel, trump, order, judge, revise, hawaii, trumps, block, president, immigration, executive_order, federal_judge, executive, muslim'}",Travel Ban Controversy,"{'Travel Ban and Legal Challenges': 'ban, travel, trump, order, judge, revise, hawaii, trumps, block, president, immigration, executive_order, federal_judge, executive'}",Travel Ban and Legal Challenges,"{'US Immigration Policy': 'ban, travel, trump, order, judge, revise, hawaii, president, trumps, block, executive_order, federal_judge, muslim, immigration'}",US Immigration Policy
42,4,"['ban', 'trump', 'muslimban', 'travel', 'muslim', 'trumps', 'country', 'lose', 'total', 'judge']",36,3,"['muslimban', 'nobannowall', 'live', 'true']",9,"['ban', 'travel', 'trump', 'muslim']",12,"['ban', 'travel', 'trump', 'executive_order', 'order', 'judge', 'revise', 'federal_judge', 'hawaii', 'president', 'trumps', 'muslim', 'block', 'immigration']","[814322577497726976, 814322577497727000, 826201524074278913]","ban,trump,muslimban,travel,muslim,trumps,country,lose,total,judge,nobannowall,live,true,executive_order,order,revise,federal_judge,hawaii,president,block,immigration","ban,trump,muslimban,travel,muslim,trumps,country,lose,total,judge","muslimban,nobannowall,live,true,ban,travel,trump,executive_order,order,judge,revise,federal_judge,hawaii,president,trumps,muslim,block,immigration","{'Travel Ban Controversy': 'ban, trump, muslimban, travel, muslim, trumps, country, executive_order, order, revise, federal_judge, hawaii, president, block, immigration, judge, nobannowall'}",Travel Ban Controversy,"{'US Travel Ban Controversy': 'ban, trump, muslimban, travel, muslim, trumps, country, judge'}",US Travel Ban Controversy,"{'US Immigration Policy Controversy': 'muslimban, nobannowall, ban, travel, trump, executive_order, order, judge, revise, federal_judge, hawaii, president, trumps, muslim, block, immigration'}",US Immigration Policy Controversy
43,8,"['ban', 'travel', 'trump', 'order', 'judge', 'revise', 'hawaii', 'trumps', 'block', 'president', 'immigration']",37,1,"['ban', 'travel', 'trump', 'order', 'judge', 'revise', 'hawaii', 'president', 'trumps', 'block']",4,"['ban', 'travel', 'trump', 'executive_order', 'order', 'revise', 'judge', 'federal_judge', 'trumps', 'president', 'hawaii', 'block', 'executive']",12,"['ban', 'travel', 'trump', 'executive_order', 'order', 'judge', 'revise', 'federal_judge', 'hawaii', 'president', 'trumps', 'muslim', 'block', 'immigration']","[8535242, 22657082, 89985399, 420053339, 905100619, 2163076560, 2720800274, 4182801496, 822408697213239296, 825830874180640769]","ban,travel,trump,order,judge,revise,hawaii,trumps,block,president,immigration,executive_order,federal_judge,executive,muslim","ban,travel,trump,order,judge,revise,hawaii,trumps,block,president,immigration,executive_order,federal_judge,executive","ban,travel,trump,order,judge,revise,hawaii,president,trumps,block,executive_order,federal_judge,muslim,immigration","{'US Travel Ban Controversy': 'ban, travel, trump, order, judge, revise, hawaii, trumps, block, president, immigration, executive_order, federal_judge, executive, muslim'}",US Travel Ban Controversy,"{'Travel Ban and Legal Challenges': 'ban, travel, trump, order, judge, revise, hawaii, trumps, block, president, immigration, executive_order, federal_judge, executive'}",Travel Ban and Legal Challenges,"{'US Immigration Policy': 'ban, travel, trump, order, judge, revise, hawaii, president, trumps, block, executive_order, federal_judge, muslim, immigration'}",US Immigration Policy
45,7,"['refugeeswelcome', 'refugee', 'immigration', 'stopislamofobia', 'travelban', 'migrantenkriminalitat', 'immigrant', 'fightfear', 'prouracisme']",39,6,"['refugeeswelcome', 'stopislamofobia', 'migrantenkriminalitat', 'prouracisme', 'feixismemaime', 'lluita', 'contra', 'internacional', 'racisme', 'jornada']",11,"['refugeeswelcome', 'travelban', 'maga', 'muslimban', 'tcot', 'pvv', 'islam', 'stopislamofobia', 'bordersclose']",14,"['migrantenkriminalitat', 'stoprefugee_stopislam', 'afd', 'refugeeswelcome_fdp', 'und', 'migrantenkriminalitat_genugfueralle', 'stoprefugee', 'spd_migrantenkriminalitat', 'schauhin', 'spd', 'fluchtlingskriminalitat']","[2746361571, 2883994199, 4888083347, 805855366546329601]","refugeeswelcome,refugee,immigration,stopislamofobia,travelban,migrantenkriminalitat,immigrant,fightfear,prouracisme,maga,muslimban,tcot,pvv,islam,bordersclose,feixismemaime,lluita,contra,internacional,racisme,jornada,stoprefugee_stopislam,afd,refugeeswelcome_fdp,und,migrantenkriminalitat_genugfueralle,stoprefugee,spd_migrantenkriminalitat,schauhin,spd,fluchtlingskriminalitat","refugeeswelcome,refugee,immigration,stopislamofobia,travelban,migrantenkriminalitat,immigrant,fightfear,prouracisme,maga,muslimban,tcot,pvv,islam,bordersclose","refugeeswelcome,stopislamofobia,migrantenkriminalitat,prouracisme,feixismemaime,lluita,contra,internacional,racisme,jornada,stoprefugee_stopislam,afd,refugeeswelcome_fdp,und,migrantenkriminalitat_genugfueralle,stoprefugee,spd_migrantenkriminalitat,schauhin,spd,fluchtlingskriminalitat","{'Immigration and Refugee Issues': 'refugeeswelcome, refugee, immigration, immigrant, stoprefugee, stoprefugee_stopislam, refugeeswelcome_fdp, fluchtlingskriminalitat, migrantenkriminalitat, migrantenkriminalitat_genugfueralle, spd_migrantenkriminalitat', 'Anti-Islamophobia and Racism': 'stopislamofobia, fightfear, prouracisme, stoprefugee_stopislam, schauhin, lluita, contra, internacional, racisme, jornada, feixismemaime', 'Travel and Border Policies': 'travelban, muslimban, bordersclose', 'Political Movements and Parties': 'maga, tcot, pvv, afd, spd, und'}",Immigration and Refugee Issues.Anti-Islamophobia and Racism.Travel and Border Policies.Political Movements and Parties,"{'Immigration and Refugee Issues': 'refugeeswelcome, refugee, immigration, immigrant', 'Anti-Islam Sentiment and Policies': 'stopislamofobia, travelban, muslimban, islam, bordersclose', 'Political and Social Movements': 'fightfear, prouracisme, maga, tcot, pvv', 'Crime and Migration': 'migrantenkriminalitat'}",Immigration and Refugee Issues.Anti-Islam Sentiment and Policies.Political and Social Movements.Crime and Migration,"{'Anti-Racism and Refugee Support': 'refugeeswelcome, stopislamofobia, prouracisme, feixismemaime, lluita, contra, internacional, racisme, jornada, stoprefugee_stopislam, schauhin', 'Political Parties and Immigration': 'afd, refugeeswelcome_fdp, und, migrantenkriminalitat_genugfueralle, stoprefugee, spd_migrantenkriminalitat, spd, fluchtlingskriminalitat'}",Anti-Racism and Refugee Support.Political Parties and Immigration
46,8,"['ban', 'travel', 'trump', 'order', 'judge', 'revise', 'hawaii', 'trumps', 'block', 'president', 'immigration']",40,1,"['ban', 'travel', 'trump', 'order', 'judge', 'revise', 'hawaii', 'president', 'trumps', 'block']",4,"['ban', 'travel', 'trump', 'executive_order', 'order', 'revise', 'judge', 'federal_judge', 'trumps', 'president', 'hawaii', 'block', 'executive']",12,"['ban', 'travel', 'trump', 'executive_order', 'order', 'judge', 'revise', 'federal_judge', 'hawaii', 'president', 'trumps', 'muslim', 'block', 'immigration']","[171632862, 299097281, 797097069781667840]","ban,travel,trump,order,judge,revise,hawaii,trumps,block,president,immigration,executive_order,federal_judge,executive,muslim","ban,travel,trump,order,judge,revise,hawaii,trumps,block,president,immigration,executive_order,federal_judge,executive","ban,travel,trump,order,judge,revise,hawaii,president,trumps,block,executive_order,federal_judge,muslim,immigration","{'Travel Ban Controversy': 'ban, travel, trump, order, judge, revise, hawaii, trumps, block, president, immigration, executive_order, federal_judge, executive, muslim'}",Travel Ban Controversy,"{'Travel Ban and Legal Challenges': 'ban, travel, trump, order, judge, revise, hawaii, trumps, block, president, immigration, executive_order, federal_judge, executive'}",Travel Ban and Legal Challenges,"{'US Immigration Policy': 'ban, travel, trump, order, judge, revise, hawaii, president, trumps, block, executive_order, federal_judge, muslim, immigration'}",US Immigration Policy
47,8,"['ban', 'travel', 'trump', 'order', 'judge', 'revise', 'hawaii', 'trumps', 'block', 'president', 'immigration']",41,1,"['ban', 'travel', 'trump', 'order', 'judge', 'revise', 'hawaii', 'president', 'trumps', 'block']",4,"['ban', 'travel', 'trump', 'executive_order', 'order', 'revise', 'judge', 'federal_judge', 'trumps', 'president', 'hawaii', 'block', 'executive']",12,"['ban', 'travel', 'trump', 'executive_order', 'order', 'judge', 'revise', 'federal_judge', 'hawaii', 'president', 'trumps', 'muslim', 'block', 'immigration']","[16012783, 118245138, 3380966237]","ban,travel,trump,order,judge,revise,hawaii,trumps,block,president,immigration,executive_order,federal_judge,executive,muslim","ban,travel,trump,order,judge,revise,hawaii,trumps,block,president,immigration,executive_order,federal_judge,executive","ban,travel,trump,order,judge,revise,hawaii,president,trumps,block,executive_order,federal_judge,muslim,immigration","{'US Immigration Policy and Legal Challenges': 'ban, travel, trump, order, judge, revise, hawaii, trumps, block, president, immigration, executive_order, federal_judge, executive, muslim'}",US Immigration Policy and Legal Challenges,"{'Travel Ban and Legal Challenges': 'ban, travel, trump, order, judge, revise, hawaii, trumps, block, president, immigration, executive_order, federal_judge, executive'}",Travel Ban and Legal Challenges,"{'US Immigration Policy': 'ban, travel, trump, order, judge, revise, hawaii, president, trumps, block, executive_order, federal_judge, muslim, immigration'}",US Immigration Policy
48,8,"['ban', 'travel', 'trump', 'order', 'judge', 'revise', 'hawaii', 'trumps', 'block', 'president', 'immigration']",15,0,"['nobannowall', 'theresistance', 'muslimban', 'trump', 'sign', 'pausethispresident', 'refugeeban', 'syria', 'refugee', 'petition', 'unjust', 'sad', 'ass', 'aca']",1,"['immigration', 'travelban', 'refugee', 'tntweeter_uslatino', 'immigration_inmigracion', 'nobannowall', 'nobannowallnoraid_noban', 'sign_petition', 'immigrant']",9,"['muslimban', 'nobannowall', 'immigration', 'tntweeter_uslatino']","[25073877, 89084118, 142893643, 188143601, 221807143, 298602588, 405854923, 488174979, 497514115, 634560527, 1260106039, 1896346400, 2227526898, 2267784241, 2787999736, 2936474595, 3274668836, 789232802558533632, 822215679726100480, 827579095731040256, 828324269335654401, 830019678810599424]","ban,travel,trump,order,judge,revise,hawaii,trumps,block,president,immigration,travelban,refugee,tntweeter_uslatino,immigration_inmigracion,nobannowall,nobannowallnoraid_noban,sign_petition,immigrant,theresistance,muslimban,sign,pausethispresident,refugeeban,syria,petition,unjust,sad,ass,aca","ban,travel,trump,order,judge,revise,hawaii,trumps,block,president,immigration,travelban,refugee,tntweeter_uslatino,immigration_inmigracion,nobannowall,nobannowallnoraid_noban,sign_petition,immigrant","nobannowall,theresistance,muslimban,trump,sign,pausethispresident,refugeeban,syria,refugee,petition,unjust,sad,ass,aca,immigration,tntweeter_uslatino","{'US Immigration Policy and Travel Ban': ['ban', 'travel', 'trump', 'order', 'judge', 'revise', 'hawaii', 'trumps', 'block', 'president', 'immigration', 'travelban', 'refugee', 'immigration_inmigracion', 'immigrant', 'muslimban', 'refugeeban', 'syria'], 'Public Opposition and Activism': ['tntweeter_uslatino', 'nobannowall', 'nobannowallnoraid_noban', 'sign_petition', 'theresistance', 'sign', 'pausethispresident', 'petition', 'unjust', 'sad', 'ass', 'aca']}",US Immigration Policy and Travel Ban.Public Opposition and Activism,"{'US Immigration Policy': 'ban, travel, trump, order, judge, revise, hawaii, trumps, block, president, immigration, travelban, refugee, tntweeter_uslatino, immigration_inmigracion, nobannowall, nobannowallnoraid_noban, sign_petition, immigrant'}",US Immigration Policy,"{'Political Resistance to Immigration Policies': 'nobannowall, theresistance, muslimban, trump, pausethispresident, refugee, petition, unjust, sad, immigration', ""Criticism of Trump's Presidency"": 'trump, sign, pausethispresident, unjust, sad, ass', 'Refugee and Immigration Issues': 'muslimban, refugee, refugeeban, syria, immigration', 'Healthcare and Policy Critique': 'aca', 'Latino Community and Social Media': 'tntweeter_uslatino'}",Political Resistance to Immigration Policies.Criticism of Trump's Presidency.Refugee and Immigration Issues.Healthcare and Policy Critique.Latino Community and Social Media
49,8,"['ban', 'travel', 'trump', 'order', 'judge', 'revise', 'hawaii', 'trumps', 'block', 'president', 'immigration']",43,1,"['ban', 'travel', 'trump', 'order', 'judge', 'revise', 'hawaii', 'president', 'trumps', 'block']",4,"['ban', 'travel', 'trump', 'executive_order', 'order', 'revise', 'judge', 'federal_judge', 'trumps', 'president', 'hawaii', 'block', 'executive']",12,"['ban', 'travel', 'trump', 'executive_order', 'order', 'judge', 'revise', 'federal_judge', 'hawaii', 'president', 'trumps', 'muslim', 'block', 'immigration']","[24377419, 234141596, 423587395, 2483809903]","ban,travel,trump,order,judge,revise,hawaii,trumps,block,president,immigration,executive_order,federal_judge,executive,muslim","ban,travel,trump,order,judge,revise,hawaii,trumps,block,president,immigration,executive_order,federal_judge,executive","ban,travel,trump,order,judge,revise,hawaii,president,trumps,block,executive_order,federal_judge,muslim,immigration","{'US Travel Ban Controversy': 'ban, travel, trump, order, judge, revise, hawaii, trumps, block, president, immigration, executive_order, federal_judge, executive, muslim'}",US Travel Ban Controversy,"{'Travel Ban and Legal Challenges': 'ban, travel, trump, order, judge, revise, hawaii, trumps, block, president, immigration, executive_order, federal_judge, executive'}",Travel Ban and Legal Challenges,"{'US Immigration Policy': 'ban, travel, trump, order, judge, revise, hawaii, president, trumps, block, executive_order, federal_judge, muslim, immigration'}",US Immigration Policy
50,8,"['ban', 'travel', 'trump', 'order', 'judge', 'revise', 'hawaii', 'trumps', 'block', 'president', 'immigration']",44,1,"['ban', 'travel', 'trump', 'order', 'judge', 'revise', 'hawaii', 'president', 'trumps', 'block']",4,"['ban', 'travel', 'trump', 'executive_order', 'order', 'revise', 'judge', 'federal_judge', 'trumps', 'president', 'hawaii', 'block', 'executive']",12,"['ban', 'travel', 'trump', 'executive_order', 'order', 'judge', 'revise', 'federal_judge', 'hawaii', 'president', 'trumps', 'muslim', 'block', 'immigration']","[863001163, 870872898, 870876488, 870881976, 870882342, 870886394, 870886453, 870892134, 870903090, 870906686, 870907736, 896433678, 915468734, 915722492, 915807342, 915812143, 916004004, 916051280, 916342638, 916490078, 929528022, 951795330, 951798776, 953096516, 1092968340, 1094795100, 784263169996836900]","ban,travel,trump,order,judge,revise,hawaii,trumps,block,president,immigration,executive_order,federal_judge,executive,muslim","ban,travel,trump,order,judge,revise,hawaii,trumps,block,president,immigration,executive_order,federal_judge,executive","ban,travel,trump,order,judge,revise,hawaii,president,trumps,block,executive_order,federal_judge,muslim,immigration","{'US Immigration Policy and Legal Challenges': 'ban, travel, trump, order, judge, revise, hawaii, trumps, block, president, immigration, executive_order, federal_judge, executive, muslim'}",US Immigration Policy and Legal Challenges,"{'Travel Ban and Legal Challenges': 'ban, travel, trump, order, judge, revise, hawaii, trumps, block, president, immigration, executive_order, federal_judge, executive'}",Travel Ban and Legal Challenges,"{'US Immigration Policy': 'ban, travel, trump, order, judge, revise, hawaii, president, trumps, block, executive_order, federal_judge, muslim, immigration'}",US Immigration Policy
51,13,"['muslimban', 'freedom']",45,2,"['muslimban', 'muslim', 'country', 'ban', 'trump', 'muslims', 'islam', 'terrorist', 'america', 'travel']",12,"['muslimban', 'main_reason', 'visit', 'islam', 'total', 'ben_carson', 'trump', 'attack', 'rte', 'iranian', 'people', 'child', 'nation']",9,"['muslimban', 'nobannowall', 'immigration', 'tntweeter_uslatino']","[80350908, 120995738, 962383824, 2155847459, 3082370998, 809457976817881088]","muslimban,freedom,main_reason,visit,islam,total,ben_carson,trump,attack,rte,iranian,people,child,nation,muslim,country,ban,muslims,terrorist,america,travel,nobannowall,immigration,tntweeter_uslatino","muslimban,freedom,main_reason,visit,islam,total,ben_carson,trump,attack,rte,iranian,people,child,nation","muslimban,muslim,country,ban,trump,muslims,islam,terrorist,america,travel,nobannowall,immigration,tntweeter_uslatino","{'US Immigration Policy': 'muslimban, freedom, main_reason, visit, islam, total, ben_carson, trump, attack, rte, iranian, people, child, nation, muslim, country, ban, muslims, terrorist, america, travel, nobannowall, immigration, tntweeter_uslatino'}",US Immigration Policy,"{'US Immigration Policy': ['muslimban', 'trump', 'iranian'], 'Political Figures and Actions': ['ben_carson', 'trump'], 'Freedom and Rights': ['freedom', 'main_reason', 'people'], 'International Relations': ['visit', 'nation', 'iranian'], 'Media and Communication': ['rte'], 'Security and Conflict': ['attack', 'child']}",US Immigration Policy.Political Figures and Actions.Freedom and Rights.International Relations.Media and Communication.Security and Conflict,"{'US Immigration Policy and Muslim Ban': 'muslimban, muslim, country, ban, trump, muslims, islam, america, travel, nobannowall, immigration', 'Perception of Muslims and Islam in America': 'muslim, muslims, islam, terrorist, america', 'Political and Social Activism': 'nobannowall, tntweeter_uslatino'}",US Immigration Policy and Muslim Ban.Perception of Muslims and Islam in America.Political and Social Activism
52,4,"['ban', 'trump', 'muslimban', 'travel', 'muslim', 'trumps', 'country', 'lose', 'total', 'judge']",47,3,"['muslimban', 'nobannowall', 'live', 'true']",9,"['ban', 'travel', 'trump', 'muslim']",9,"['muslimban', 'nobannowall', 'immigration', 'tntweeter_uslatino']","[18020589, 21906070, 341815160, 2194368678]","ban,trump,muslimban,travel,muslim,trumps,country,lose,total,judge,nobannowall,live,true,immigration,tntweeter_uslatino","ban,trump,muslimban,travel,muslim,trumps,country,lose,total,judge","muslimban,nobannowall,live,true,immigration,tntweeter_uslatino","{'US Travel Ban Controversy': 'ban, trump, muslimban, travel, muslim, trumps, country, judge, nobannowall, immigration'}",US Travel Ban Controversy,"{'US Travel Ban Controversy': 'ban, trump, muslimban, travel, muslim, trumps, country, judge'}",US Travel Ban Controversy,"{'Immigration and Travel Ban': 'muslimban, nobannowall, immigration', 'Social Media and Activism': 'live, tntweeter_uslatino', 'Truth and Authenticity': 'true'}",Immigration and Travel Ban.Social Media and Activism.Truth and Authenticity
54,8,"['ban', 'travel', 'trump', 'order', 'judge', 'revise', 'hawaii', 'trumps', 'block', 'president', 'immigration']",51,1,"['ban', 'travel', 'trump', 'order', 'judge', 'revise', 'hawaii', 'president', 'trumps', 'block']",4,"['ban', 'travel', 'trump', 'executive_order', 'order', 'revise', 'judge', 'federal_judge', 'trumps', 'president', 'hawaii', 'block', 'executive']",12,"['ban', 'travel', 'trump', 'executive_order', 'order', 'judge', 'revise', 'federal_judge', 'hawaii', 'president', 'trumps', 'muslim', 'block', 'immigration']","[16387036, 31127446, 2181188602, 4922951833]","ban,travel,trump,order,judge,revise,hawaii,trumps,block,president,immigration,executive_order,federal_judge,executive,muslim","ban,travel,trump,order,judge,revise,hawaii,trumps,block,president,immigration,executive_order,federal_judge,executive","ban,travel,trump,order,judge,revise,hawaii,president,trumps,block,executive_order,federal_judge,muslim,immigration","{'US Immigration Policy and Legal Challenges': 'ban, travel, trump, order, judge, revise, hawaii, trumps, block, president, immigration, executive_order, federal_judge, executive, muslim'}",US Immigration Policy and Legal Challenges,"{'Travel Ban and Legal Challenges': 'ban, travel, trump, order, judge, revise, hawaii, trumps, block, president, immigration, executive_order, federal_judge, executive'}",Travel Ban and Legal Challenges,"{'US Immigration Policy': 'ban, travel, trump, order, judge, revise, hawaii, president, trumps, block, executive_order, federal_judge, muslim, immigration'}",US Immigration Policy
55,8,"['ban', 'travel', 'trump', 'order', 'judge', 'revise', 'hawaii', 'trumps', 'block', 'president', 'immigration']",54,1,"['ban', 'travel', 'trump', 'order', 'judge', 'revise', 'hawaii', 'president', 'trumps', 'block']",4,"['ban', 'travel', 'trump', 'executive_order', 'order', 'revise', 'judge', 'federal_judge', 'trumps', 'president', 'hawaii', 'block', 'executive']",12,"['ban', 'travel', 'trump', 'executive_order', 'order', 'judge', 'revise', 'federal_judge', 'hawaii', 'president', 'trumps', 'muslim', 'block', 'immigration']","[14671170, 306269725, 610200550]","ban,travel,trump,order,judge,revise,hawaii,trumps,block,president,immigration,executive_order,federal_judge,executive,muslim","ban,travel,trump,order,judge,revise,hawaii,trumps,block,president,immigration,executive_order,federal_judge,executive","ban,travel,trump,order,judge,revise,hawaii,president,trumps,block,executive_order,federal_judge,muslim,immigration","{'Travel Ban Controversy': 'ban, travel, trump, order, judge, revise, hawaii, trumps, block, president, immigration, executive_order, federal_judge, executive, muslim'}",Travel Ban Controversy,"{'Travel Ban and Legal Challenges': 'ban, travel, trump, order, judge, revise, hawaii, trumps, block, president, immigration, executive_order, federal_judge, executive'}",Travel Ban and Legal Challenges,"{'US Immigration Policy': 'ban, travel, trump, order, judge, revise, hawaii, president, trumps, block, executive_order, federal_judge, muslim, immigration'}",US Immigration Policy
56,3,"['muslimban', 'muslim', 'ban', 'travelban', 'maga', 'trump', 'country', 'travel', 'judge', 'offend', 'leave', 'obama', 'america']",56,2,"['muslimban', 'muslim', 'country', 'ban', 'trump', 'muslims', 'islam', 'terrorist', 'america', 'travel']",11,"['refugeeswelcome', 'travelban', 'maga', 'muslimban', 'tcot', 'pvv', 'islam', 'stopislamofobia', 'bordersclose']",2,"['law', 'sharia_law', 'radical_islam', 'immigration', 'tcot', 'vote_pen', 'save_france', 'constitution', 'islamic', 'sharia', 'law_legislate', 'islamic_immigration', 'tolerance_tcot', 'common_sense', 'watter_investigate', 'surveil_mosque']","[475056290, 1453418317, 758497054419259393]","muslimban,muslim,ban,travelban,maga,trump,country,travel,judge,offend,leave,obama,america,refugeeswelcome,tcot,pvv,islam,stopislamofobia,bordersclose,muslims,terrorist,law,sharia_law,radical_islam,immigration,vote_pen,save_france,constitution,islamic,sharia,law_legislate,islamic_immigration,tolerance_tcot,common_sense,watter_investigate,surveil_mosque","muslimban,muslim,ban,travelban,maga,trump,country,travel,judge,offend,leave,obama,america,refugeeswelcome,tcot,pvv,islam,stopislamofobia,bordersclose","muslimban,muslim,country,ban,trump,muslims,islam,terrorist,america,travel,law,sharia_law,radical_islam,immigration,tcot,vote_pen,save_france,constitution,islamic,sharia,law_legislate,islamic_immigration,tolerance_tcot,common_sense,watter_investigate,surveil_mosque","{'US Travel Ban and Immigration Policies': 'muslimban, travelban, maga, trump, country, travel, judge, offend, leave, obama, america, refugeeswelcome, tcot, bordersclose, immigration, constitution, law_legislate, common_sense', 'Islam and Security Concerns': 'muslim, ban, muslims, islam, stopislamofobia, terrorist, law, sharia_law, radical_islam, islamic, sharia, islamic_immigration, surveil_mosque', 'European Political Movements and Islam': 'vote_pen, save_france, pvv, tolerance_tcot, watter_investigate'}",US Travel Ban and Immigration Policies.Islam and Security Concerns.European Political Movements and Islam,"{'US Immigration Policy and Islamophobia': 'muslimban, muslim, ban, travelban, maga, trump, country, travel, judge, offend, leave, obama, america, refugeeswelcome, tcot, pvv, islam, stopislamofobia, bordersclose'}",US Immigration Policy and Islamophobia,"{'US Travel Ban on Muslim-majority Countries': 'muslimban, muslim, country, ban, trump, muslims, islam, america, travel, immigration, islamic_immigration', 'Islam and Security Concerns': 'terrorist, radical_islam, sharia_law, islamic, sharia, surveil_mosque', 'Political and Legal Reactions': 'law, law_legislate, constitution, tcot, vote_pen, save_france, tolerance_tcot, common_sense, watter_investigate'}",US Travel Ban on Muslim-majority Countries.Islam and Security Concerns.Political and Legal Reactions
57,6,"['ban', 'muslim', 'muslimban', 'trump', 'court', 'aclu']",58,1,"['ban', 'travel', 'trump', 'order', 'judge', 'revise', 'hawaii', 'president', 'trumps', 'block']",4,"['ban', 'travel', 'trump', 'executive_order', 'order', 'revise', 'judge', 'federal_judge', 'trumps', 'president', 'hawaii', 'block', 'executive']",12,"['ban', 'travel', 'trump', 'executive_order', 'order', 'judge', 'revise', 'federal_judge', 'hawaii', 'president', 'trumps', 'muslim', 'block', 'immigration']","[19217369, 19222164, 35150454, 1150914516]","ban,muslim,muslimban,trump,court,aclu,travel,executive_order,order,revise,judge,federal_judge,trumps,president,hawaii,block,executive,immigration","ban,muslim,muslimban,trump,court,aclu,travel,executive_order,order,revise,judge,federal_judge,trumps,president,hawaii,block,executive","ban,travel,trump,order,judge,revise,hawaii,president,trumps,block,executive_order,federal_judge,muslim,immigration","{'US Travel Ban Controversy': 'ban, muslim, muslimban, trump, court, aclu, travel, executive_order, order, revise, judge, federal_judge, trumps, president, hawaii, block, executive, immigration'}",US Travel Ban Controversy,"{'Travel Ban Controversy': 'ban, muslim, muslimban, trump, court, aclu, travel, executive_order, order, revise, judge, federal_judge, trumps, president, hawaii, block, executive'}",Travel Ban Controversy,"{'US Immigration Policy': 'ban, travel, trump, order, judge, revise, hawaii, president, trumps, block, executive_order, federal_judge, muslim, immigration'}",US Immigration Policy
58,8,"['ban', 'travel', 'trump', 'order', 'judge', 'revise', 'hawaii', 'trumps', 'block', 'president', 'immigration']",59,1,"['ban', 'travel', 'trump', 'order', 'judge', 'revise', 'hawaii', 'president', 'trumps', 'block']",4,"['ban', 'travel', 'trump', 'executive_order', 'order', 'revise', 'judge', 'federal_judge', 'trumps', 'president', 'hawaii', 'block', 'executive']",12,"['ban', 'travel', 'trump', 'executive_order', 'order', 'judge', 'revise', 'federal_judge', 'hawaii', 'president', 'trumps', 'muslim', 'block', 'immigration']","[3518486666, 3949851501, 734168909553766405]","ban,travel,trump,order,judge,revise,hawaii,trumps,block,president,immigration,executive_order,federal_judge,executive,muslim","ban,travel,trump,order,judge,revise,hawaii,trumps,block,president,immigration,executive_order,federal_judge,executive","ban,travel,trump,order,judge,revise,hawaii,president,trumps,block,executive_order,federal_judge,muslim,immigration","{'US Immigration Policy Controversy': 'ban, travel, trump, order, judge, revise, hawaii, trumps, block, president, immigration, executive_order, federal_judge, executive, muslim'}",US Immigration Policy Controversy,"{'Travel Ban and Legal Challenges': 'ban, travel, trump, order, judge, revise, hawaii, trumps, block, president, immigration, executive_order, federal_judge, executive'}",Travel Ban and Legal Challenges,"{'US Immigration Policy': 'ban, travel, trump, order, judge, revise, hawaii, president, trumps, block, executive_order, federal_judge, muslim, immigration'}",US Immigration Policy
59,3,"['muslimban', 'muslim', 'ban', 'travelban', 'maga', 'trump', 'country', 'travel', 'judge', 'offend', 'leave', 'obama', 'america']",60,8,"['travelban', 'maga', 'muslimban', 'trump', 'pvv', 'tcot', 'islam', 'refugee', 'refugeeswelcome', 'bordersclose', 'read', 'marinelepen', 'vote', 'france']",11,"['refugeeswelcome', 'travelban', 'maga', 'muslimban', 'tcot', 'pvv', 'islam', 'stopislamofobia', 'bordersclose']",0,"['travelban', 'refugeeswelcome', 'maga', 'trump', 'ban', 'refugee', 'noban', 'tcot', 'muslimban', 'islam', 'stopislamofobia', 'judge', 'muslim', 'humanright_fight']","[262132296, 2581758266, 775420500034158592]","muslimban,muslim,ban,travelban,maga,trump,country,travel,judge,offend,leave,obama,america,refugeeswelcome,tcot,pvv,islam,stopislamofobia,bordersclose,refugee,read,marinelepen,vote,france,noban,humanright_fight","muslimban,muslim,ban,travelban,maga,trump,country,travel,judge,offend,leave,obama,america,refugeeswelcome,tcot,pvv,islam,stopislamofobia,bordersclose","travelban,maga,muslimban,trump,pvv,tcot,islam,refugee,refugeeswelcome,bordersclose,read,marinelepen,vote,france,ban,noban,stopislamofobia,judge,muslim,humanright_fight","{'US Travel Ban Controversy': 'muslimban, muslim, ban, travelban, maga, trump, country, travel, judge, offend, leave, obama, america, refugeeswelcome, tcot, islam, stopislamofobia, bordersclose, refugee, noban, humanright_fight', 'European Political Climate': 'pvv, marinelepen, vote, france'}",US Travel Ban Controversy.European Political Climate,"{'US Immigration Policy and Islamophobia': 'muslimban, muslim, ban, travelban, maga, trump, country, travel, judge, offend, leave, obama, america, refugeeswelcome, tcot, pvv, islam, stopislamofobia, bordersclose'}",US Immigration Policy and Islamophobia,"{'US Immigration Policy': 'travelban, maga, muslimban, trump, ban, noban, judge', 'European Politics and Islam': 'pvv, marinelepen, france, vote, islam, stopislamofobia', 'Refugee and Human Rights': 'refugee, refugeeswelcome, bordersclose, humanright_fight, muslim'}",US Immigration Policy.European Politics and Islam.Refugee and Human Rights
60,8,"['ban', 'travel', 'trump', 'order', 'judge', 'revise', 'hawaii', 'trumps', 'block', 'president', 'immigration']",61,1,"['ban', 'travel', 'trump', 'order', 'judge', 'revise', 'hawaii', 'president', 'trumps', 'block']",4,"['ban', 'travel', 'trump', 'executive_order', 'order', 'revise', 'judge', 'federal_judge', 'trumps', 'president', 'hawaii', 'block', 'executive']",12,"['ban', 'travel', 'trump', 'executive_order', 'order', 'judge', 'revise', 'federal_judge', 'hawaii', 'president', 'trumps', 'muslim', 'block', 'immigration']","[25281508, 309680827, 1267982563, 1459232030]","ban,travel,trump,order,judge,revise,hawaii,trumps,block,president,immigration,executive_order,federal_judge,executive,muslim","ban,travel,trump,order,judge,revise,hawaii,trumps,block,president,immigration,executive_order,federal_judge,executive","ban,travel,trump,order,judge,revise,hawaii,president,trumps,block,executive_order,federal_judge,muslim,immigration","{'US Travel Ban Controversy': 'ban, travel, trump, order, judge, revise, hawaii, trumps, block, president, immigration, executive_order, federal_judge, executive, muslim'}",US Travel Ban Controversy,"{'Travel Ban and Legal Challenges': 'ban, travel, trump, order, judge, revise, hawaii, trumps, block, president, immigration, executive_order, federal_judge, executive'}",Travel Ban and Legal Challenges,"{'US Immigration Policy': 'ban, travel, trump, order, judge, revise, hawaii, president, trumps, block, executive_order, federal_judge, muslim, immigration'}",US Immigration Policy
61,3,"['muslimban', 'muslim', 'ban', 'travelban', 'maga', 'trump', 'country', 'travel', 'judge', 'offend', 'leave', 'obama', 'america']",62,2,"['muslimban', 'muslim', 'country', 'ban', 'trump', 'muslims', 'islam', 'terrorist', 'america', 'travel']",10,"['muslimban', 'ban', 'muslim', 'offend_sink', 'travel', 'long_conservative', 'country']",10,"['muslimban', 'muslim', 'ban', 'country', 'trump']","[1300838640, 715496304777015300, 724732525323665408]","muslimban,muslim,ban,travelban,maga,trump,country,travel,judge,offend,leave,obama,america,offend_sink,long_conservative,muslims,islam,terrorist","muslimban,muslim,ban,travelban,maga,trump,country,travel,judge,offend,leave,obama,america,offend_sink,long_conservative","muslimban,muslim,country,ban,trump,muslims,islam,terrorist,america,travel","{'US Travel Ban Controversy': 'muslimban, travelban, ban, muslim, travel, country, judge, trump, maga, america, obama', 'Political and Social Tensions': 'offend, leave, offend_sink, long_conservative, muslims, islam, terrorist'}",US Travel Ban Controversy.Political and Social Tensions,"{'US Travel Ban Controversy': ['muslimban', 'muslim', 'ban', 'travelban', 'maga', 'trump', 'country', 'travel', 'judge', 'offend', 'leave', 'obama', 'america', 'offend_sink', 'long_conservative']}",US Travel Ban Controversy,"{'Travel Ban on Muslim-majority Countries': 'muslimban, muslim, country, ban, trump, muslims, islam, america, travel'}",Travel Ban on Muslim-majority Countries
62,8,"['ban', 'travel', 'trump', 'order', 'judge', 'revise', 'hawaii', 'trumps', 'block', 'president', 'immigration']",63,1,"['ban', 'travel', 'trump', 'order', 'judge', 'revise', 'hawaii', 'president', 'trumps', 'block']",4,"['ban', 'travel', 'trump', 'executive_order', 'order', 'revise', 'judge', 'federal_judge', 'trumps', 'president', 'hawaii', 'block', 'executive']",12,"['ban', 'travel', 'trump', 'executive_order', 'order', 'judge', 'revise', 'federal_judge', 'hawaii', 'president', 'trumps', 'muslim', 'block', 'immigration']","[7309052, 68801460, 473472787]","ban,travel,trump,order,judge,revise,hawaii,trumps,block,president,immigration,executive_order,federal_judge,executive,muslim","ban,travel,trump,order,judge,revise,hawaii,trumps,block,president,immigration,executive_order,federal_judge,executive","ban,travel,trump,order,judge,revise,hawaii,president,trumps,block,executive_order,federal_judge,muslim,immigration","{'Travel Ban Controversy': 'ban, travel, trump, order, judge, revise, hawaii, trumps, block, president, immigration, executive_order, federal_judge, executive, muslim'}",Travel Ban Controversy,"{'Travel Ban and Legal Challenges': 'ban, travel, trump, order, judge, revise, hawaii, trumps, block, president, immigration, executive_order, federal_judge, executive'}",Travel Ban and Legal Challenges,"{'US Immigration Policy': 'ban, travel, trump, order, judge, revise, hawaii, president, trumps, block, executive_order, federal_judge, muslim, immigration'}",US Immigration Policy
63,3,"['muslimban', 'muslim', 'ban', 'travelban', 'maga', 'trump', 'country', 'travel', 'judge', 'offend', 'leave', 'obama', 'america']",64,2,"['muslimban', 'muslim', 'country', 'ban', 'trump', 'muslims', 'islam', 'terrorist', 'america', 'travel']",9,"['ban', 'travel', 'trump', 'muslim']",9,"['muslimban', 'nobannowall', 'immigration', 'tntweeter_uslatino']","[363480365, 3609854716, 837861075219582977]","muslimban,muslim,ban,travelban,maga,trump,country,travel,judge,offend,leave,obama,america,muslims,islam,terrorist,nobannowall,immigration,tntweeter_uslatino","muslimban,muslim,ban,travelban,maga,trump,country,travel,judge,offend,leave,obama,america","muslimban,muslim,country,ban,trump,muslims,islam,terrorist,america,travel,nobannowall,immigration,tntweeter_uslatino","{'US Travel Ban Controversy': 'muslimban, travelban, ban, trump, maga, judge, offend, leave, obama, america, muslims, islam, terrorist, nobannowall, immigration, tntweeter_uslatino'}",US Travel Ban Controversy,"{'US Travel Ban Controversy': 'muslimban, travelban, ban, muslim, country, travel, judge, offend, leave, america', 'Political Figures and Policies': 'maga, trump, obama'}",US Travel Ban Controversy.Political Figures and Policies,"{'US Immigration Policy and Muslim Ban': 'muslimban, muslim, country, ban, trump, muslims, islam, america, travel, nobannowall, immigration', 'Perception of Muslims and Islam in America': 'muslim, muslims, islam, terrorist, america', 'Political and Social Activism': 'nobannowall, tntweeter_uslatino'}",US Immigration Policy and Muslim Ban.Perception of Muslims and Islam in America.Political and Social Activism
64,8,"['ban', 'travel', 'trump', 'order', 'judge', 'revise', 'hawaii', 'trumps', 'block', 'president', 'immigration']",66,1,"['ban', 'travel', 'trump', 'order', 'judge', 'revise', 'hawaii', 'president', 'trumps', 'block']",4,"['ban', 'travel', 'trump', 'executive_order', 'order', 'revise', 'judge', 'federal_judge', 'trumps', 'president', 'hawaii', 'block', 'executive']",12,"['ban', 'travel', 'trump', 'executive_order', 'order', 'judge', 'revise', 'federal_judge', 'hawaii', 'president', 'trumps', 'muslim', 'block', 'immigration']","[30143148, 106010958, 488679414, 917363497]","ban,travel,trump,order,judge,revise,hawaii,trumps,block,president,immigration,executive_order,federal_judge,executive,muslim","ban,travel,trump,order,judge,revise,hawaii,trumps,block,president,immigration,executive_order,federal_judge,executive","ban,travel,trump,order,judge,revise,hawaii,president,trumps,block,executive_order,federal_judge,muslim,immigration","{'US Immigration Policy and Legal Challenges': 'ban, travel, trump, order, judge, revise, hawaii, trumps, block, president, immigration, executive_order, federal_judge, executive, muslim'}",US Immigration Policy and Legal Challenges,"{'Travel Ban and Legal Challenges': 'ban, travel, trump, order, judge, revise, hawaii, trumps, block, president, immigration, executive_order, federal_judge, executive'}",Travel Ban and Legal Challenges,"{'US Immigration Policy': 'ban, travel, trump, order, judge, revise, hawaii, president, trumps, block, executive_order, federal_judge, muslim, immigration'}",US Immigration Policy
65,8,"['ban', 'travel', 'trump', 'order', 'judge', 'revise', 'hawaii', 'trumps', 'block', 'president', 'immigration']",67,1,"['ban', 'travel', 'trump', 'order', 'judge', 'revise', 'hawaii', 'president', 'trumps', 'block']",9,"['ban', 'travel', 'trump', 'muslim']",12,"['ban', 'travel', 'trump', 'executive_order', 'order', 'judge', 'revise', 'federal_judge', 'hawaii', 'president', 'trumps', 'muslim', 'block', 'immigration']","[776414185, 3369332271, 4690856839]","ban,travel,trump,order,judge,revise,hawaii,trumps,block,president,immigration,muslim,executive_order,federal_judge","ban,travel,trump,order,judge,revise,hawaii,trumps,block,president,immigration,muslim","ban,travel,trump,order,judge,revise,hawaii,president,trumps,block,executive_order,federal_judge,muslim,immigration","{'Travel Ban Controversy': 'ban, travel, trump, order, judge, revise, hawaii, trumps, block, president, immigration, muslim, executive_order, federal_judge'}",Travel Ban Controversy,"{'US Immigration Policy Controversy': 'ban, travel, trump, order, judge, revise, hawaii, trumps, block, president, immigration, muslim'}",US Immigration Policy Controversy,"{'US Immigration Policy': 'ban, travel, trump, order, judge, revise, hawaii, president, trumps, block, executive_order, federal_judge, muslim, immigration'}",US Immigration Policy
66,11,"['nobannowall', 'muslimban', 'nomuslimban', 'immigrants', 'leftist', 'muslim', 'litigation', 'purge', 'immigration', 'heretostay']",68,4,"['travelban', 'refugee', 'immigration', 'refugeeswelcome', 'immigrant', 'muslimban', 'nobannowallnoraid', 'great', 'resisttrump', 'mondaymotivation', 'nobannowall', 'woman', 'resist']",9,"['ban', 'travel', 'trump', 'muslim']",0,"['travelban', 'refugeeswelcome', 'maga', 'trump', 'ban', 'refugee', 'noban', 'tcot', 'muslimban', 'islam', 'stopislamofobia', 'judge', 'muslim', 'humanright_fight']","[11695472, 11695602, 2974872788, 827997641346785280]","nobannowall,muslimban,nomuslimban,immigrants,leftist,muslim,litigation,purge,immigration,heretostay,ban,travel,trump,travelban,refugee,refugeeswelcome,immigrant,nobannowallnoraid,great,resisttrump,mondaymotivation,woman,resist,maga,noban,tcot,islam,stopislamofobia,judge,humanright_fight","nobannowall,muslimban,nomuslimban,immigrants,leftist,muslim,litigation,purge,immigration,heretostay,ban,travel,trump","travelban,refugee,immigration,refugeeswelcome,immigrant,muslimban,nobannowallnoraid,great,resisttrump,mondaymotivation,nobannowall,woman,resist,maga,trump,ban,noban,tcot,islam,stopislamofobia,judge,muslim,humanright_fight","{'Immigration and Travel Ban': ['nobannowall', 'muslimban', 'nomuslimban', 'immigrants', 'immigration', 'heretostay', 'ban', 'travel', 'travelban', 'refugee', 'refugeeswelcome', 'immigrant', 'nobannowallnoraid', 'noban'], 'Political Resistance and Activism': ['leftist', 'resisttrump', 'resist', 'maga', 'mondaymotivation', 'woman', 'great'], 'Legal and Human Rights': ['litigation', 'judge', 'humanright_fight'], 'Islam and Islamophobia': ['muslim', 'islam', 'stopislamofobia'], 'Trump Administration Policies': ['trump', 'purge', 'tcot']}",Immigration and Travel Ban.Political Resistance and Activism.Legal and Human Rights.Islam and Islamophobia.Trump Administration Policies,"{'Immigration and Travel Ban': 'nobannowall, muslimban, nomuslimban, immigrants, muslim, immigration, heretostay, ban, travel, trump', 'Political and Legal Opposition': 'leftist, litigation, purge'}",Immigration and Travel Ban.Political and Legal Opposition,"{'Immigration and Refugee Policies': 'travelban, refugee, immigration, refugeeswelcome, immigrant, muslimban, nobannowallnoraid, nobannowall, ban, noban', 'Political Resistance and Activism': 'resisttrump, resist, stopislamofobia, humanright_fight', 'Trump Administration and Policies': 'maga, trump, judge', 'Social Media and Public Sentiment': 'great, mondaymotivation, woman, tcot, islam, muslim'}",Immigration and Refugee Policies.Political Resistance and Activism.Trump Administration and Policies.Social Media and Public Sentiment
67,8,"['ban', 'travel', 'trump', 'order', 'judge', 'revise', 'hawaii', 'trumps', 'block', 'president', 'immigration']",69,1,"['ban', 'travel', 'trump', 'order', 'judge', 'revise', 'hawaii', 'president', 'trumps', 'block']",4,"['ban', 'travel', 'trump', 'executive_order', 'order', 'revise', 'judge', 'federal_judge', 'trumps', 'president', 'hawaii', 'block', 'executive']",12,"['ban', 'travel', 'trump', 'executive_order', 'order', 'judge', 'revise', 'federal_judge', 'hawaii', 'president', 'trumps', 'muslim', 'block', 'immigration']","[18819827, 282747242, 3394601549]","ban,travel,trump,order,judge,revise,hawaii,trumps,block,president,immigration,executive_order,federal_judge,executive,muslim","ban,travel,trump,order,judge,revise,hawaii,trumps,block,president,immigration,executive_order,federal_judge,executive","ban,travel,trump,order,judge,revise,hawaii,president,trumps,block,executive_order,federal_judge,muslim,immigration","{'Travel Ban Controversy': 'ban, travel, trump, order, judge, revise, hawaii, trumps, block, president, immigration, executive_order, federal_judge, executive, muslim'}",Travel Ban Controversy,"{'Travel Ban and Legal Challenges': 'ban, travel, trump, order, judge, revise, hawaii, trumps, block, president, immigration, executive_order, federal_judge, executive'}",Travel Ban and Legal Challenges,"{'US Immigration Policy': 'ban, travel, trump, order, judge, revise, hawaii, president, trumps, block, executive_order, federal_judge, muslim, immigration'}",US Immigration Policy
68,13,"['muslimban', 'freedom']",65,8,"['travelban', 'maga', 'muslimban', 'trump', 'pvv', 'tcot', 'islam', 'refugee', 'refugeeswelcome', 'bordersclose', 'read', 'marinelepen', 'vote', 'france']",11,"['refugeeswelcome', 'travelban', 'maga', 'muslimban', 'tcot', 'pvv', 'islam', 'stopislamofobia', 'bordersclose']",9,"['muslimban', 'nobannowall', 'immigration', 'tntweeter_uslatino']","[120818659, 179284235, 237140311, 313038011, 329772412, 891059384, 1272041820, 1579461362, 1908348464, 2715665504, 3075254828, 3407135421, 3468586467, 3622251449, 3874676487, 4780779442, 706577077898756096, 718117017153306625, 747741792318164992, 776692799894724600, 785774096613126144, 814520704901201924, 820637114765348864, 824739546315239425, 838379187366952961, 838379187366953000, 839099917121511425]","muslimban,freedom,refugeeswelcome,travelban,maga,tcot,pvv,islam,stopislamofobia,bordersclose,trump,refugee,read,marinelepen,vote,france,nobannowall,immigration,tntweeter_uslatino","muslimban,freedom,refugeeswelcome,travelban,maga,tcot,pvv,islam,stopislamofobia,bordersclose","travelban,maga,muslimban,trump,pvv,tcot,islam,refugee,refugeeswelcome,bordersclose,read,marinelepen,vote,france,nobannowall,immigration,tntweeter_uslatino","{'Immigration and Travel Policies': 'muslimban, travelban, bordersclose, nobannowall, immigration, refugeeswelcome, refugee', 'Political Movements and Figures': 'maga, tcot, pvv, trump, marinelepen, vote, france', 'Social Issues and Advocacy': 'freedom, stopislamofobia, read, tntweeter_uslatino, islam'}",Immigration and Travel Policies.Political Movements and Figures.Social Issues and Advocacy,"{'Immigration and Islamophobia': 'muslimban, travelban, refugeeswelcome, stopislamofobia, bordersclose, islam', 'Political Movements and Ideologies': 'maga, tcot, pvv, freedom'}",Immigration and Islamophobia.Political Movements and Ideologies,"{'US Immigration Policies': 'travelban, muslimban, trump, maga, nobannowall, immigration', 'European Right-Wing Politics': 'pvv, marinelepen, france, vote', 'Social Media and Public Opinion': 'tcot, read, tntweeter_uslatino', 'Refugee and Border Issues': 'refugee, refugeeswelcome, bordersclose, islam'}",US Immigration Policies.European Right-Wing Politics.Social Media and Public Opinion.Refugee and Border Issues
69,8,"['ban', 'travel', 'trump', 'order', 'judge', 'revise', 'hawaii', 'trumps', 'block', 'president', 'immigration']",71,1,"['ban', 'travel', 'trump', 'order', 'judge', 'revise', 'hawaii', 'president', 'trumps', 'block']",4,"['ban', 'travel', 'trump', 'executive_order', 'order', 'revise', 'judge', 'federal_judge', 'trumps', 'president', 'hawaii', 'block', 'executive']",12,"['ban', 'travel', 'trump', 'executive_order', 'order', 'judge', 'revise', 'federal_judge', 'hawaii', 'president', 'trumps', 'muslim', 'block', 'immigration']","[60149899, 74841347, 1287225810, 2713427480]","ban,travel,trump,order,judge,revise,hawaii,trumps,block,president,immigration,executive_order,federal_judge,executive,muslim","ban,travel,trump,order,judge,revise,hawaii,trumps,block,president,immigration,executive_order,federal_judge,executive","ban,travel,trump,order,judge,revise,hawaii,president,trumps,block,executive_order,federal_judge,muslim,immigration","{'US Immigration Policy': 'ban, travel, trump, order, judge, revise, hawaii, trumps, block, president, immigration, executive_order, federal_judge, executive, muslim'}",US Immigration Policy,"{'Travel Ban and Legal Challenges': 'ban, travel, trump, order, judge, revise, hawaii, trumps, block, president, immigration, executive_order, federal_judge, executive'}",Travel Ban and Legal Challenges,"{'US Immigration Policy': 'ban, travel, trump, order, judge, revise, hawaii, president, trumps, block, executive_order, federal_judge, muslim, immigration'}",US Immigration Policy
70,7,"['refugeeswelcome', 'refugee', 'immigration', 'stopislamofobia', 'travelban', 'migrantenkriminalitat', 'immigrant', 'fightfear', 'prouracisme']",72,6,"['refugeeswelcome', 'stopislamofobia', 'migrantenkriminalitat', 'prouracisme', 'feixismemaime', 'lluita', 'contra', 'internacional', 'racisme', 'jornada']",11,"['refugeeswelcome', 'travelban', 'maga', 'muslimban', 'tcot', 'pvv', 'islam', 'stopislamofobia', 'bordersclose']",14,"['migrantenkriminalitat', 'stoprefugee_stopislam', 'afd', 'refugeeswelcome_fdp', 'und', 'migrantenkriminalitat_genugfueralle', 'stoprefugee', 'spd_migrantenkriminalitat', 'schauhin', 'spd', 'fluchtlingskriminalitat']","[156321706, 1642419774, 2251108546, 2597902411, 3095524177, 3492203836, 3666972316, 4776872181, 704369311004139500, 716630421598040065, 720873437095309313, 764196970105868289, 768755478671290368, 818521856634396672, 838132203779420200, 843125890464845825]","refugeeswelcome,refugee,immigration,stopislamofobia,travelban,migrantenkriminalitat,immigrant,fightfear,prouracisme,maga,muslimban,tcot,pvv,islam,bordersclose,feixismemaime,lluita,contra,internacional,racisme,jornada,stoprefugee_stopislam,afd,refugeeswelcome_fdp,und,migrantenkriminalitat_genugfueralle,stoprefugee,spd_migrantenkriminalitat,schauhin,spd,fluchtlingskriminalitat","refugeeswelcome,refugee,immigration,stopislamofobia,travelban,migrantenkriminalitat,immigrant,fightfear,prouracisme,maga,muslimban,tcot,pvv,islam,bordersclose","refugeeswelcome,stopislamofobia,migrantenkriminalitat,prouracisme,feixismemaime,lluita,contra,internacional,racisme,jornada,stoprefugee_stopislam,afd,refugeeswelcome_fdp,und,migrantenkriminalitat_genugfueralle,stoprefugee,spd_migrantenkriminalitat,schauhin,spd,fluchtlingskriminalitat","{'Immigration and Refugee Issues': 'refugeeswelcome, refugee, immigration, immigrant, stoprefugee, stoprefugee_stopislam, refugeeswelcome_fdp, fluchtlingskriminalitat, migrantenkriminalitat, migrantenkriminalitat_genugfueralle, spd_migrantenkriminalitat', 'Anti-Islamophobia and Racism': 'stopislamofobia, fightfear, prouracisme, stoprefugee_stopislam, schauhin, lluita, contra, internacional, racisme, jornada, feixismemaime', 'Political and Nationalist Movements': 'maga, tcot, pvv, afd, spd', 'Travel and Border Control': 'travelban, muslimban, bordersclose'}",Immigration and Refugee Issues.Anti-Islamophobia and Racism.Political and Nationalist Movements.Travel and Border Control,"{'Immigration and Refugee Issues': 'refugeeswelcome, refugee, immigration, immigrant', 'Anti-Islam Sentiment and Policies': 'stopislamofobia, travelban, muslimban, islam, bordersclose', 'Political and Social Movements': 'fightfear, prouracisme, maga, tcot, pvv', 'Crime and Migration': 'migrantenkriminalitat'}",Immigration and Refugee Issues.Anti-Islam Sentiment and Policies.Political and Social Movements.Crime and Migration,"{'Anti-Racism and Refugee Support': 'refugeeswelcome, stopislamofobia, prouracisme, feixismemaime, lluita, contra, internacional, racisme, jornada, stoprefugee_stopislam, schauhin', 'Political Parties and Immigration': 'afd, refugeeswelcome_fdp, und, migrantenkriminalitat_genugfueralle, stoprefugee, spd_migrantenkriminalitat, spd, fluchtlingskriminalitat'}",Anti-Racism and Refugee Support.Political Parties and Immigration
71,7,"['refugeeswelcome', 'refugee', 'immigration', 'stopislamofobia', 'travelban', 'migrantenkriminalitat', 'immigrant', 'fightfear', 'prouracisme']",73,6,"['refugeeswelcome', 'stopislamofobia', 'migrantenkriminalitat', 'prouracisme', 'feixismemaime', 'lluita', 'contra', 'internacional', 'racisme', 'jornada']",11,"['refugeeswelcome', 'travelban', 'maga', 'muslimban', 'tcot', 'pvv', 'islam', 'stopislamofobia', 'bordersclose']",0,"['travelban', 'refugeeswelcome', 'maga', 'trump', 'ban', 'refugee', 'noban', 'tcot', 'muslimban', 'islam', 'stopislamofobia', 'judge', 'muslim', 'humanright_fight']","[27522324, 61312554, 87042194, 225749611, 271623338, 847325940, 2211180738, 2356934593, 2935020087, 3290161704, 728645575558758403, 738333792008560641, 808071209455910912, 840139453641375748]","refugeeswelcome,refugee,immigration,stopislamofobia,travelban,migrantenkriminalitat,immigrant,fightfear,prouracisme,maga,muslimban,tcot,pvv,islam,bordersclose,feixismemaime,lluita,contra,internacional,racisme,jornada,trump,ban,noban,judge,muslim,humanright_fight","refugeeswelcome,refugee,immigration,stopislamofobia,travelban,migrantenkriminalitat,immigrant,fightfear,prouracisme,maga,muslimban,tcot,pvv,islam,bordersclose","refugeeswelcome,stopislamofobia,migrantenkriminalitat,prouracisme,feixismemaime,lluita,contra,internacional,racisme,jornada,travelban,maga,trump,ban,refugee,noban,tcot,muslimban,islam,judge,muslim,humanright_fight","{'Immigration and Refugee Issues': 'refugeeswelcome, refugee, immigration, immigrant, travelban, muslimban, bordersclose, ban, noban, judge, humanright_fight', 'Anti-Racism and Islamophobia': 'stopislamofobia, fightfear, prouracisme, islam, muslim, racisme', 'Political Movements and Reactions': 'maga, tcot, pvv, trump', 'International Anti-Fascism and Human Rights': 'migrantenkriminalitat, feixismemaime, lluita, contra, internacional, jornada'}",Immigration and Refugee Issues.Anti-Racism and Islamophobia.Political Movements and Reactions.International Anti-Fascism and Human Rights,"{'Immigration and Refugee Issues': 'refugeeswelcome, refugee, immigration, immigrant', 'Anti-Islam Sentiment and Policies': 'stopislamofobia, travelban, muslimban, islam, bordersclose', 'Political and Social Movements': 'fightfear, prouracisme, maga, tcot, pvv', 'Crime and Migration': 'migrantenkriminalitat'}",Immigration and Refugee Issues.Anti-Islam Sentiment and Policies.Political and Social Movements.Crime and Migration,"{'Anti-Racism and Anti-Islamophobia': ['refugeeswelcome', 'stopislamofobia', 'prouracisme', 'feixismemaime', 'lluita', 'contra', 'internacional', 'racisme', 'jornada', 'humanright_fight'], 'Immigration and Refugee Issues': ['migrantenkriminalitat', 'refugee', 'noban'], 'Political and Legal Actions on Travel and Immigration': ['travelban', 'maga', 'trump', 'ban', 'tcot', 'muslimban', 'islam', 'judge', 'muslim']}",Anti-Racism and Anti-Islamophobia.Immigration and Refugee Issues.Political and Legal Actions on Travel and Immigration
72,6,"['ban', 'muslim', 'muslimban', 'trump', 'court', 'aclu']",75,3,"['muslimban', 'nobannowall', 'live', 'true']",7,"['muslimban', 'trump', 'radio_live', 'resist', 'stock_money', 'theresistance', 'trumprussia']",12,"['ban', 'travel', 'trump', 'executive_order', 'order', 'judge', 'revise', 'federal_judge', 'hawaii', 'president', 'trumps', 'muslim', 'block', 'immigration']","[500496955, 2702394775, 807810340339744800, 809518522489511936]","ban,muslim,muslimban,trump,court,aclu,radio_live,resist,stock_money,theresistance,trumprussia,nobannowall,live,true,travel,executive_order,order,judge,revise,federal_judge,hawaii,president,trumps,block,immigration","ban,muslim,muslimban,trump,court,aclu,radio_live,resist,stock_money,theresistance,trumprussia","muslimban,nobannowall,live,true,ban,travel,trump,executive_order,order,judge,revise,federal_judge,hawaii,president,trumps,muslim,block,immigration","{'Travel Ban Controversy': 'ban, muslim, muslimban, trump, court, aclu, resist, theresistance, nobannowall, travel, executive_order, order, judge, revise, federal_judge, hawaii, president, trumps, block, immigration'}",Travel Ban Controversy,"{'Travel Ban Controversy': 'ban, muslim, muslimban, trump, court, aclu, resist, theresistance', 'Political Resistance and Investigations': 'radio_live, resist, theresistance, trumprussia', 'Economic Impact': 'stock_money'}",Travel Ban Controversy.Political Resistance and Investigations.Economic Impact,"{'US Immigration Policy Controversy': 'muslimban, nobannowall, ban, travel, trump, executive_order, order, judge, revise, federal_judge, hawaii, president, trumps, muslim, block, immigration'}",US Immigration Policy Controversy
73,11,"['nobannowall', 'muslimban', 'nomuslimban', 'immigrants', 'leftist', 'muslim', 'litigation', 'purge', 'immigration', 'heretostay']",76,4,"['travelban', 'refugee', 'immigration', 'refugeeswelcome', 'immigrant', 'muslimban', 'nobannowallnoraid', 'great', 'resisttrump', 'mondaymotivation', 'nobannowall', 'woman', 'resist']",9,"['ban', 'travel', 'trump', 'muslim']",11,"['shut_newyorkweather', 'york_city', 'newyorkweather', 'hate_fear', 'york', 'city', 'east_coast', 'deadly_east', 'coast_snowstorm', 'outdoor']","[26139323, 4889278415, 4905972502, 696794078915252224]","nobannowall,muslimban,nomuslimban,immigrants,leftist,muslim,litigation,purge,immigration,heretostay,ban,travel,trump,travelban,refugee,refugeeswelcome,immigrant,nobannowallnoraid,great,resisttrump,mondaymotivation,woman,resist,shut_newyorkweather,york_city,newyorkweather,hate_fear,york,city,east_coast,deadly_east,coast_snowstorm,outdoor","nobannowall,muslimban,nomuslimban,immigrants,leftist,muslim,litigation,purge,immigration,heretostay,ban,travel,trump","travelban,refugee,immigration,refugeeswelcome,immigrant,muslimban,nobannowallnoraid,great,resisttrump,mondaymotivation,nobannowall,woman,resist,shut_newyorkweather,york_city,newyorkweather,hate_fear,york,city,east_coast,deadly_east,coast_snowstorm,outdoor","{'Immigration and Travel Ban Protests': ['nobannowall', 'muslimban', 'nomuslimban', 'immigrants', 'muslim', 'litigation', 'immigration', 'heretostay', 'ban', 'travel', 'trump', 'travelban', 'refugee', 'refugeeswelcome', 'immigrant', 'nobannowallnoraid', 'resisttrump', 'resist'], 'Weather and Environmental Conditions': ['shut_newyorkweather', 'york_city', 'newyorkweather', 'york', 'city', 'east_coast', 'deadly_east', 'coast_snowstorm', 'outdoor'], 'Political and Social Resistance': ['leftist', 'great', 'mondaymotivation', 'woman', 'hate_fear']}",Immigration and Travel Ban Protests.Weather and Environmental Conditions.Political and Social Resistance,"{'Immigration and Travel Ban': 'nobannowall, muslimban, nomuslimban, immigrants, muslim, immigration, heretostay, ban, travel, trump', 'Political and Legal Opposition': 'leftist, litigation, purge'}",Immigration and Travel Ban.Political and Legal Opposition,"{'Immigration and Refugee Policies': ['travelban', 'refugee', 'immigration', 'refugeeswelcome', 'immigrant', 'muslimban', 'nobannowallnoraid', 'nobannowall', 'resisttrump', 'resist'], 'Weather and Natural Events': ['shut_newyorkweather', 'york_city', 'newyorkweather', 'york', 'city', 'east_coast', 'deadly_east', 'coast_snowstorm', 'outdoor']}",Immigration and Refugee Policies.Weather and Natural Events
74,8,"['ban', 'travel', 'trump', 'order', 'judge', 'revise', 'hawaii', 'trumps', 'block', 'president', 'immigration']",77,1,"['ban', 'travel', 'trump', 'order', 'judge', 'revise', 'hawaii', 'president', 'trumps', 'block']",4,"['ban', 'travel', 'trump', 'executive_order', 'order', 'revise', 'judge', 'federal_judge', 'trumps', 'president', 'hawaii', 'block', 'executive']",12,"['ban', 'travel', 'trump', 'executive_order', 'order', 'judge', 'revise', 'federal_judge', 'hawaii', 'president', 'trumps', 'muslim', 'block', 'immigration']","[524435492, 2331853451, 2605069205, 3119526652]","ban,travel,trump,order,judge,revise,hawaii,trumps,block,president,immigration,executive_order,federal_judge,executive,muslim","ban,travel,trump,order,judge,revise,hawaii,trumps,block,president,immigration,executive_order,federal_judge,executive","ban,travel,trump,order,judge,revise,hawaii,president,trumps,block,executive_order,federal_judge,muslim,immigration","{'US Immigration Policy and Legal Challenges': 'ban, travel, trump, order, judge, revise, hawaii, trumps, block, president, immigration, executive_order, federal_judge, executive, muslim'}",US Immigration Policy and Legal Challenges,"{'Travel Ban and Legal Challenges': 'ban, travel, trump, order, judge, revise, hawaii, trumps, block, president, immigration, executive_order, federal_judge, executive'}",Travel Ban and Legal Challenges,"{'US Immigration Policy': 'ban, travel, trump, order, judge, revise, hawaii, president, trumps, block, executive_order, federal_judge, muslim, immigration'}",US Immigration Policy
76,11,"['nobannowall', 'muslimban', 'nomuslimban', 'immigrants', 'leftist', 'muslim', 'litigation', 'purge', 'immigration', 'heretostay']",78,3,"['muslimban', 'nobannowall', 'live', 'true']",7,"['muslimban', 'trump', 'radio_live', 'resist', 'stock_money', 'theresistance', 'trumprussia']",9,"['muslimban', 'nobannowall', 'immigration', 'tntweeter_uslatino']","[45805351, 79028016, 2707058534, 3086411087]","nobannowall,muslimban,nomuslimban,immigrants,leftist,muslim,litigation,purge,immigration,heretostay,trump,radio_live,resist,stock_money,theresistance,trumprussia,live,true,tntweeter_uslatino","nobannowall,muslimban,nomuslimban,immigrants,leftist,muslim,litigation,purge,immigration,heretostay,trump,radio_live,resist,stock_money,theresistance,trumprussia","muslimban,nobannowall,live,true,immigration,tntweeter_uslatino","{'Immigration and Resistance': 'nobannowall, muslimban, nomuslimban, immigrants, leftist, muslim, litigation, purge, immigration, heretostay, trump, resist, theresistance, trumprussia, tntweeter_uslatino'}",Immigration and Resistance,"{'Immigration and Resistance': 'nobannowall, muslimban, nomuslimban, immigrants, muslim, immigration, heretostay, resist, theresistance', 'Political Opposition and Legal Challenges': 'leftist, litigation, purge, trump, trumprussia', 'Media and Economic Concerns': 'radio_live, stock_money'}",Immigration and Resistance.Political Opposition and Legal Challenges.Media and Economic Concerns,"{'Immigration and Travel Ban': 'muslimban, nobannowall, immigration', 'Social Media and Activism': 'live, tntweeter_uslatino', 'Truth and Authenticity': 'true'}",Immigration and Travel Ban.Social Media and Activism.Truth and Authenticity
77,8,"['ban', 'travel', 'trump', 'order', 'judge', 'revise', 'hawaii', 'trumps', 'block', 'president', 'immigration']",79,1,"['ban', 'travel', 'trump', 'order', 'judge', 'revise', 'hawaii', 'president', 'trumps', 'block']",4,"['ban', 'travel', 'trump', 'executive_order', 'order', 'revise', 'judge', 'federal_judge', 'trumps', 'president', 'hawaii', 'block', 'executive']",12,"['ban', 'travel', 'trump', 'executive_order', 'order', 'judge', 'revise', 'federal_judge', 'hawaii', 'president', 'trumps', 'muslim', 'block', 'immigration']","[3183011042, 4040356454, 4291483877, 4291826968, 4292285657, 4292420368, 4311027620, 4374463812, 4428480594, 4430769312, 4594844191, 4609793892, 4637575405, 702312482623393792, 718219857943093248, 731844183825092600, 732118984628166658]","ban,travel,trump,order,judge,revise,hawaii,trumps,block,president,immigration,executive_order,federal_judge,executive,muslim","ban,travel,trump,order,judge,revise,hawaii,trumps,block,president,immigration,executive_order,federal_judge,executive","ban,travel,trump,order,judge,revise,hawaii,president,trumps,block,executive_order,federal_judge,muslim,immigration","{'US Travel Ban Controversy': 'ban, travel, trump, order, judge, revise, hawaii, trumps, block, president, immigration, executive_order, federal_judge, executive, muslim'}",US Travel Ban Controversy,"{'Travel Ban and Legal Challenges': 'ban, travel, trump, order, judge, revise, hawaii, trumps, block, president, immigration, executive_order, federal_judge, executive'}",Travel Ban and Legal Challenges,"{'US Immigration Policy': 'ban, travel, trump, order, judge, revise, hawaii, president, trumps, block, executive_order, federal_judge, muslim, immigration'}",US Immigration Policy
78,8,"['ban', 'travel', 'trump', 'order', 'judge', 'revise', 'hawaii', 'trumps', 'block', 'president', 'immigration']",80,1,"['ban', 'travel', 'trump', 'order', 'judge', 'revise', 'hawaii', 'president', 'trumps', 'block']",4,"['ban', 'travel', 'trump', 'executive_order', 'order', 'revise', 'judge', 'federal_judge', 'trumps', 'president', 'hawaii', 'block', 'executive']",12,"['ban', 'travel', 'trump', 'executive_order', 'order', 'judge', 'revise', 'federal_judge', 'hawaii', 'president', 'trumps', 'muslim', 'block', 'immigration']","[24924400, 62594204, 810156981998800897]","ban,travel,trump,order,judge,revise,hawaii,trumps,block,president,immigration,executive_order,federal_judge,executive,muslim","ban,travel,trump,order,judge,revise,hawaii,trumps,block,president,immigration,executive_order,federal_judge,executive","ban,travel,trump,order,judge,revise,hawaii,president,trumps,block,executive_order,federal_judge,muslim,immigration","{'Travel Ban Controversy': 'ban, travel, trump, order, judge, revise, hawaii, trumps, block, president, immigration, executive_order, federal_judge, executive, muslim'}",Travel Ban Controversy,"{'Travel Ban and Legal Challenges': 'ban, travel, trump, order, judge, revise, hawaii, trumps, block, president, immigration, executive_order, federal_judge, executive'}",Travel Ban and Legal Challenges,"{'US Immigration Policy': 'ban, travel, trump, order, judge, revise, hawaii, president, trumps, block, executive_order, federal_judge, muslim, immigration'}",US Immigration Policy
79,8,"['ban', 'travel', 'trump', 'order', 'judge', 'revise', 'hawaii', 'trumps', 'block', 'president', 'immigration']",81,1,"['ban', 'travel', 'trump', 'order', 'judge', 'revise', 'hawaii', 'president', 'trumps', 'block']",4,"['ban', 'travel', 'trump', 'executive_order', 'order', 'revise', 'judge', 'federal_judge', 'trumps', 'president', 'hawaii', 'block', 'executive']",12,"['ban', 'travel', 'trump', 'executive_order', 'order', 'judge', 'revise', 'federal_judge', 'hawaii', 'president', 'trumps', 'muslim', 'block', 'immigration']","[16086928, 80163000, 136055810, 484237843, 816313821883146240]","ban,travel,trump,order,judge,revise,hawaii,trumps,block,president,immigration,executive_order,federal_judge,executive,muslim","ban,travel,trump,order,judge,revise,hawaii,trumps,block,president,immigration,executive_order,federal_judge,executive","ban,travel,trump,order,judge,revise,hawaii,president,trumps,block,executive_order,federal_judge,muslim,immigration","{'Travel Ban Controversy': 'ban, travel, trump, order, judge, revise, hawaii, trumps, block, president, immigration, executive_order, federal_judge, executive, muslim'}",Travel Ban Controversy,"{'Travel Ban and Legal Challenges': 'ban, travel, trump, order, judge, revise, hawaii, trumps, block, president, immigration, executive_order, federal_judge, executive'}",Travel Ban and Legal Challenges,"{'US Immigration Policy': 'ban, travel, trump, order, judge, revise, hawaii, president, trumps, block, executive_order, federal_judge, muslim, immigration'}",US Immigration Policy
80,8,"['ban', 'travel', 'trump', 'order', 'judge', 'revise', 'hawaii', 'trumps', 'block', 'president', 'immigration']",94,1,"['ban', 'travel', 'trump', 'order', 'judge', 'revise', 'hawaii', 'president', 'trumps', 'block']",4,"['ban', 'travel', 'trump', 'executive_order', 'order', 'revise', 'judge', 'federal_judge', 'trumps', 'president', 'hawaii', 'block', 'executive']",12,"['ban', 'travel', 'trump', 'executive_order', 'order', 'judge', 'revise', 'federal_judge', 'hawaii', 'president', 'trumps', 'muslim', 'block', 'immigration']","[6509832, 134758540, 240649814, 299259954]","ban,travel,trump,order,judge,revise,hawaii,trumps,block,president,immigration,executive_order,federal_judge,executive,muslim","ban,travel,trump,order,judge,revise,hawaii,trumps,block,president,immigration,executive_order,federal_judge,executive","ban,travel,trump,order,judge,revise,hawaii,president,trumps,block,executive_order,federal_judge,muslim,immigration","{'US Immigration Policy and Legal Challenges': 'ban, travel, trump, order, judge, revise, hawaii, trumps, block, president, immigration, executive_order, federal_judge, executive, muslim'}",US Immigration Policy and Legal Challenges,"{'Travel Ban and Legal Challenges': 'ban, travel, trump, order, judge, revise, hawaii, trumps, block, president, immigration, executive_order, federal_judge, executive'}",Travel Ban and Legal Challenges,"{'US Immigration Policy': 'ban, travel, trump, order, judge, revise, hawaii, president, trumps, block, executive_order, federal_judge, muslim, immigration'}",US Immigration Policy
81,8,"['ban', 'travel', 'trump', 'order', 'judge', 'revise', 'hawaii', 'trumps', 'block', 'president', 'immigration']",82,1,"['ban', 'travel', 'trump', 'order', 'judge', 'revise', 'hawaii', 'president', 'trumps', 'block']",4,"['ban', 'travel', 'trump', 'executive_order', 'order', 'revise', 'judge', 'federal_judge', 'trumps', 'president', 'hawaii', 'block', 'executive']",12,"['ban', 'travel', 'trump', 'executive_order', 'order', 'judge', 'revise', 'federal_judge', 'hawaii', 'president', 'trumps', 'muslim', 'block', 'immigration']","[1401130178, 2474129722, 767567215638052900]","ban,travel,trump,order,judge,revise,hawaii,trumps,block,president,immigration,executive_order,federal_judge,executive,muslim","ban,travel,trump,order,judge,revise,hawaii,trumps,block,president,immigration,executive_order,federal_judge,executive","ban,travel,trump,order,judge,revise,hawaii,president,trumps,block,executive_order,federal_judge,muslim,immigration","{'US Immigration Policy': 'ban, travel, trump, order, judge, revise, hawaii, trumps, block, president, immigration, executive_order, federal_judge, executive, muslim'}",US Immigration Policy,"{'Travel Ban and Legal Challenges': 'ban, travel, trump, order, judge, revise, hawaii, trumps, block, president, immigration, executive_order, federal_judge, executive'}",Travel Ban and Legal Challenges,"{'US Immigration Policy': 'ban, travel, trump, order, judge, revise, hawaii, president, trumps, block, executive_order, federal_judge, muslim, immigration'}",US Immigration Policy
82,11,"['nobannowall', 'muslimban', 'nomuslimban', 'immigrants', 'leftist', 'muslim', 'litigation', 'purge', 'immigration', 'heretostay']",83,13,"['heretostay', 'nobannowall', 'uslatino', 'tntweeter', 'notmore', 'immigration', 'uniteblue', 'inmigracion', 'latism', 'niunomas', 'entire', 'freedaniel']",1,"['immigration', 'travelban', 'refugee', 'tntweeter_uslatino', 'immigration_inmigracion', 'nobannowall', 'nobannowallnoraid_noban', 'sign_petition', 'immigrant']",9,"['muslimban', 'nobannowall', 'immigration', 'tntweeter_uslatino']","[24645871, 358005482, 1511154877, 1939212224, 2282990761, 2296218770, 2321479686, 2322972280, 2331266245, 2334894821, 2347832648, 2351157576, 2383802631, 2864321805, 2994390921]","nobannowall,muslimban,nomuslimban,immigrants,leftist,muslim,litigation,purge,immigration,heretostay,travelban,refugee,tntweeter_uslatino,immigration_inmigracion,nobannowallnoraid_noban,sign_petition,immigrant,uslatino,tntweeter,notmore,uniteblue,inmigracion,latism,niunomas,entire,freedaniel","nobannowall,muslimban,nomuslimban,immigrants,leftist,muslim,litigation,purge,immigration,heretostay,travelban,refugee,tntweeter_uslatino,immigration_inmigracion,nobannowallnoraid_noban,sign_petition,immigrant","heretostay,nobannowall,uslatino,tntweeter,notmore,immigration,uniteblue,inmigracion,latism,niunomas,entire,freedaniel,muslimban,tntweeter_uslatino","{'Immigration and Travel Ban Protests': ['nobannowall', 'muslimban', 'nomuslimban', 'immigrants', 'immigration', 'heretostay', 'travelban', 'refugee', 'immigrant', 'nobannowallnoraid_noban', 'sign_petition', 'notmore', 'uniteblue', 'freedaniel'], 'Muslim and Latino Advocacy': ['muslim', 'uslatino', 'tntweeter_uslatino', 'immigration_inmigracion', 'inmigracion', 'latism', 'niunomas'], 'Legal and Political Actions': ['litigation', 'purge', 'leftist', 'entire', 'tntweeter']}",Immigration and Travel Ban Protests.Muslim and Latino Advocacy.Legal and Political Actions,"{'Immigration and Travel Restrictions': 'nobannowall, muslimban, nomuslimban, immigrants, muslim, immigration, travelban, refugee, immigrant', 'Activism and Advocacy': 'leftist, heretostay, tntweeter_uslatino, immigration_inmigracion, nobannowallnoraid_noban, sign_petition', 'Legal and Political Actions': 'litigation, purge'}",Immigration and Travel Restrictions.Activism and Advocacy.Legal and Political Actions,"{'Immigration and Social Justice': 'heretostay, nobannowall, uslatino, notmore, immigration, uniteblue, inmigracion, latism, niunomas, muslimban', 'Social Media Activism': 'tntweeter, tntweeter_uslatino', 'Individual Advocacy': 'entire, freedaniel'}",Immigration and Social Justice.Social Media Activism.Individual Advocacy
83,8,"['ban', 'travel', 'trump', 'order', 'judge', 'revise', 'hawaii', 'trumps', 'block', 'president', 'immigration']",84,1,"['ban', 'travel', 'trump', 'order', 'judge', 'revise', 'hawaii', 'president', 'trumps', 'block']",4,"['ban', 'travel', 'trump', 'executive_order', 'order', 'revise', 'judge', 'federal_judge', 'trumps', 'president', 'hawaii', 'block', 'executive']",12,"['ban', 'travel', 'trump', 'executive_order', 'order', 'judge', 'revise', 'federal_judge', 'hawaii', 'president', 'trumps', 'muslim', 'block', 'immigration']","[754021502375395300, 754021502375395328, 761455354278535200]","ban,travel,trump,order,judge,revise,hawaii,trumps,block,president,immigration,executive_order,federal_judge,executive,muslim","ban,travel,trump,order,judge,revise,hawaii,trumps,block,president,immigration,executive_order,federal_judge,executive","ban,travel,trump,order,judge,revise,hawaii,president,trumps,block,executive_order,federal_judge,muslim,immigration","{'Travel Ban Controversy': 'ban, travel, trump, order, judge, revise, hawaii, trumps, block, president, immigration, executive_order, federal_judge, executive, muslim'}",Travel Ban Controversy,"{'Travel Ban and Legal Challenges': 'ban, travel, trump, order, judge, revise, hawaii, trumps, block, president, immigration, executive_order, federal_judge, executive'}",Travel Ban and Legal Challenges,"{'US Immigration Policy': 'ban, travel, trump, order, judge, revise, hawaii, president, trumps, block, executive_order, federal_judge, muslim, immigration'}",US Immigration Policy
84,3,"['muslimban', 'muslim', 'ban', 'travelban', 'maga', 'trump', 'country', 'travel', 'judge', 'offend', 'leave', 'obama', 'america']",85,3,"['muslimban', 'nobannowall', 'live', 'true']",7,"['muslimban', 'trump', 'radio_live', 'resist', 'stock_money', 'theresistance', 'trumprussia']",9,"['muslimban', 'nobannowall', 'immigration', 'tntweeter_uslatino']","[382219862, 4663571046, 742746435955875840, 747915502589087700, 785916389529821185]","muslimban,muslim,ban,travelban,maga,trump,country,travel,judge,offend,leave,obama,america,radio_live,resist,stock_money,theresistance,trumprussia,nobannowall,live,true,immigration,tntweeter_uslatino","muslimban,muslim,ban,travelban,maga,trump,country,travel,judge,offend,leave,obama,america,radio_live,resist,stock_money,theresistance,trumprussia","muslimban,nobannowall,live,true,immigration,tntweeter_uslatino","{'US Immigration Policy': 'muslimban, travelban, ban, immigration, muslim, country, travel', 'Political Resistance': 'maga, trump, obama, theresistance, resist, nobannowall, trumprussia', 'Judicial and Political Reactions': 'judge, offend, leave, america', 'Media and Public Discourse': 'radio_live, live, true, tntweeter_uslatino', 'Economic Impact': 'stock_money'}",US Immigration Policy.Political Resistance.Judicial and Political Reactions.Media and Public Discourse.Economic Impact,"{'US Travel and Immigration Policy': 'muslimban, travelban, ban, travel, country, judge, offend, leave', 'Political Figures and Movements': 'maga, trump, obama, america, theresistance, resist, trumprussia', 'Media and Public Discourse': 'radio_live', 'Economy and Finance': 'stock_money'}",US Travel and Immigration Policy.Political Figures and Movements.Media and Public Discourse.Economy and Finance,"{'Immigration and Travel Ban': 'muslimban, nobannowall, immigration', 'Social Media and Activism': 'live, tntweeter_uslatino', 'Truth and Authenticity': 'true'}",Immigration and Travel Ban.Social Media and Activism.Truth and Authenticity
85,8,"['ban', 'travel', 'trump', 'order', 'judge', 'revise', 'hawaii', 'trumps', 'block', 'president', 'immigration']",104,1,"['ban', 'travel', 'trump', 'order', 'judge', 'revise', 'hawaii', 'president', 'trumps', 'block']",4,"['ban', 'travel', 'trump', 'executive_order', 'order', 'revise', 'judge', 'federal_judge', 'trumps', 'president', 'hawaii', 'block', 'executive']",12,"['ban', 'travel', 'trump', 'executive_order', 'order', 'judge', 'revise', 'federal_judge', 'hawaii', 'president', 'trumps', 'muslim', 'block', 'immigration']","[12137172, 17070252, 20758263, 22284908, 26266511, 32636643, 52392666, 77802639, 188965758, 758189028, 921460356, 950976000, 2876378805, 2951577298, 3160410565, 701128692622229504, 732175413850464256, 776839703832035328, 803023384263139328]","ban,travel,trump,order,judge,revise,hawaii,trumps,block,president,immigration,executive_order,federal_judge,executive,muslim","ban,travel,trump,order,judge,revise,hawaii,trumps,block,president,immigration,executive_order,federal_judge,executive","ban,travel,trump,order,judge,revise,hawaii,president,trumps,block,executive_order,federal_judge,muslim,immigration","{'US Immigration Policy and Legal Challenges': 'ban, travel, trump, order, judge, revise, hawaii, trumps, block, president, immigration, executive_order, federal_judge, executive, muslim'}",US Immigration Policy and Legal Challenges,"{'Travel Ban and Legal Challenges': 'ban, travel, trump, order, judge, revise, hawaii, trumps, block, president, immigration, executive_order, federal_judge, executive'}",Travel Ban and Legal Challenges,"{'US Immigration Policy': 'ban, travel, trump, order, judge, revise, hawaii, president, trumps, block, executive_order, federal_judge, muslim, immigration'}",US Immigration Policy
86,6,"['ban', 'muslim', 'muslimban', 'trump', 'court', 'aclu']",86,3,"['muslimban', 'nobannowall', 'live', 'true']",4,"['ban', 'travel', 'trump', 'executive_order', 'order', 'revise', 'judge', 'federal_judge', 'trumps', 'president', 'hawaii', 'block', 'executive']",4,"['muslimban', 'trump', 'trumprussia', 'resist', 'ban', 'russiagate', 'theresistance', 'muslim', 'travel', 'april_speech', 'break', 'trumps', 'todays_hashtag', 'april']","[60495273, 796820778104881200, 808322443047825409]","ban,muslim,muslimban,trump,court,aclu,travel,executive_order,order,revise,judge,federal_judge,trumps,president,hawaii,block,executive,nobannowall,live,true,trumprussia,resist,russiagate,theresistance,april_speech,break,todays_hashtag,april","ban,muslim,muslimban,trump,court,aclu,travel,executive_order,order,revise,judge,federal_judge,trumps,president,hawaii,block,executive","muslimban,nobannowall,live,true,trump,trumprussia,resist,ban,russiagate,theresistance,muslim,travel,april_speech,break,trumps,todays_hashtag,april","{'Travel Ban Controversy': ['ban', 'muslim', 'muslimban', 'trump', 'court', 'aclu', 'travel', 'executive_order', 'order', 'revise', 'judge', 'federal_judge', 'trumps', 'president', 'hawaii', 'block', 'executive', 'nobannowall'], 'Political Resistance and Russia Investigation': ['live', 'true', 'trumprussia', 'resist', 'russiagate', 'theresistance', 'april_speech', 'break', 'todays_hashtag', 'april']}",Travel Ban Controversy.Political Resistance and Russia Investigation,"{'Travel Ban Controversy': 'ban, muslim, muslimban, trump, court, aclu, travel, executive_order, order, revise, judge, federal_judge, trumps, president, hawaii, block, executive'}",Travel Ban Controversy,"{'US Political Resistance Movements': 'muslimban, nobannowall, resist, theresistance', 'Trump Administration Controversies': 'trump, trumprussia, russiagate, trumps', 'Travel and Immigration Policies': 'ban, muslim, travel', 'Current Events and Social Media': 'live, true, april_speech, break, todays_hashtag, april'}",US Political Resistance Movements.Trump Administration Controversies.Travel and Immigration Policies.Current Events and Social Media
87,3,"['muslimban', 'muslim', 'ban', 'travelban', 'maga', 'trump', 'country', 'travel', 'judge', 'offend', 'leave', 'obama', 'america']",87,3,"['muslimban', 'nobannowall', 'live', 'true']",7,"['muslimban', 'trump', 'radio_live', 'resist', 'stock_money', 'theresistance', 'trumprussia']",12,"['ban', 'travel', 'trump', 'executive_order', 'order', 'judge', 'revise', 'federal_judge', 'hawaii', 'president', 'trumps', 'muslim', 'block', 'immigration']","[19782902, 189042188, 2543934432, 2838359254, 3117374427, 786271733741330432]","muslimban,muslim,ban,travelban,maga,trump,country,travel,judge,offend,leave,obama,america,radio_live,resist,stock_money,theresistance,trumprussia,nobannowall,live,true,executive_order,order,revise,federal_judge,hawaii,president,trumps,block,immigration","muslimban,muslim,ban,travelban,maga,trump,country,travel,judge,offend,leave,obama,america,radio_live,resist,stock_money,theresistance,trumprussia","muslimban,nobannowall,live,true,ban,travel,trump,executive_order,order,judge,revise,federal_judge,hawaii,president,trumps,muslim,block,immigration","{'US Immigration Policy': 'muslimban, travelban, ban, immigration, executive_order, order, revise, block, federal_judge, judge, hawaii', 'Political Resistance': 'maga, trump, obama, america, resist, theresistance, trumprussia, nobannowall, live, true, radio_live', 'Presidential Actions': 'president, trumps, executive_order, order, revise, block'}",US Immigration Policy.Political Resistance.Presidential Actions,"{'US Travel and Immigration Policy': 'muslimban, travelban, ban, travel, country, judge, offend, leave', 'Political Figures and Movements': 'maga, trump, obama, america, theresistance, resist, trumprussia', 'Media and Public Discourse': 'radio_live', 'Economy and Finance': 'stock_money'}",US Travel and Immigration Policy.Political Figures and Movements.Media and Public Discourse.Economy and Finance,"{'US Immigration Policy Controversy': 'muslimban, nobannowall, ban, travel, trump, executive_order, order, judge, revise, federal_judge, hawaii, president, trumps, muslim, block, immigration'}",US Immigration Policy Controversy
89,1,"['reminder', 'muslimban', 'wall', 'time', 'great', 'stay', 'muslims', 'mondaymotivation', 'not']",88,4,"['travelban', 'refugee', 'immigration', 'refugeeswelcome', 'immigrant', 'muslimban', 'nobannowallnoraid', 'great', 'resisttrump', 'mondaymotivation', 'nobannowall', 'woman', 'resist']",7,"['muslimban', 'trump', 'radio_live', 'resist', 'stock_money', 'theresistance', 'trumprussia']",4,"['muslimban', 'trump', 'trumprussia', 'resist', 'ban', 'russiagate', 'theresistance', 'muslim', 'travel', 'april_speech', 'break', 'trumps', 'todays_hashtag', 'april']","[277817081, 596447623, 4029747432, 780090518252445700, 799095285721010176, 831964050560921600]","reminder,muslimban,wall,time,great,stay,muslims,mondaymotivation,not,trump,radio_live,resist,stock_money,theresistance,trumprussia,travelban,refugee,immigration,refugeeswelcome,immigrant,nobannowallnoraid,resisttrump,nobannowall,woman,ban,russiagate,muslim,travel,april_speech,break,trumps,todays_hashtag,april","reminder,muslimban,wall,time,great,stay,muslims,mondaymotivation,not,trump,radio_live,resist,stock_money,theresistance,trumprussia","travelban,refugee,immigration,refugeeswelcome,immigrant,muslimban,nobannowallnoraid,great,resisttrump,mondaymotivation,nobannowall,woman,resist,trump,trumprussia,ban,russiagate,theresistance,muslim,travel,april_speech,break,trumps,todays_hashtag,april","{'Political Resistance and Immigration Policies': ['muslimban', 'wall', 'muslims', 'resist', 'theresistance', 'trumprussia', 'travelban', 'refugee', 'immigration', 'refugeeswelcome', 'immigrant', 'nobannowallnoraid', 'resisttrump', 'nobannowall', 'ban', 'russiagate', 'muslim', 'travel'], 'Donald Trump and Related Events': ['trump', 'trumps', 'april_speech', 'april'], 'Motivational and Daily Themes': ['reminder', 'time', 'great', 'stay', 'mondaymotivation', 'not', 'todays_hashtag'], 'Media and Communication': ['radio_live', 'stock_money', 'woman', 'break']}",Political Resistance and Immigration Policies.Donald Trump and Related Events.Motivational and Daily Themes.Media and Communication,"{'Political Resistance': 'resist, theresistance, trumprussia', 'Trump Administration Policies': 'muslimban, wall, trump', 'Motivational and Temporal Context': 'reminder, time, great, stay, mondaymotivation, not', 'Media and Finance': 'radio_live, stock_money'}",Political Resistance.Trump Administration Policies.Motivational and Temporal Context.Media and Finance,"{'Immigration and Travel Ban': ['travelban', 'refugee', 'immigration', 'refugeeswelcome', 'immigrant', 'muslimban', 'nobannowallnoraid', 'nobannowall', 'ban', 'muslim', 'travel'], 'Political Resistance and Opposition': ['resisttrump', 'resist', 'theresistance', 'trump', 'trumps', 'resist', 'nobannowallnoraid', 'nobannowall'], 'Trump and Russia Investigation': ['trumprussia', 'russiagate'], 'Motivation and Inspiration': ['great', 'mondaymotivation', 'woman', 'april_speech', 'break', 'todays_hashtag', 'april']}",Immigration and Travel Ban.Political Resistance and Opposition.Trump and Russia Investigation.Motivation and Inspiration
90,8,"['ban', 'travel', 'trump', 'order', 'judge', 'revise', 'hawaii', 'trumps', 'block', 'president', 'immigration']",89,3,"['muslimban', 'nobannowall', 'live', 'true']",11,"['refugeeswelcome', 'travelban', 'maga', 'muslimban', 'tcot', 'pvv', 'islam', 'stopislamofobia', 'bordersclose']",12,"['ban', 'travel', 'trump', 'executive_order', 'order', 'judge', 'revise', 'federal_judge', 'hawaii', 'president', 'trumps', 'muslim', 'block', 'immigration']","[375862615, 706595417975365600, 822473563768782853]","ban,travel,trump,order,judge,revise,hawaii,trumps,block,president,immigration,refugeeswelcome,travelban,maga,muslimban,tcot,pvv,islam,stopislamofobia,bordersclose,nobannowall,live,true,executive_order,federal_judge,muslim","ban,travel,trump,order,judge,revise,hawaii,trumps,block,president,immigration,refugeeswelcome,travelban,maga,muslimban,tcot,pvv,islam,stopislamofobia,bordersclose","muslimban,nobannowall,live,true,ban,travel,trump,executive_order,order,judge,revise,federal_judge,hawaii,president,trumps,muslim,block,immigration","{'US Immigration Policy': 'ban, travel, trump, order, judge, revise, hawaii, trumps, block, president, immigration, travelban, maga, muslimban, executive_order, federal_judge, muslim', 'Public Reaction to Immigration Policies': 'refugeeswelcome, tcot, pvv, islam, stopislamofobia, bordersclose, nobannowall, live, true'}",US Immigration Policy.Public Reaction to Immigration Policies,"{'US Immigration Policy and Legal Challenges': 'ban, travel, trump, order, judge, revise, hawaii, trumps, block, president, immigration, travelban, muslimban', 'Public and Political Reactions to Immigration Policies': 'refugeeswelcome, maga, tcot, pvv, islam, stopislamofobia, bordersclose'}",US Immigration Policy and Legal Challenges.Public and Political Reactions to Immigration Policies,"{'US Immigration Policy Controversy': 'muslimban, nobannowall, ban, travel, trump, executive_order, order, judge, revise, federal_judge, hawaii, president, trumps, muslim, block, immigration'}",US Immigration Policy Controversy
91,14,"['rte', 'enda', 'support', 'bbc', 'scum', 'fuck', 'civilization', 'propaganda', 'visit', 'eve', 'western', 'judgesth']",91,1,"['ban', 'travel', 'trump', 'order', 'judge', 'revise', 'hawaii', 'president', 'trumps', 'block']",12,"['muslimban', 'main_reason', 'visit', 'islam', 'total', 'ben_carson', 'trump', 'attack', 'rte', 'iranian', 'people', 'child', 'nation']",12,"['ban', 'travel', 'trump', 'executive_order', 'order', 'judge', 'revise', 'federal_judge', 'hawaii', 'president', 'trumps', 'muslim', 'block', 'immigration']","[2885643969, 695739596500557800, 695739596500557825]","rte,enda,support,bbc,scum,fuck,civilization,propaganda,visit,eve,western,judgesth,muslimban,main_reason,islam,total,ben_carson,trump,attack,iranian,people,child,nation,ban,travel,order,judge,revise,hawaii,president,trumps,block,executive_order,federal_judge,muslim,immigration","rte,enda,support,bbc,scum,fuck,civilization,propaganda,visit,eve,western,judgesth,muslimban,main_reason,islam,total,ben_carson,trump,attack,iranian,people,child,nation","ban,travel,trump,order,judge,revise,hawaii,president,trumps,block,executive_order,federal_judge,muslim,immigration","{'US Immigration Policy': ['muslimban', 'main_reason', 'islam', 'total', 'ben_carson', 'trump', 'attack', 'iranian', 'people', 'child', 'nation', 'ban', 'travel', 'order', 'judge', 'revise', 'hawaii', 'president', 'trumps', 'block', 'executive_order', 'federal_judge', 'muslim', 'immigration'], 'Media and Public Perception': ['rte', 'enda', 'support', 'bbc', 'scum', 'fuck', 'civilization', 'propaganda', 'visit', 'eve', 'western', 'judgesth']}",US Immigration Policy.Media and Public Perception,"{'Media and Propaganda': ['rte', 'bbc', 'propaganda'], 'Political Figures and Policies': ['enda', 'ben_carson', 'trump', 'muslimban'], 'Cultural and Religious Tensions': ['islam', 'iranian', 'muslimban'], 'Social and Political Criticism': ['scum', 'fuck', 'attack', 'judgesth'], 'International Relations and Conflict': ['western', 'iranian', 'nation', 'visit'], 'Human Impact and Society': ['civilization', 'people', 'child', 'support']}",Media and Propaganda.Political Figures and Policies.Cultural and Religious Tensions.Social and Political Criticism.International Relations and Conflict.Human Impact and Society,"{'US Immigration Policy': 'ban, travel, trump, order, judge, revise, hawaii, president, trumps, block, executive_order, federal_judge, muslim, immigration'}",US Immigration Policy
92,8,"['ban', 'travel', 'trump', 'order', 'judge', 'revise', 'hawaii', 'trumps', 'block', 'president', 'immigration']",92,1,"['ban', 'travel', 'trump', 'order', 'judge', 'revise', 'hawaii', 'president', 'trumps', 'block']",4,"['ban', 'travel', 'trump', 'executive_order', 'order', 'revise', 'judge', 'federal_judge', 'trumps', 'president', 'hawaii', 'block', 'executive']",12,"['ban', 'travel', 'trump', 'executive_order', 'order', 'judge', 'revise', 'federal_judge', 'hawaii', 'president', 'trumps', 'muslim', 'block', 'immigration']","[18086309, 26453924, 781534268, 847545582, 4780784385, 824773862512533504, 828038191974346800]","ban,travel,trump,order,judge,revise,hawaii,trumps,block,president,immigration,executive_order,federal_judge,executive,muslim","ban,travel,trump,order,judge,revise,hawaii,trumps,block,president,immigration,executive_order,federal_judge,executive","ban,travel,trump,order,judge,revise,hawaii,president,trumps,block,executive_order,federal_judge,muslim,immigration","{'Travel Ban and Legal Challenges': 'ban, travel, trump, order, judge, revise, hawaii, trumps, block, president, immigration, executive_order, federal_judge, executive, muslim'}",Travel Ban and Legal Challenges,"{'Travel Ban and Legal Challenges': 'ban, travel, trump, order, judge, revise, hawaii, trumps, block, president, immigration, executive_order, federal_judge, executive'}",Travel Ban and Legal Challenges,"{'US Immigration Policy': 'ban, travel, trump, order, judge, revise, hawaii, president, trumps, block, executive_order, federal_judge, muslim, immigration'}",US Immigration Policy
93,8,"['ban', 'travel', 'trump', 'order', 'judge', 'revise', 'hawaii', 'trumps', 'block', 'president', 'immigration']",93,1,"['ban', 'travel', 'trump', 'order', 'judge', 'revise', 'hawaii', 'president', 'trumps', 'block']",4,"['ban', 'travel', 'trump', 'executive_order', 'order', 'revise', 'judge', 'federal_judge', 'trumps', 'president', 'hawaii', 'block', 'executive']",12,"['ban', 'travel', 'trump', 'executive_order', 'order', 'judge', 'revise', 'federal_judge', 'hawaii', 'president', 'trumps', 'muslim', 'block', 'immigration']","[250449227, 3304338706, 3352466116, 3408045383, 3408741905]","ban,travel,trump,order,judge,revise,hawaii,trumps,block,president,immigration,executive_order,federal_judge,executive,muslim","ban,travel,trump,order,judge,revise,hawaii,trumps,block,president,immigration,executive_order,federal_judge,executive","ban,travel,trump,order,judge,revise,hawaii,president,trumps,block,executive_order,federal_judge,muslim,immigration","{'US Immigration Policy Controversy': 'ban, travel, trump, order, judge, revise, hawaii, trumps, block, president, immigration, executive_order, federal_judge, executive, muslim'}",US Immigration Policy Controversy,"{'Travel Ban and Legal Challenges': 'ban, travel, trump, order, judge, revise, hawaii, trumps, block, president, immigration, executive_order, federal_judge, executive'}",Travel Ban and Legal Challenges,"{'US Immigration Policy': 'ban, travel, trump, order, judge, revise, hawaii, president, trumps, block, executive_order, federal_judge, muslim, immigration'}",US Immigration Policy
94,8,"['ban', 'travel', 'trump', 'order', 'judge', 'revise', 'hawaii', 'trumps', 'block', 'president', 'immigration']",95,1,"['ban', 'travel', 'trump', 'order', 'judge', 'revise', 'hawaii', 'president', 'trumps', 'block']",4,"['ban', 'travel', 'trump', 'executive_order', 'order', 'revise', 'judge', 'federal_judge', 'trumps', 'president', 'hawaii', 'block', 'executive']",12,"['ban', 'travel', 'trump', 'executive_order', 'order', 'judge', 'revise', 'federal_judge', 'hawaii', 'president', 'trumps', 'muslim', 'block', 'immigration']","[22993014, 183036128, 259506084]","ban,travel,trump,order,judge,revise,hawaii,trumps,block,president,immigration,executive_order,federal_judge,executive,muslim","ban,travel,trump,order,judge,revise,hawaii,trumps,block,president,immigration,executive_order,federal_judge,executive","ban,travel,trump,order,judge,revise,hawaii,president,trumps,block,executive_order,federal_judge,muslim,immigration","{'US Immigration Policy and Legal Challenges': 'ban, travel, trump, order, judge, revise, hawaii, trumps, block, president, immigration, executive_order, federal_judge, executive, muslim'}",US Immigration Policy and Legal Challenges,"{'Travel Ban and Legal Challenges': 'ban, travel, trump, order, judge, revise, hawaii, trumps, block, president, immigration, executive_order, federal_judge, executive'}",Travel Ban and Legal Challenges,"{'US Immigration Policy': 'ban, travel, trump, order, judge, revise, hawaii, president, trumps, block, executive_order, federal_judge, muslim, immigration'}",US Immigration Policy
95,8,"['ban', 'travel', 'trump', 'order', 'judge', 'revise', 'hawaii', 'trumps', 'block', 'president', 'immigration']",96,1,"['ban', 'travel', 'trump', 'order', 'judge', 'revise', 'hawaii', 'president', 'trumps', 'block']",4,"['ban', 'travel', 'trump', 'executive_order', 'order', 'revise', 'judge', 'federal_judge', 'trumps', 'president', 'hawaii', 'block', 'executive']",12,"['ban', 'travel', 'trump', 'executive_order', 'order', 'judge', 'revise', 'federal_judge', 'hawaii', 'president', 'trumps', 'muslim', 'block', 'immigration']","[2174509045, 757965470460882945, 788392607692890100]","ban,travel,trump,order,judge,revise,hawaii,trumps,block,president,immigration,executive_order,federal_judge,executive,muslim","ban,travel,trump,order,judge,revise,hawaii,trumps,block,president,immigration,executive_order,federal_judge,executive","ban,travel,trump,order,judge,revise,hawaii,president,trumps,block,executive_order,federal_judge,muslim,immigration","{'US Immigration Policy and Legal Challenges': 'ban, travel, trump, order, judge, revise, hawaii, trumps, block, president, immigration, executive_order, federal_judge, executive, muslim'}",US Immigration Policy and Legal Challenges,"{'Travel Ban and Legal Challenges': 'ban, travel, trump, order, judge, revise, hawaii, trumps, block, president, immigration, executive_order, federal_judge, executive'}",Travel Ban and Legal Challenges,"{'US Immigration Policy': 'ban, travel, trump, order, judge, revise, hawaii, president, trumps, block, executive_order, federal_judge, muslim, immigration'}",US Immigration Policy
96,11,"['nobannowall', 'muslimban', 'nomuslimban', 'immigrants', 'leftist', 'muslim', 'litigation', 'purge', 'immigration', 'heretostay']",97,0,"['nobannowall', 'theresistance', 'muslimban', 'trump', 'sign', 'pausethispresident', 'refugeeban', 'syria', 'refugee', 'petition', 'unjust', 'sad', 'ass', 'aca']",13,"['nobannowall', 'theresistance', 'resist', 'riseup', 'neveragain_riseup', 'neveragain', 'nodapl_riseup', 'ban', 'muslim']",9,"['muslimban', 'nobannowall', 'immigration', 'tntweeter_uslatino']","[812361923304034300, 812361923304034304, 815708250217840600]","nobannowall,muslimban,nomuslimban,immigrants,leftist,muslim,litigation,purge,immigration,heretostay,theresistance,resist,riseup,neveragain_riseup,neveragain,nodapl_riseup,ban,trump,sign,pausethispresident,refugeeban,syria,refugee,petition,unjust,sad,ass,aca,tntweeter_uslatino","nobannowall,muslimban,nomuslimban,immigrants,leftist,muslim,litigation,purge,immigration,heretostay,theresistance,resist,riseup,neveragain_riseup,neveragain,nodapl_riseup,ban","nobannowall,theresistance,muslimban,trump,sign,pausethispresident,refugeeban,syria,refugee,petition,unjust,sad,ass,aca,immigration,tntweeter_uslatino","{'Immigration and Refugee Policies': ['nobannowall', 'muslimban', 'nomuslimban', 'immigrants', 'immigration', 'refugeeban', 'refugee', 'syria', 'unjust', 'heretostay'], 'Political Activism and Resistance': ['leftist', 'litigation', 'purge', 'theresistance', 'resist', 'riseup', 'neveragain_riseup', 'neveragain', 'nodapl_riseup', 'ban', 'trump', 'sign', 'pausethispresident', 'petition', 'sad', 'ass', 'aca', 'tntweeter_uslatino']}",Immigration and Refugee Policies.Political Activism and Resistance,"{'Immigration and Resistance Movements': 'nobannowall, muslimban, nomuslimban, immigrants, leftist, muslim, litigation, purge, immigration, heretostay, theresistance, resist, riseup, neveragain_riseup, neveragain, nodapl_riseup, ban'}",Immigration and Resistance Movements,"{'Political Resistance to Immigration Policies': 'nobannowall, theresistance, muslimban, trump, pausethispresident, refugee, petition, unjust, sad, immigration', ""Criticism of Trump's Presidency"": 'trump, sign, pausethispresident, unjust, sad, ass', 'Refugee and Immigration Issues': 'muslimban, refugee, refugeeban, syria, immigration', 'Healthcare and Policy Critique': 'aca', 'Latino Community and Social Media': 'tntweeter_uslatino'}",Political Resistance to Immigration Policies.Criticism of Trump's Presidency.Refugee and Immigration Issues.Healthcare and Policy Critique.Latino Community and Social Media
97,8,"['ban', 'travel', 'trump', 'order', 'judge', 'revise', 'hawaii', 'trumps', 'block', 'president', 'immigration']",98,1,"['ban', 'travel', 'trump', 'order', 'judge', 'revise', 'hawaii', 'president', 'trumps', 'block']",4,"['ban', 'travel', 'trump', 'executive_order', 'order', 'revise', 'judge', 'federal_judge', 'trumps', 'president', 'hawaii', 'block', 'executive']",12,"['ban', 'travel', 'trump', 'executive_order', 'order', 'judge', 'revise', 'federal_judge', 'hawaii', 'president', 'trumps', 'muslim', 'block', 'immigration']","[104891939, 158136902, 787961053535699000]","ban,travel,trump,order,judge,revise,hawaii,trumps,block,president,immigration,executive_order,federal_judge,executive,muslim","ban,travel,trump,order,judge,revise,hawaii,trumps,block,president,immigration,executive_order,federal_judge,executive","ban,travel,trump,order,judge,revise,hawaii,president,trumps,block,executive_order,federal_judge,muslim,immigration","{'US Immigration Policy and Legal Challenges': 'ban, travel, trump, order, judge, revise, hawaii, trumps, block, president, immigration, executive_order, federal_judge, executive, muslim'}",US Immigration Policy and Legal Challenges,"{'Travel Ban and Legal Challenges': 'ban, travel, trump, order, judge, revise, hawaii, trumps, block, president, immigration, executive_order, federal_judge, executive'}",Travel Ban and Legal Challenges,"{'US Immigration Policy': 'ban, travel, trump, order, judge, revise, hawaii, president, trumps, block, executive_order, federal_judge, muslim, immigration'}",US Immigration Policy
98,6,"['ban', 'muslim', 'muslimban', 'trump', 'court', 'aclu']",99,1,"['ban', 'travel', 'trump', 'order', 'judge', 'revise', 'hawaii', 'president', 'trumps', 'block']",4,"['ban', 'travel', 'trump', 'executive_order', 'order', 'revise', 'judge', 'federal_judge', 'trumps', 'president', 'hawaii', 'block', 'executive']",12,"['ban', 'travel', 'trump', 'executive_order', 'order', 'judge', 'revise', 'federal_judge', 'hawaii', 'president', 'trumps', 'muslim', 'block', 'immigration']","[88766270, 472426686, 743292565]","ban,muslim,muslimban,trump,court,aclu,travel,executive_order,order,revise,judge,federal_judge,trumps,president,hawaii,block,executive,immigration","ban,muslim,muslimban,trump,court,aclu,travel,executive_order,order,revise,judge,federal_judge,trumps,president,hawaii,block,executive","ban,travel,trump,order,judge,revise,hawaii,president,trumps,block,executive_order,federal_judge,muslim,immigration","{'US Travel Ban Controversy': 'ban, muslim, muslimban, trump, court, aclu, travel, executive_order, order, revise, judge, federal_judge, trumps, president, hawaii, block, executive, immigration'}",US Travel Ban Controversy,"{'Travel Ban Controversy': 'ban, muslim, muslimban, trump, court, aclu, travel, executive_order, order, revise, judge, federal_judge, trumps, president, hawaii, block, executive'}",Travel Ban Controversy,"{'US Immigration Policy': 'ban, travel, trump, order, judge, revise, hawaii, president, trumps, block, executive_order, federal_judge, muslim, immigration'}",US Immigration Policy
99,8,"['ban', 'travel', 'trump', 'order', 'judge', 'revise', 'hawaii', 'trumps', 'block', 'president', 'immigration']",100,1,"['ban', 'travel', 'trump', 'order', 'judge', 'revise', 'hawaii', 'president', 'trumps', 'block']",4,"['ban', 'travel', 'trump', 'executive_order', 'order', 'revise', 'judge', 'federal_judge', 'trumps', 'president', 'hawaii', 'block', 'executive']",12,"['ban', 'travel', 'trump', 'executive_order', 'order', 'judge', 'revise', 'federal_judge', 'hawaii', 'president', 'trumps', 'muslim', 'block', 'immigration']","[78817006, 715329083802931200, 791783093145178112, 808342475228127232]","ban,travel,trump,order,judge,revise,hawaii,trumps,block,president,immigration,executive_order,federal_judge,executive,muslim","ban,travel,trump,order,judge,revise,hawaii,trumps,block,president,immigration,executive_order,federal_judge,executive","ban,travel,trump,order,judge,revise,hawaii,president,trumps,block,executive_order,federal_judge,muslim,immigration","{'US Immigration Policy': 'ban, travel, trump, order, judge, revise, hawaii, trumps, block, president, immigration, executive_order, federal_judge, executive, muslim'}",US Immigration Policy,"{'Travel Ban and Legal Challenges': 'ban, travel, trump, order, judge, revise, hawaii, trumps, block, president, immigration, executive_order, federal_judge, executive'}",Travel Ban and Legal Challenges,"{'US Immigration Policy': 'ban, travel, trump, order, judge, revise, hawaii, president, trumps, block, executive_order, federal_judge, muslim, immigration'}",US Immigration Policy
100,8,"['ban', 'travel', 'trump', 'order', 'judge', 'revise', 'hawaii', 'trumps', 'block', 'president', 'immigration']",101,3,"['muslimban', 'nobannowall', 'live', 'true']",9,"['ban', 'travel', 'trump', 'muslim']",0,"['travelban', 'refugeeswelcome', 'maga', 'trump', 'ban', 'refugee', 'noban', 'tcot', 'muslimban', 'islam', 'stopislamofobia', 'judge', 'muslim', 'humanright_fight']","[892071500, 4883035583, 745580638309318656]","ban,travel,trump,order,judge,revise,hawaii,trumps,block,president,immigration,muslim,muslimban,nobannowall,live,true,travelban,refugeeswelcome,maga,refugee,noban,tcot,islam,stopislamofobia,humanright_fight","ban,travel,trump,order,judge,revise,hawaii,trumps,block,president,immigration,muslim","muslimban,nobannowall,live,true,travelban,refugeeswelcome,maga,trump,ban,refugee,noban,tcot,islam,stopislamofobia,judge,muslim,humanright_fight","{'US Immigration Policy': 'ban, travel, trump, order, judge, revise, hawaii, trumps, block, president, immigration, muslim, muslimban, travelban, refugee, noban, refugeeswelcome', 'Political and Social Movements': 'nobannowall, live, true, maga, tcot, islam, stopislamofobia, humanright_fight'}",US Immigration Policy.Political and Social Movements,"{'US Immigration Policy Controversy': 'ban, travel, trump, order, judge, revise, hawaii, trumps, block, president, immigration, muslim'}",US Immigration Policy Controversy,"{'Travel Ban and Immigration Policies': 'muslimban, travelban, nobannowall, refugeeswelcome, refugee, noban, ban, muslim, humanright_fight', 'Political and Social Movements': 'maga, trump, tcot', 'Anti-Islamophobia and Human Rights': 'stopislamofobia, islam, humanright_fight', 'Judicial and Legal Actions': 'judge'}",Travel Ban and Immigration Policies.Political and Social Movements.Anti-Islamophobia and Human Rights.Judicial and Legal Actions
101,8,"['ban', 'travel', 'trump', 'order', 'judge', 'revise', 'hawaii', 'trumps', 'block', 'president', 'immigration']",102,1,"['ban', 'travel', 'trump', 'order', 'judge', 'revise', 'hawaii', 'president', 'trumps', 'block']",9,"['ban', 'travel', 'trump', 'muslim']",11,"['shut_newyorkweather', 'york_city', 'newyorkweather', 'hate_fear', 'york', 'city', 'east_coast', 'deadly_east', 'coast_snowstorm', 'outdoor']","[1636673089, 2453781038, 2483500938, 2798607668]","ban,travel,trump,order,judge,revise,hawaii,trumps,block,president,immigration,muslim,shut_newyorkweather,york_city,newyorkweather,hate_fear,york,city,east_coast,deadly_east,coast_snowstorm,outdoor","ban,travel,trump,order,judge,revise,hawaii,trumps,block,president,immigration,muslim","ban,travel,trump,order,judge,revise,hawaii,president,trumps,block,shut_newyorkweather,york_city,newyorkweather,hate_fear,york,city,east_coast,deadly_east,coast_snowstorm,outdoor","{'Travel Ban Legal Challenges': 'ban, travel, trump, order, judge, revise, hawaii, trumps, block, president, immigration, muslim', 'Severe Weather in New York': 'shut_newyorkweather, york_city, newyorkweather, york, city, east_coast, deadly_east, coast_snowstorm, outdoor', 'Social Tensions and Fear': 'hate_fear'}",Travel Ban Legal Challenges.Severe Weather in New York.Social Tensions and Fear,"{'US Immigration Policy Controversy': 'ban, travel, trump, order, judge, revise, hawaii, trumps, block, president, immigration, muslim'}",US Immigration Policy Controversy,"{'Travel Ban Legal Challenges': 'ban, travel, trump, order, judge, revise, hawaii, president, trumps, block, shut', 'Severe Weather in New York': 'newyorkweather, york_city, york, city, east_coast, deadly_east, coast_snowstorm, outdoor'}",Travel Ban Legal Challenges.Severe Weather in New York
102,7,"['refugeeswelcome', 'refugee', 'immigration', 'stopislamofobia', 'travelban', 'migrantenkriminalitat', 'immigrant', 'fightfear', 'prouracisme']",103,4,"['travelban', 'refugee', 'immigration', 'refugeeswelcome', 'immigrant', 'muslimban', 'nobannowallnoraid', 'great', 'resisttrump', 'mondaymotivation', 'nobannowall', 'woman', 'resist']",1,"['immigration', 'travelban', 'refugee', 'tntweeter_uslatino', 'immigration_inmigracion', 'nobannowall', 'nobannowallnoraid_noban', 'sign_petition', 'immigrant']",7,"['tcot_merkel', 'immigrantswelcome_refugee', 'national_security', 'immigrantswelcome', 'department_homeland']","[20702013, 1099960518, 750423143907487744]","refugeeswelcome,refugee,immigration,stopislamofobia,travelban,migrantenkriminalitat,immigrant,fightfear,prouracisme,tntweeter_uslatino,immigration_inmigracion,nobannowall,nobannowallnoraid_noban,sign_petition,muslimban,nobannowallnoraid,great,resisttrump,mondaymotivation,woman,resist,tcot_merkel,immigrantswelcome_refugee,national_security,immigrantswelcome,department_homeland","refugeeswelcome,refugee,immigration,stopislamofobia,travelban,migrantenkriminalitat,immigrant,fightfear,prouracisme,tntweeter_uslatino,immigration_inmigracion,nobannowall,nobannowallnoraid_noban,sign_petition","travelban,refugee,immigration,refugeeswelcome,immigrant,muslimban,nobannowallnoraid,great,resisttrump,mondaymotivation,nobannowall,woman,resist,tcot_merkel,immigrantswelcome_refugee,national_security,immigrantswelcome,department_homeland","{'Immigration and Refugee Advocacy': 'refugeeswelcome, refugee, immigration, immigrant, immigrantswelcome, immigrantswelcome_refugee, immigration_inmigracion', 'Anti-Discrimination and Anti-Islamophobia': 'stopislamofobia, muslimban, prouracisme, fightfear', 'Opposition to Travel and Immigration Bans': 'travelban, nobannowall, nobannowallnoraid_noban, sign_petition, nobannowallnoraid', 'Political Resistance and Activism': 'resisttrump, resist, mondaymotivation, great', 'National Security and Policy': 'national_security, department_homeland', 'Criticism of Political Figures': 'tcot_merkel', 'Crime and Immigration': 'migrantenkriminalitat', 'Community and Solidarity': 'tntweeter_uslatino, woman'}",Immigration and Refugee Advocacy.Anti-Discrimination and Anti-Islamophobia.Opposition to Travel and Immigration Bans.Political Resistance and Activism.National Security and Policy.Criticism of Political Figures.Crime and Immigration.Community and Solidarity,"{'Immigration and Refugee Advocacy': 'refugeeswelcome, refugee, immigration, immigrant, immigration_inmigracion, sign_petition', 'Anti-Discrimination and Anti-Racism': 'stopislamofobia, fightfear, prouracisme, tntweeter_uslatino', 'Opposition to Travel and Immigration Restrictions': 'travelban, nobannowall, nobannowallnoraid_noban', 'Concerns about Crime and Immigration': 'migrantenkriminalitat'}",Immigration and Refugee Advocacy.Anti-Discrimination and Anti-Racism.Opposition to Travel and Immigration Restrictions.Concerns about Crime and Immigration,"{'Immigration and Refugee Policies': 'travelban, refugee, immigration, refugeeswelcome, immigrant, muslimban, nobannowallnoraid, immigrantswelcome_refugee, immigrantswelcome, department_homeland', 'Political Resistance': 'resisttrump, resist, nobannowall, nobannowallnoraid', 'National Security': 'national_security', 'Social Media and Public Sentiment': 'great, mondaymotivation, woman, tcot_merkel'}",Immigration and Refugee Policies.Political Resistance.National Security.Social Media and Public Sentiment
104,1,"['reminder', 'muslimban', 'wall', 'time', 'great', 'stay', 'muslims', 'mondaymotivation', 'not']",107,4,"['travelban', 'refugee', 'immigration', 'refugeeswelcome', 'immigrant', 'muslimban', 'nobannowallnoraid', 'great', 'resisttrump', 'mondaymotivation', 'nobannowall', 'woman', 'resist']",4,"['ban', 'travel', 'trump', 'executive_order', 'order', 'revise', 'judge', 'federal_judge', 'trumps', 'president', 'hawaii', 'block', 'executive']",12,"['ban', 'travel', 'trump', 'executive_order', 'order', 'judge', 'revise', 'federal_judge', 'hawaii', 'president', 'trumps', 'muslim', 'block', 'immigration']","[3184778978, 3185719406, 3192741882]","reminder,muslimban,wall,time,great,stay,muslims,mondaymotivation,not,ban,travel,trump,executive_order,order,revise,judge,federal_judge,trumps,president,hawaii,block,executive,travelban,refugee,immigration,refugeeswelcome,immigrant,nobannowallnoraid,resisttrump,nobannowall,woman,resist,muslim","reminder,muslimban,wall,time,great,stay,muslims,mondaymotivation,not,ban,travel,trump,executive_order,order,revise,judge,federal_judge,trumps,president,hawaii,block,executive","travelban,refugee,immigration,refugeeswelcome,immigrant,muslimban,nobannowallnoraid,great,resisttrump,mondaymotivation,nobannowall,woman,resist,ban,travel,trump,executive_order,order,judge,revise,federal_judge,hawaii,president,trumps,muslim,block","{'US Immigration Policy and Resistance': 'muslimban, wall, travel, trump, executive_order, order, revise, judge, federal_judge, trumps, president, hawaii, block, executive, travelban, refugee, immigration, refugeeswelcome, immigrant, nobannowallnoraid, resisttrump, nobannowall, muslim'}",US Immigration Policy and Resistance,"{'US Immigration Policy Controversy': 'muslimban, wall, travel, ban, trump, executive_order, order, revise, judge, federal_judge, trumps, president, hawaii, block, executive', 'Motivational and Temporal Context': 'reminder, time, great, stay, mondaymotivation, not'}",US Immigration Policy Controversy.Motivational and Temporal Context,"{'Immigration Policy and Resistance': 'travelban, refugee, immigration, refugeeswelcome, immigrant, muslimban, nobannowallnoraid, resisttrump, nobannowall, resist, ban, travel, trump, executive_order, order, judge, revise, federal_judge, hawaii, president, trumps, muslim, block'}",Immigration Policy and Resistance
105,8,"['ban', 'travel', 'trump', 'order', 'judge', 'revise', 'hawaii', 'trumps', 'block', 'president', 'immigration']",108,9,"['muslimban', 'trumprussia', 'trump', 'resist', 'ban', 'russiagate', 'theresistance', 'muslim', 'travel', 'break', 'trumps', 'april']",7,"['muslimban', 'trump', 'radio_live', 'resist', 'stock_money', 'theresistance', 'trumprussia']",12,"['ban', 'travel', 'trump', 'executive_order', 'order', 'judge', 'revise', 'federal_judge', 'hawaii', 'president', 'trumps', 'muslim', 'block', 'immigration']","[756335606607720400, 766729935205441537, 827375613484806144, 833470697364000768]","ban,travel,trump,order,judge,revise,hawaii,trumps,block,president,immigration,muslimban,radio_live,resist,stock_money,theresistance,trumprussia,russiagate,muslim,break,april,executive_order,federal_judge","ban,travel,trump,order,judge,revise,hawaii,trumps,block,president,immigration,muslimban,radio_live,resist,stock_money,theresistance,trumprussia","muslimban,trumprussia,trump,resist,ban,russiagate,theresistance,muslim,travel,break,trumps,april,executive_order,order,judge,revise,federal_judge,hawaii,president,block,immigration","{'Travel Ban Legal Challenges': 'ban, travel, trump, order, judge, revise, hawaii, trumps, block, president, immigration, muslimban, executive_order, federal_judge', 'Political Resistance and Controversies': 'radio_live, resist, stock_money, theresistance, trumprussia, russiagate, muslim, break, april'}",Travel Ban Legal Challenges.Political Resistance and Controversies,"{'Travel Ban Controversy': 'ban, travel, trump, order, judge, revise, hawaii, trumps, block, president, immigration, muslimban', 'Political Resistance': 'resist, theresistance', 'Trump-Russia Investigation': 'trumprussia', 'Media and Finance': 'radio_live, stock_money'}",Travel Ban Controversy.Political Resistance.Trump-Russia Investigation.Media and Finance,"{'US Immigration Policy and Legal Challenges': 'muslimban, ban, travel, executive_order, order, judge, revise, federal_judge, hawaii, president, block, immigration', 'Trump Administration Controversies': 'trumprussia, trump, russiagate, trumps', 'Political Opposition and Activism': 'resist, theresistance, break, april'}",US Immigration Policy and Legal Challenges.Trump Administration Controversies.Political Opposition and Activism
106,8,"['ban', 'travel', 'trump', 'order', 'judge', 'revise', 'hawaii', 'trumps', 'block', 'president', 'immigration']",109,1,"['ban', 'travel', 'trump', 'order', 'judge', 'revise', 'hawaii', 'president', 'trumps', 'block']",4,"['ban', 'travel', 'trump', 'executive_order', 'order', 'revise', 'judge', 'federal_judge', 'trumps', 'president', 'hawaii', 'block', 'executive']",12,"['ban', 'travel', 'trump', 'executive_order', 'order', 'judge', 'revise', 'federal_judge', 'hawaii', 'president', 'trumps', 'muslim', 'block', 'immigration']","[45832693, 519728191, 825408516164898800, 825408516164898816]","ban,travel,trump,order,judge,revise,hawaii,trumps,block,president,immigration,executive_order,federal_judge,executive,muslim","ban,travel,trump,order,judge,revise,hawaii,trumps,block,president,immigration,executive_order,federal_judge,executive","ban,travel,trump,order,judge,revise,hawaii,president,trumps,block,executive_order,federal_judge,muslim,immigration","{'US Immigration Policy': 'ban, travel, trump, order, judge, revise, hawaii, trumps, block, president, immigration, executive_order, federal_judge, executive, muslim'}",US Immigration Policy,"{'Travel Ban and Legal Challenges': 'ban, travel, trump, order, judge, revise, hawaii, trumps, block, president, immigration, executive_order, federal_judge, executive'}",Travel Ban and Legal Challenges,"{'US Immigration Policy': 'ban, travel, trump, order, judge, revise, hawaii, president, trumps, block, executive_order, federal_judge, muslim, immigration'}",US Immigration Policy
107,8,"['ban', 'travel', 'trump', 'order', 'judge', 'revise', 'hawaii', 'trumps', 'block', 'president', 'immigration']",110,3,"['muslimban', 'nobannowall', 'live', 'true']",9,"['ban', 'travel', 'trump', 'muslim']",12,"['ban', 'travel', 'trump', 'executive_order', 'order', 'judge', 'revise', 'federal_judge', 'hawaii', 'president', 'trumps', 'muslim', 'block', 'immigration']","[545022186, 2358290025, 3114762761]","ban,travel,trump,order,judge,revise,hawaii,trumps,block,president,immigration,muslim,muslimban,nobannowall,live,true,executive_order,federal_judge","ban,travel,trump,order,judge,revise,hawaii,trumps,block,president,immigration,muslim","muslimban,nobannowall,live,true,ban,travel,trump,executive_order,order,judge,revise,federal_judge,hawaii,president,trumps,muslim,block,immigration","{'US Immigration Policy Controversy': 'ban, travel, trump, order, judge, revise, hawaii, trumps, block, president, immigration, muslim, muslimban, nobannowall, live, true, executive_order, federal_judge'}",US Immigration Policy Controversy,"{'US Immigration Policy Controversy': 'ban, travel, trump, order, judge, revise, hawaii, trumps, block, president, immigration, muslim'}",US Immigration Policy Controversy,"{'US Immigration Policy Controversy': 'muslimban, nobannowall, ban, travel, trump, executive_order, order, judge, revise, federal_judge, hawaii, president, trumps, muslim, block, immigration'}",US Immigration Policy Controversy
108,3,"['muslimban', 'muslim', 'ban', 'travelban', 'maga', 'trump', 'country', 'travel', 'judge', 'offend', 'leave', 'obama', 'america']",55,4,"['travelban', 'refugee', 'immigration', 'refugeeswelcome', 'immigrant', 'muslimban', 'nobannowallnoraid', 'great', 'resisttrump', 'mondaymotivation', 'nobannowall', 'woman', 'resist']",11,"['refugeeswelcome', 'travelban', 'maga', 'muslimban', 'tcot', 'pvv', 'islam', 'stopislamofobia', 'bordersclose']",10,"['muslimban', 'muslim', 'ban', 'country', 'trump']","[1027972254, 2980186012, 812528552188854273, 845488340686139392, 845488340686139400]","muslimban,muslim,ban,travelban,maga,trump,country,travel,judge,offend,leave,obama,america,refugeeswelcome,tcot,pvv,islam,stopislamofobia,bordersclose,refugee,immigration,immigrant,nobannowallnoraid,great,resisttrump,mondaymotivation,nobannowall,woman,resist","muslimban,muslim,ban,travelban,maga,trump,country,travel,judge,offend,leave,obama,america,refugeeswelcome,tcot,pvv,islam,stopislamofobia,bordersclose","travelban,refugee,immigration,refugeeswelcome,immigrant,muslimban,nobannowallnoraid,great,resisttrump,mondaymotivation,nobannowall,woman,resist,muslim,ban,country,trump","{'US Immigration Policy': ['muslimban', 'ban', 'travelban', 'country', 'travel', 'judge', 'refugee', 'immigration', 'immigrant', 'bordersclose', 'nobannowallnoraid', 'nobannowall'], 'Political Figures and Movements': ['maga', 'trump', 'obama', 'resisttrump', 'resist'], 'Social and Cultural Issues': ['muslim', 'offend', 'america', 'refugeeswelcome', 'islam', 'stopislamofobia', 'woman'], 'Political Hashtags and Movements': ['tcot', 'pvv', 'great', 'mondaymotivation']}",US Immigration Policy.Political Figures and Movements.Social and Cultural Issues.Political Hashtags and Movements,"{'US Immigration Policy and Islamophobia': 'muslimban, muslim, ban, travelban, maga, trump, country, travel, judge, offend, leave, obama, america, refugeeswelcome, tcot, pvv, islam, stopislamofobia, bordersclose'}",US Immigration Policy and Islamophobia,"{'US Immigration Policies': ['travelban', 'immigration', 'immigrant', 'muslimban', 'nobannowallnoraid', 'nobannowall', 'ban', 'trump'], 'Refugee and Muslim Support': ['refugee', 'refugeeswelcome', 'muslim', 'woman'], 'Political Resistance': ['resisttrump', 'resist'], 'Motivational and Political Sentiments': ['great', 'mondaymotivation', 'country']}",US Immigration Policies.Refugee and Muslim Support.Political Resistance.Motivational and Political Sentiments
109,8,"['ban', 'travel', 'trump', 'order', 'judge', 'revise', 'hawaii', 'trumps', 'block', 'president', 'immigration']",111,1,"['ban', 'travel', 'trump', 'order', 'judge', 'revise', 'hawaii', 'president', 'trumps', 'block']",4,"['ban', 'travel', 'trump', 'executive_order', 'order', 'revise', 'judge', 'federal_judge', 'trumps', 'president', 'hawaii', 'block', 'executive']",12,"['ban', 'travel', 'trump', 'executive_order', 'order', 'judge', 'revise', 'federal_judge', 'hawaii', 'president', 'trumps', 'muslim', 'block', 'immigration']","[1083844621, 2337607069, 823090566250512385]","ban,travel,trump,order,judge,revise,hawaii,trumps,block,president,immigration,executive_order,federal_judge,executive,muslim","ban,travel,trump,order,judge,revise,hawaii,trumps,block,president,immigration,executive_order,federal_judge,executive","ban,travel,trump,order,judge,revise,hawaii,president,trumps,block,executive_order,federal_judge,muslim,immigration","{'Travel Ban and Legal Challenges': 'ban, travel, trump, order, judge, revise, hawaii, trumps, block, president, immigration, executive_order, federal_judge, executive, muslim'}",Travel Ban and Legal Challenges,"{'Travel Ban and Legal Challenges': 'ban, travel, trump, order, judge, revise, hawaii, trumps, block, president, immigration, executive_order, federal_judge, executive'}",Travel Ban and Legal Challenges,"{'US Immigration Policy': 'ban, travel, trump, order, judge, revise, hawaii, president, trumps, block, executive_order, federal_judge, muslim, immigration'}",US Immigration Policy
110,3,"['muslimban', 'muslim', 'ban', 'travelban', 'maga', 'trump', 'country', 'travel', 'judge', 'offend', 'leave', 'obama', 'america']",112,8,"['travelban', 'maga', 'muslimban', 'trump', 'pvv', 'tcot', 'islam', 'refugee', 'refugeeswelcome', 'bordersclose', 'read', 'marinelepen', 'vote', 'france']",11,"['refugeeswelcome', 'travelban', 'maga', 'muslimban', 'tcot', 'pvv', 'islam', 'stopislamofobia', 'bordersclose']",0,"['travelban', 'refugeeswelcome', 'maga', 'trump', 'ban', 'refugee', 'noban', 'tcot', 'muslimban', 'islam', 'stopislamofobia', 'judge', 'muslim', 'humanright_fight']","[792810103091109888, 792810103091109892, 792810103091109900]","muslimban,muslim,ban,travelban,maga,trump,country,travel,judge,offend,leave,obama,america,refugeeswelcome,tcot,pvv,islam,stopislamofobia,bordersclose,refugee,read,marinelepen,vote,france,noban,humanright_fight","muslimban,muslim,ban,travelban,maga,trump,country,travel,judge,offend,leave,obama,america,refugeeswelcome,tcot,pvv,islam,stopislamofobia,bordersclose","travelban,maga,muslimban,trump,pvv,tcot,islam,refugee,refugeeswelcome,bordersclose,read,marinelepen,vote,france,ban,noban,stopislamofobia,judge,muslim,humanright_fight","{'US Travel Ban Controversy': 'muslimban, muslim, ban, travelban, maga, trump, country, travel, judge, offend, leave, obama, america, refugeeswelcome, tcot, islam, stopislamofobia, bordersclose, refugee, noban, humanright_fight', 'European Political Climate': 'pvv, marinelepen, vote, france'}",US Travel Ban Controversy.European Political Climate,"{'US Immigration Policy and Islamophobia': 'muslimban, muslim, ban, travelban, maga, trump, country, travel, judge, offend, leave, obama, america, refugeeswelcome, tcot, pvv, islam, stopislamofobia, bordersclose'}",US Immigration Policy and Islamophobia,"{'US Immigration Policy': 'travelban, maga, muslimban, trump, ban, noban, judge', 'European Politics and Islam': 'pvv, marinelepen, france, vote, islam, stopislamofobia', 'Refugee and Human Rights': 'refugee, refugeeswelcome, bordersclose, humanright_fight, muslim'}",US Immigration Policy.European Politics and Islam.Refugee and Human Rights
111,8,"['ban', 'travel', 'trump', 'order', 'judge', 'revise', 'hawaii', 'trumps', 'block', 'president', 'immigration']",113,1,"['ban', 'travel', 'trump', 'order', 'judge', 'revise', 'hawaii', 'president', 'trumps', 'block']",9,"['ban', 'travel', 'trump', 'muslim']",11,"['shut_newyorkweather', 'york_city', 'newyorkweather', 'hate_fear', 'york', 'city', 'east_coast', 'deadly_east', 'coast_snowstorm', 'outdoor']","[3033404777, 3033572704, 3035590697, 3035768752]","ban,travel,trump,order,judge,revise,hawaii,trumps,block,president,immigration,muslim,shut_newyorkweather,york_city,newyorkweather,hate_fear,york,city,east_coast,deadly_east,coast_snowstorm,outdoor","ban,travel,trump,order,judge,revise,hawaii,trumps,block,president,immigration,muslim","ban,travel,trump,order,judge,revise,hawaii,president,trumps,block,shut_newyorkweather,york_city,newyorkweather,hate_fear,york,city,east_coast,deadly_east,coast_snowstorm,outdoor","{'Travel Ban Legal Challenges': 'ban, travel, trump, order, judge, revise, hawaii, trumps, block, president, immigration, muslim', 'Severe Weather in New York': 'shut_newyorkweather, york_city, newyorkweather, york, city, east_coast, deadly_east, coast_snowstorm, outdoor'}",Travel Ban Legal Challenges.Severe Weather in New York,"{'US Immigration Policy Controversy': 'ban, travel, trump, order, judge, revise, hawaii, trumps, block, president, immigration, muslim'}",US Immigration Policy Controversy,"{'Travel Ban Legal Challenges': 'ban, travel, trump, order, judge, revise, hawaii, president, trumps, block, shut', 'Severe Weather in New York': 'newyorkweather, york_city, york, city, east_coast, deadly_east, coast_snowstorm, outdoor'}",Travel Ban Legal Challenges.Severe Weather in New York
