absolute_community,absolute_unigram_topic,absolute_unigram_keywords,weighted_community,weighted_unigram_topic,weighted_unigram_keywords,absolute_bigram_topic,absolute_bigram_keywords,weighted_bigram_topic,weighted_bigram_keywords,members
8,11,"['muslimban', 'nobannowall', 'trump', 'muslim', 'ban', 'refugee', 'refugeeswelcome', 'protest', 'law', 'people', 'support']",184,9,"['trump', 'ban', 'president', 'order', 'court', 'people', 'security']",12,"['muslimban', 'nobannowall', 'trump', 'refugee', 'muslim', 'ban', 'refugeeswelcome', 'protest', 'congress']",4,"['ban', 'trump', 'muslim', 'muslimban', 'refugee', 'trumps', 'order']","[15878034, 23835021, 33806698, 37332725, 63043668, 71574379, 81245362, 84128678, 84174028, 84498743, 85583894, 102651488, 138331342, 140171995, 187067097, 222122852, 228238479, 257824868, 266437259, 303081181, 318785653, 343473755, 362694376, 385192652, 458959009, 481809371, 559173692, 889068301, 963437460, 1015899374, 1035919266, 1199866860, 1251644070, 1343828558, 1663608572, 1710505440, 1921509044, 1969254588, 2163430424, 2235714604, 2335844449, 2410055346, 2552422374, 2582403084, 2674518384, 2832321597, 2941316370, 3241190188, 3302725796, 3306101853, 3432973581, 3461696174, 3700366215, 4158636562, 4356951381, 4358918712, 4464513445, 710123993299357696, 745999425386885121, 748599497975021569, 749323790916657152, 753322826678013953, 806250338323939328, 809924490297745408, 815445236784787456]"
14,11,"['muslimban', 'nobannowall', 'trump', 'muslim', 'ban', 'refugee', 'refugeeswelcome', 'protest', 'law', 'people', 'support']",25,9,"['trump', 'ban', 'president', 'order', 'court', 'people', 'security']",12,"['muslimban', 'nobannowall', 'trump', 'refugee', 'muslim', 'ban', 'refugeeswelcome', 'protest', 'congress']",4,"['ban', 'trump', 'muslim', 'muslimban', 'refugee', 'trumps', 'order']","[47813521, 1057356487, 784785269262344192]"
16,9,"['ban', 'travel', 'trump', 'immigration', 'trumps', 'president', 'order', 'court', 'judge', 'appeal', 'donald', 'federal', 'block', 'rule', 'legal']",26,14,"['ban', 'travel', 'trump', 'immigration', 'trumps', 'order', 'court', 'judge', 'president', 'appeal', 'donald', 'federal']",10,"['ban', 'trump', 'travel', 'immigration', 'trumps', 'judge', 'order', 'president', 'court', 'donald', 'appeal', 'white_house', 'homeland_security', 'federal']",4,"['ban', 'trump', 'muslim', 'muslimban', 'refugee', 'trumps', 'order']","[16399993, 93069110, 137751142, 2421708751]"
18,11,"['muslimban', 'nobannowall', 'trump', 'muslim', 'ban', 'refugee', 'refugeeswelcome', 'protest', 'law', 'people', 'support']",29,7,"['muslimban', 'muslim', 'maga', 'travelban']",12,"['muslimban', 'nobannowall', 'trump', 'refugee', 'muslim', 'ban', 'refugeeswelcome', 'protest', 'congress']",4,"['ban', 'trump', 'muslim', 'muslimban', 'refugee', 'trumps', 'order']","[50769180, 525652918, 2192113540, 830118236406632448]"
19,11,"['muslimban', 'nobannowall', 'trump', 'muslim', 'ban', 'refugee', 'refugeeswelcome', 'protest', 'law', 'people', 'support']",30,2,"['nobannowall', 'muslimban', 'tntweeter', 'uslatino', 'heretostay', 'latism', 'inmigracion', 'notmore', 'immigration', 'refugeeswelcome', 'nomuslimban', 'refugee', 'niunomas', 'timeisnow', 'stand']",12,"['muslimban', 'nobannowall', 'trump', 'refugee', 'muslim', 'ban', 'refugeeswelcome', 'protest', 'congress']",13,"['nobannowall', 'muslimban', 'heretostay', 'nomuslimban', 'refugeeswelcome', 'refugee', 'protest']","[780479026343194624, 800942537083068400, 806877805157949440, 820850838671237120]"
21,11,"['muslimban', 'nobannowall', 'trump', 'muslim', 'ban', 'refugee', 'refugeeswelcome', 'protest', 'law', 'people', 'support']",47,4,"['resist', 'theresistance', 'dworkinreport', 'trump', 'nodapl', 'impeachtrump', 'flynn', 'fireflynn']",13,"['theresistance', 'resist', 'nobannowall', 'impeachtrump', 'impeachtrump_impeachtrumpnow', 'resistance', 'trump']",7,"['muslimban', 'resist', 'theresistance', 'dworkinreport', 'nodapl', 'impeachtrump']","[24470087, 24920077, 126364026, 215002582, 253677176, 3372940330, 776751034098126848, 792457353723469824, 808827316470185989, 823803346884640768]"
25,9,"['ban', 'travel', 'trump', 'immigration', 'trumps', 'president', 'order', 'court', 'judge', 'appeal', 'donald', 'federal', 'block', 'rule', 'legal']",32,14,"['ban', 'travel', 'trump', 'immigration', 'trumps', 'order', 'court', 'judge', 'president', 'appeal', 'donald', 'federal']",11,"['ban', 'travel', 'order', 'immigration', 'trump', 'president', 'court', 'trumps', 'federal', 'judge', 'executive', 'muslim', 'halt']",6,"['ban', 'travel', 'trump', 'immigration', 'trumps', 'order', 'court', 'judge', 'president', 'appeal', 'federal', 'block', 'rule', 'white_house', 'halt', 'justice_department']","[790399874, 4510755552, 742743988269092864]"
26,11,"['muslimban', 'nobannowall', 'trump', 'muslim', 'ban', 'refugee', 'refugeeswelcome', 'protest', 'law', 'people', 'support']",33,7,"['muslimban', 'muslim', 'maga', 'travelban']",12,"['muslimban', 'nobannowall', 'trump', 'refugee', 'muslim', 'ban', 'refugeeswelcome', 'protest', 'congress']",4,"['ban', 'trump', 'muslim', 'muslimban', 'refugee', 'trumps', 'order']","[16873455, 4844679426, 787211898278191104]"
27,9,"['ban', 'travel', 'trump', 'immigration', 'trumps', 'president', 'order', 'court', 'judge', 'appeal', 'donald', 'federal', 'block', 'rule', 'legal']",36,14,"['ban', 'travel', 'trump', 'immigration', 'trumps', 'order', 'court', 'judge', 'president', 'appeal', 'donald', 'federal']",10,"['ban', 'trump', 'travel', 'immigration', 'trumps', 'judge', 'order', 'president', 'court', 'donald', 'appeal', 'white_house', 'homeland_security', 'federal']",6,"['ban', 'travel', 'trump', 'immigration', 'trumps', 'order', 'court', 'judge', 'president', 'appeal', 'federal', 'block', 'rule', 'white_house', 'halt', 'justice_department']","[40813666, 287360112, 358155712, 380782294, 1017515348, 1270793143, 2308939452, 2345391823, 2826946435, 2827072824, 2834618630, 3143003737, 3306341327, 3328277663, 3404806331, 4493348365, 4605204442]"
30,10,"['order', 'immigration', 'ban', 'travel', 'judge', 'executive', 'halt', 'country', 'muslim', 'poll', 'tweet', 'marine', 'iraq', 'comment']",143,9,"['trump', 'ban', 'president', 'order', 'court', 'people', 'security']",12,"['muslimban', 'nobannowall', 'trump', 'refugee', 'muslim', 'ban', 'refugeeswelcome', 'protest', 'congress']",10,"['trumprussia', 'trumpleak', 'trump', 'tie', 'flynn', 'ban', 'break', 'travel', 'read']","[15576928, 21792170, 108146158, 108288348]"
31,11,"['muslimban', 'nobannowall', 'trump', 'muslim', 'ban', 'refugee', 'refugeeswelcome', 'protest', 'law', 'people', 'support']",39,7,"['muslimban', 'muslim', 'maga', 'travelban']",12,"['muslimban', 'nobannowall', 'trump', 'refugee', 'muslim', 'ban', 'refugeeswelcome', 'protest', 'congress']",4,"['ban', 'trump', 'muslim', 'muslimban', 'refugee', 'trumps', 'order']","[3228748876, 3304021160, 4272870988]"
32,11,"['muslimban', 'nobannowall', 'trump', 'muslim', 'ban', 'refugee', 'refugeeswelcome', 'protest', 'law', 'people', 'support']",40,7,"['muslimban', 'muslim', 'maga', 'travelban']",12,"['muslimban', 'nobannowall', 'trump', 'refugee', 'muslim', 'ban', 'refugeeswelcome', 'protest', 'congress']",4,"['ban', 'trump', 'muslim', 'muslimban', 'refugee', 'trumps', 'order']","[514566407, 2571108403, 4885703096, 773015647118733300, 782377330241003520, 782748679094558721, 787449090086952960]"
37,9,"['ban', 'travel', 'trump', 'immigration', 'trumps', 'president', 'order', 'court', 'judge', 'appeal', 'donald', 'federal', 'block', 'rule', 'legal']",42,14,"['ban', 'travel', 'trump', 'immigration', 'trumps', 'order', 'court', 'judge', 'president', 'appeal', 'donald', 'federal']",10,"['ban', 'trump', 'travel', 'immigration', 'trumps', 'judge', 'order', 'president', 'court', 'donald', 'appeal', 'white_house', 'homeland_security', 'federal']",4,"['ban', 'trump', 'muslim', 'muslimban', 'refugee', 'trumps', 'order']","[2953201, 542962969, 787944328970788866]"
38,9,"['ban', 'travel', 'trump', 'immigration', 'trumps', 'president', 'order', 'court', 'judge', 'appeal', 'donald', 'federal', 'block', 'rule', 'legal']",43,9,"['trump', 'ban', 'president', 'order', 'court', 'people', 'security']",10,"['ban', 'trump', 'travel', 'immigration', 'trumps', 'judge', 'order', 'president', 'court', 'donald', 'appeal', 'white_house', 'homeland_security', 'federal']",4,"['ban', 'trump', 'muslim', 'muslimban', 'refugee', 'trumps', 'order']","[709313, 14362404, 16041298, 95592810, 112886485, 487610242, 1898903101]"
39,11,"['muslimban', 'nobannowall', 'trump', 'muslim', 'ban', 'refugee', 'refugeeswelcome', 'protest', 'law', 'people', 'support']",151,7,"['muslimban', 'muslim', 'maga', 'travelban']",12,"['muslimban', 'nobannowall', 'trump', 'refugee', 'muslim', 'ban', 'refugeeswelcome', 'protest', 'congress']",4,"['ban', 'trump', 'muslim', 'muslimban', 'refugee', 'trumps', 'order']","[33904581, 36071847, 857001662, 787416582754631700]"
40,2,"['muslimban', 'maga', 'travelban', 'islam', 'usa', 'trump', 'liberal', 'americafirst', 'immigrationban', 'tcot', 'terrorist']",176,7,"['muslimban', 'muslim', 'maga', 'travelban']",1,"['muslimban', 'maga', 'americafirst', 'islam', 'wahhabism_daily', 'muslim', 'usa', 'buildthewall', 'donaldtrump', 'wahhabism', 'tcot', 'support']",0,"['muslimban', 'americafirst', 'maga', 'islam', 'tcot', 'usa', 'wahhabism_daily', 'dts_tcot', 'isis']","[19013697, 34439235, 46923727, 70125620, 95809954, 226299669, 260387938, 277185487, 301416337, 392848910, 856933050, 891661093, 1412784253, 1666504591, 2174781979, 2243530995, 2344218308, 2398300866, 2411379535, 2890165361, 2892478027, 725348521436655616, 746442921998749696, 746853969943724032, 758720861167812608, 759232224034164736, 765306808978202626, 823238195508719617, 828744559484137472]"
42,11,"['muslimban', 'nobannowall', 'trump', 'muslim', 'ban', 'refugee', 'refugeeswelcome', 'protest', 'law', 'people', 'support']",44,9,"['trump', 'ban', 'president', 'order', 'court', 'people', 'security']",4,"['ban', 'trump', 'muslim', 'travel', 'trumps', 'white_house', 'attack']",4,"['ban', 'trump', 'muslim', 'muslimban', 'refugee', 'trumps', 'order']","[349803020, 1452428454, 4161801792]"
43,9,"['ban', 'travel', 'trump', 'immigration', 'trumps', 'president', 'order', 'court', 'judge', 'appeal', 'donald', 'federal', 'block', 'rule', 'legal']",45,14,"['ban', 'travel', 'trump', 'immigration', 'trumps', 'order', 'court', 'judge', 'president', 'appeal', 'donald', 'federal']",10,"['ban', 'trump', 'travel', 'immigration', 'trumps', 'judge', 'order', 'president', 'court', 'donald', 'appeal', 'white_house', 'homeland_security', 'federal']",6,"['ban', 'travel', 'trump', 'immigration', 'trumps', 'order', 'court', 'judge', 'president', 'appeal', 'federal', 'block', 'rule', 'white_house', 'halt', 'justice_department']","[462104542, 2678460650, 781555354207416321]"
45,11,"['muslimban', 'nobannowall', 'trump', 'muslim', 'ban', 'refugee', 'refugeeswelcome', 'protest', 'law', 'people', 'support']",48,14,"['ban', 'travel', 'trump', 'immigration', 'trumps', 'order', 'court', 'judge', 'president', 'appeal', 'donald', 'federal']",12,"['muslimban', 'nobannowall', 'trump', 'refugee', 'muslim', 'ban', 'refugeeswelcome', 'protest', 'congress']",4,"['ban', 'trump', 'muslim', 'muslimban', 'refugee', 'trumps', 'order']","[818941136, 1255197673, 2457352302, 2820806900, 2878724005, 4094126121, 751688651956887552]"
49,11,"['muslimban', 'nobannowall', 'trump', 'muslim', 'ban', 'refugee', 'refugeeswelcome', 'protest', 'law', 'people', 'support']",49,2,"['nobannowall', 'muslimban', 'tntweeter', 'uslatino', 'heretostay', 'latism', 'inmigracion', 'notmore', 'immigration', 'refugeeswelcome', 'nomuslimban', 'refugee', 'niunomas', 'timeisnow', 'stand']",12,"['muslimban', 'nobannowall', 'trump', 'refugee', 'muslim', 'ban', 'refugeeswelcome', 'protest', 'congress']",13,"['nobannowall', 'muslimban', 'heretostay', 'nomuslimban', 'refugeeswelcome', 'refugee', 'protest']","[30706364, 248811717, 573842268, 2398502748, 3478662552, 710568045874438146, 739200802582081536]"
50,9,"['ban', 'travel', 'trump', 'immigration', 'trumps', 'president', 'order', 'court', 'judge', 'appeal', 'donald', 'federal', 'block', 'rule', 'legal']",54,14,"['ban', 'travel', 'trump', 'immigration', 'trumps', 'order', 'court', 'judge', 'president', 'appeal', 'donald', 'federal']",10,"['ban', 'trump', 'travel', 'immigration', 'trumps', 'judge', 'order', 'president', 'court', 'donald', 'appeal', 'white_house', 'homeland_security', 'federal']",4,"['ban', 'trump', 'muslim', 'muslimban', 'refugee', 'trumps', 'order']","[17446621, 20177423, 3083374722]"
51,11,"['muslimban', 'nobannowall', 'trump', 'muslim', 'ban', 'refugee', 'refugeeswelcome', 'protest', 'law', 'people', 'support']",55,7,"['muslimban', 'muslim', 'maga', 'travelban']",12,"['muslimban', 'nobannowall', 'trump', 'refugee', 'muslim', 'ban', 'refugeeswelcome', 'protest', 'congress']",4,"['ban', 'trump', 'muslim', 'muslimban', 'refugee', 'trumps', 'order']","[19251971, 82665534, 143104075, 515942394, 612197548, 3066118000, 3299585227, 4765158912, 4877237981, 741014536103301121]"
52,11,"['muslimban', 'nobannowall', 'trump', 'muslim', 'ban', 'refugee', 'refugeeswelcome', 'protest', 'law', 'people', 'support']",58,7,"['muslimban', 'muslim', 'maga', 'travelban']",11,"['ban', 'travel', 'order', 'immigration', 'trump', 'president', 'court', 'trumps', 'federal', 'judge', 'executive', 'muslim', 'halt']",12,"['travelban', 'maga', 'ban', 'trump', 'travel', 'immigration', 'country', 'buildthewall', 'immigrationban', 'support_leader', 'america', 'muslim', 'support', 'refugee', 'immigrationban_maga', 'president', 'liberal']","[26487169, 341073304, 4569259876]"
53,9,"['ban', 'travel', 'trump', 'immigration', 'trumps', 'president', 'order', 'court', 'judge', 'appeal', 'donald', 'federal', 'block', 'rule', 'legal']",61,14,"['ban', 'travel', 'trump', 'immigration', 'trumps', 'order', 'court', 'judge', 'president', 'appeal', 'donald', 'federal']",10,"['ban', 'trump', 'travel', 'immigration', 'trumps', 'judge', 'order', 'president', 'court', 'donald', 'appeal', 'white_house', 'homeland_security', 'federal']",4,"['ban', 'trump', 'muslim', 'muslimban', 'refugee', 'trumps', 'order']","[320629837, 573277220, 955841496, 1195143002, 1494835716, 2323783152, 2712763860, 733467830478245890, 821465419307511809, 828364058499940352]"
54,11,"['muslimban', 'nobannowall', 'trump', 'muslim', 'ban', 'refugee', 'refugeeswelcome', 'protest', 'law', 'people', 'support']",217,9,"['trump', 'ban', 'president', 'order', 'court', 'people', 'security']",12,"['muslimban', 'nobannowall', 'trump', 'refugee', 'muslim', 'ban', 'refugeeswelcome', 'protest', 'congress']",4,"['ban', 'trump', 'muslim', 'muslimban', 'refugee', 'trumps', 'order']","[20657302, 43424951, 245531160, 500496955, 735999643, 2702394775, 3097641152, 4378798994, 807810340339744768, 807810340339744800]"
55,11,"['muslimban', 'nobannowall', 'trump', 'muslim', 'ban', 'refugee', 'refugeeswelcome', 'protest', 'law', 'people', 'support']",62,9,"['trump', 'ban', 'president', 'order', 'court', 'people', 'security']",12,"['muslimban', 'nobannowall', 'trump', 'refugee', 'muslim', 'ban', 'refugeeswelcome', 'protest', 'congress']",4,"['ban', 'trump', 'muslim', 'muslimban', 'refugee', 'trumps', 'order']","[18165049, 26186655, 135342156, 146160591, 240812994, 242426145, 267935801, 805003357, 1155335864, 2357656989, 2421228369, 2962868158, 4709186883, 717032687643529216, 780524293172129792, 802355121191550976, 806274495669407744, 825744221344759810]"
56,8,"['tntweeter', 'uslatino', 'latism', 'immigration', 'inmigracion', 'uniteblue', 'niunomas', 'timeisnow', 'theresistance', 'altotrump', 'russian']",244,2,"['nobannowall', 'muslimban', 'tntweeter', 'uslatino', 'heretostay', 'latism', 'inmigracion', 'notmore', 'immigration', 'refugeeswelcome', 'nomuslimban', 'refugee', 'niunomas', 'timeisnow', 'stand']",0,"['inmigracion_tntweeter', 'tntweeter', 'uslatino_heretostay', 'uslatino', 'uniteblue_notmore', 'art_bxlart', 'nobannowall']",11,"['inmigracion_tntweeter', 'tntweeter', 'uslatino_heretostay', 'uslatino', 'uniteblue_notmore', 'latism']","[24645871, 142979922, 284090190, 358005482, 1511154877, 1692227370, 1939212224, 1947549415, 2178339595, 2274974018, 2282990761, 2296218770, 2308943065, 2321479686, 2322972280, 2331266245, 2334894821, 2347832648, 2351157576, 2358140324, 2358613165, 2359310914, 2367572508, 2383802631, 2864321805, 2994390921, 3153083326, 3241468546, 740735647833432064]"
58,9,"['ban', 'travel', 'trump', 'immigration', 'trumps', 'president', 'order', 'court', 'judge', 'appeal', 'donald', 'federal', 'block', 'rule', 'legal']",64,14,"['ban', 'travel', 'trump', 'immigration', 'trumps', 'order', 'court', 'judge', 'president', 'appeal', 'donald', 'federal']",10,"['ban', 'trump', 'travel', 'immigration', 'trumps', 'judge', 'order', 'president', 'court', 'donald', 'appeal', 'white_house', 'homeland_security', 'federal']",6,"['ban', 'travel', 'trump', 'immigration', 'trumps', 'order', 'court', 'judge', 'president', 'appeal', 'federal', 'block', 'rule', 'white_house', 'halt', 'justice_department']","[16374678, 516783934, 3038474730]"
59,9,"['ban', 'travel', 'trump', 'immigration', 'trumps', 'president', 'order', 'court', 'judge', 'appeal', 'donald', 'federal', 'block', 'rule', 'legal']",65,9,"['trump', 'ban', 'president', 'order', 'court', 'people', 'security']",10,"['ban', 'trump', 'travel', 'immigration', 'trumps', 'judge', 'order', 'president', 'court', 'donald', 'appeal', 'white_house', 'homeland_security', 'federal']",4,"['ban', 'trump', 'muslim', 'muslimban', 'refugee', 'trumps', 'order']","[35606154, 104459389, 798350907159101442]"
61,11,"['muslimban', 'nobannowall', 'trump', 'muslim', 'ban', 'refugee', 'refugeeswelcome', 'protest', 'law', 'people', 'support']",66,9,"['trump', 'ban', 'president', 'order', 'court', 'people', 'security']",12,"['muslimban', 'nobannowall', 'trump', 'refugee', 'muslim', 'ban', 'refugeeswelcome', 'protest', 'congress']",4,"['ban', 'trump', 'muslim', 'muslimban', 'refugee', 'trumps', 'order']","[42839772, 44105634, 2164321527, 2257859085]"
62,1,"['ban', 'trump', 'muslim', 'bannon', 'white', 'security', 'house', 'call', 'lie', 'attack', 'terrorism', 'head', 'general', 'miller']",67,9,"['trump', 'ban', 'president', 'order', 'court', 'people', 'security']",4,"['ban', 'trump', 'muslim', 'travel', 'trumps', 'white_house', 'attack']",4,"['ban', 'trump', 'muslim', 'muslimban', 'refugee', 'trumps', 'order']","[2311561, 19830783, 19833463, 27036811, 30199864, 68350943, 103378433, 107842391, 2814761729, 2821135623, 3313010039, 749981613593853956]"
63,11,"['muslimban', 'nobannowall', 'trump', 'muslim', 'ban', 'refugee', 'refugeeswelcome', 'protest', 'law', 'people', 'support']",68,9,"['trump', 'ban', 'president', 'order', 'court', 'people', 'security']",12,"['muslimban', 'nobannowall', 'trump', 'refugee', 'muslim', 'ban', 'refugeeswelcome', 'protest', 'congress']",4,"['ban', 'trump', 'muslim', 'muslimban', 'refugee', 'trumps', 'order']","[197838315, 341601545, 595009255, 821511862881845200]"
65,11,"['muslimban', 'nobannowall', 'trump', 'muslim', 'ban', 'refugee', 'refugeeswelcome', 'protest', 'law', 'people', 'support']",69,7,"['muslimban', 'muslim', 'maga', 'travelban']",12,"['muslimban', 'nobannowall', 'trump', 'refugee', 'muslim', 'ban', 'refugeeswelcome', 'protest', 'congress']",4,"['ban', 'trump', 'muslim', 'muslimban', 'refugee', 'trumps', 'order']","[334288260, 1042145826, 2217247936]"
66,11,"['muslimban', 'nobannowall', 'trump', 'muslim', 'ban', 'refugee', 'refugeeswelcome', 'protest', 'law', 'people', 'support']",70,14,"['ban', 'travel', 'trump', 'immigration', 'trumps', 'order', 'court', 'judge', 'president', 'appeal', 'donald', 'federal']",12,"['muslimban', 'nobannowall', 'trump', 'refugee', 'muslim', 'ban', 'refugeeswelcome', 'protest', 'congress']",4,"['ban', 'trump', 'muslim', 'muslimban', 'refugee', 'trumps', 'order']","[244452577, 523085134, 2494833214]"
67,9,"['ban', 'travel', 'trump', 'immigration', 'trumps', 'president', 'order', 'court', 'judge', 'appeal', 'donald', 'federal', 'block', 'rule', 'legal']",71,14,"['ban', 'travel', 'trump', 'immigration', 'trumps', 'order', 'court', 'judge', 'president', 'appeal', 'donald', 'federal']",10,"['ban', 'trump', 'travel', 'immigration', 'trumps', 'judge', 'order', 'president', 'court', 'donald', 'appeal', 'white_house', 'homeland_security', 'federal']",4,"['ban', 'trump', 'muslim', 'muslimban', 'refugee', 'trumps', 'order']","[594886554, 905530344, 3757015887, 710738910725275648, 714235834463981568]"
68,2,"['muslimban', 'maga', 'travelban', 'islam', 'usa', 'trump', 'liberal', 'americafirst', 'immigrationban', 'tcot', 'terrorist']",72,7,"['muslimban', 'muslim', 'maga', 'travelban']",1,"['muslimban', 'maga', 'americafirst', 'islam', 'wahhabism_daily', 'muslim', 'usa', 'buildthewall', 'donaldtrump', 'wahhabism', 'tcot', 'support']",0,"['muslimban', 'americafirst', 'maga', 'islam', 'tcot', 'usa', 'wahhabism_daily', 'dts_tcot', 'isis']","[121108694, 140721535, 148058023, 350074813, 542428403, 925406383]"
69,9,"['ban', 'travel', 'trump', 'immigration', 'trumps', 'president', 'order', 'court', 'judge', 'appeal', 'donald', 'federal', 'block', 'rule', 'legal']",74,14,"['ban', 'travel', 'trump', 'immigration', 'trumps', 'order', 'court', 'judge', 'president', 'appeal', 'donald', 'federal']",10,"['ban', 'trump', 'travel', 'immigration', 'trumps', 'judge', 'order', 'president', 'court', 'donald', 'appeal', 'white_house', 'homeland_security', 'federal']",6,"['ban', 'travel', 'trump', 'immigration', 'trumps', 'order', 'court', 'judge', 'president', 'appeal', 'federal', 'block', 'rule', 'white_house', 'halt', 'justice_department']","[7080552, 29465136, 4068337756, 4868688743, 4906718786]"
70,11,"['muslimban', 'nobannowall', 'trump', 'muslim', 'ban', 'refugee', 'refugeeswelcome', 'protest', 'law', 'people', 'support']",75,7,"['muslimban', 'muslim', 'maga', 'travelban']",10,"['ban', 'trump', 'travel', 'immigration', 'trumps', 'judge', 'order', 'president', 'court', 'donald', 'appeal', 'white_house', 'homeland_security', 'federal']",4,"['ban', 'trump', 'muslim', 'muslimban', 'refugee', 'trumps', 'order']","[269199676, 3126563358, 785141716886093829, 797162317762990080, 817902968582377474, 818152237818122240]"
71,9,"['ban', 'travel', 'trump', 'immigration', 'trumps', 'president', 'order', 'court', 'judge', 'appeal', 'donald', 'federal', 'block', 'rule', 'legal']",24,14,"['ban', 'travel', 'trump', 'immigration', 'trumps', 'order', 'court', 'judge', 'president', 'appeal', 'donald', 'federal']",10,"['ban', 'trump', 'travel', 'immigration', 'trumps', 'judge', 'order', 'president', 'court', 'donald', 'appeal', 'white_house', 'homeland_security', 'federal']",14,"['ban', 'travel', 'trump', 'donald', 'trumps', 'president', 'wall_street', 'court', 'judge', 'immigration', 'order', 'appeal', 'state_allow', 'boston_globe']","[863001163, 870872898, 870876488, 870879266, 870881976, 870882342, 870886394, 870886453, 870892134, 870895488, 870898004, 870898051, 870903090, 870906686, 870907736, 870912895, 896433678, 896440986, 896449622, 915468734, 915656912, 915722492, 915760574, 915807048, 915807342, 915812143, 915896065, 915915606, 915975206, 916004004, 916017960, 916037102, 916051280, 916185487, 916342638, 916490078, 929528022, 929532313, 929535824, 951795330, 951798776, 951825942, 953096516, 1091969084, 1091988979, 1092580321, 1092968340, 1093086042, 1093122954, 1094795100, 4431576263, 4496932162, 4501456696, 4506488051, 4577501358, 4577589252, 4697031619, 4697675496, 4698236432, 4699061804, 4710967996, 4717129347, 705010088587739136, 708109929941495809, 708153637780979712, 708168310307749889, 708204345469345792, 753111979355701248, 753118526911737856, 753124449491283968, 753135483530649600, 753146433897922560, 753245086503276545, 753257017985343488, 753261223056211968, 754526264065744896, 755773802613792769, 755801917125779457, 755807795702890496, 755808480037105664, 755814710847602688, 755820797202137088, 755848821448511488, 755853320858763264, 756235895880179712, 756249866553192448, 756264959336669184, 756271610244526080, 756286894376415232, 756303624167362560, 756337577960046593, 756369439541583872, 756399335533846528, 756423469265481728, 756482440215072768, 756727573401534464, 756773426640121856, 756842252295700480, 756867598743109632, 756875453483319296, 756881732826193921, 756891080294039553, 756891507173580800, 756891633086566400, 756893436091961345, 756896667174043648, 756904523189346304, 756905542979813376, 756909373197254656, 756911892535336960, 756912977866002433, 756915457672769536, 756916488829796352, 756919296312344576, 756922206555410432, 756925310289973249, 765572460586696704, 765676559256711168, 765807721782411264, 765809493590564864, 765812133221236736, 765838829454499841, 765857763712966657, 765877629308301312, 765881369943764992, 765890902317563904, 765895476755464192, 765907582259167233, 765909919019196416, 765910052708421632, 765914327887085568, 784263169996836900]"
72,1,"['ban', 'trump', 'muslim', 'bannon', 'white', 'security', 'house', 'call', 'lie', 'attack', 'terrorism', 'head', 'general', 'miller']",78,9,"['trump', 'ban', 'president', 'order', 'court', 'people', 'security']",4,"['ban', 'trump', 'muslim', 'travel', 'trumps', 'white_house', 'attack']",4,"['ban', 'trump', 'muslim', 'muslimban', 'refugee', 'trumps', 'order']","[14471411, 320540635, 2304071930]"
73,13,"['muslimban', 'board', 'visas', 'valid', 'airlinesnomuslimban', 'nobanjfk', 'traveler', 'court', 'aviation', 'rule', 'travel', 'judge', 'circuit', 'passenger', 'stay']",79,9,"['trump', 'ban', 'president', 'order', 'court', 'people', 'security']",12,"['muslimban', 'nobannowall', 'trump', 'refugee', 'muslim', 'ban', 'refugeeswelcome', 'protest', 'congress']",4,"['ban', 'trump', 'muslim', 'muslimban', 'refugee', 'trumps', 'order']","[38363082, 176953436, 1481865216, 1624926602, 1653422442, 1874495306, 2244322316, 2258610236, 2421397093, 2455806548, 2533536294, 2600286068, 2633981594, 3154707827, 3228631089, 3230970725, 3254255787, 3257154182, 3324219924, 3327043767, 3345349378, 3349825024, 702573500360495104, 703163184106962948, 703576687871660032]"
74,11,"['muslimban', 'nobannowall', 'trump', 'muslim', 'ban', 'refugee', 'refugeeswelcome', 'protest', 'law', 'people', 'support']",80,2,"['nobannowall', 'muslimban', 'tntweeter', 'uslatino', 'heretostay', 'latism', 'inmigracion', 'notmore', 'immigration', 'refugeeswelcome', 'nomuslimban', 'refugee', 'niunomas', 'timeisnow', 'stand']",12,"['muslimban', 'nobannowall', 'trump', 'refugee', 'muslim', 'ban', 'refugeeswelcome', 'protest', 'congress']",13,"['nobannowall', 'muslimban', 'heretostay', 'nomuslimban', 'refugeeswelcome', 'refugee', 'protest']","[69450341, 497154452, 1150149296, 2901969397]"
75,9,"['ban', 'travel', 'trump', 'immigration', 'trumps', 'president', 'order', 'court', 'judge', 'appeal', 'donald', 'federal', 'block', 'rule', 'legal']",81,14,"['ban', 'travel', 'trump', 'immigration', 'trumps', 'order', 'court', 'judge', 'president', 'appeal', 'donald', 'federal']",10,"['ban', 'trump', 'travel', 'immigration', 'trumps', 'judge', 'order', 'president', 'court', 'donald', 'appeal', 'white_house', 'homeland_security', 'federal']",4,"['ban', 'trump', 'muslim', 'muslimban', 'refugee', 'trumps', 'order']","[1932657667, 1964314004, 2473045788, 2475411319, 2567774714, 3318068033, 4440817880]"
76,1,"['ban', 'trump', 'muslim', 'bannon', 'white', 'security', 'house', 'call', 'lie', 'attack', 'terrorism', 'head', 'general', 'miller']",82,9,"['trump', 'ban', 'president', 'order', 'court', 'people', 'security']",4,"['ban', 'trump', 'muslim', 'travel', 'trumps', 'white_house', 'attack']",4,"['ban', 'trump', 'muslim', 'muslimban', 'refugee', 'trumps', 'order']","[14202817, 20190741, 174059200]"
77,9,"['ban', 'travel', 'trump', 'immigration', 'trumps', 'president', 'order', 'court', 'judge', 'appeal', 'donald', 'federal', 'block', 'rule', 'legal']",83,14,"['ban', 'travel', 'trump', 'immigration', 'trumps', 'order', 'court', 'judge', 'president', 'appeal', 'donald', 'federal']",10,"['ban', 'trump', 'travel', 'immigration', 'trumps', 'judge', 'order', 'president', 'court', 'donald', 'appeal', 'white_house', 'homeland_security', 'federal']",4,"['ban', 'trump', 'muslim', 'muslimban', 'refugee', 'trumps', 'order']","[19065989, 154228382, 4786763677, 712463864491872256]"
78,10,"['order', 'immigration', 'ban', 'travel', 'judge', 'executive', 'halt', 'country', 'muslim', 'poll', 'tweet', 'marine', 'iraq', 'comment']",84,14,"['ban', 'travel', 'trump', 'immigration', 'trumps', 'order', 'court', 'judge', 'president', 'appeal', 'donald', 'federal']",11,"['ban', 'travel', 'order', 'immigration', 'trump', 'president', 'court', 'trumps', 'federal', 'judge', 'executive', 'muslim', 'halt']",12,"['travelban', 'maga', 'ban', 'trump', 'travel', 'immigration', 'country', 'buildthewall', 'immigrationban', 'support_leader', 'america', 'muslim', 'support', 'refugee', 'immigrationban_maga', 'president', 'liberal']","[19211550, 3408791968, 754760616351567872]"
79,11,"['muslimban', 'nobannowall', 'trump', 'muslim', 'ban', 'refugee', 'refugeeswelcome', 'protest', 'law', 'people', 'support']",266,9,"['trump', 'ban', 'president', 'order', 'court', 'people', 'security']",4,"['ban', 'trump', 'muslim', 'travel', 'trumps', 'white_house', 'attack']",4,"['ban', 'trump', 'muslim', 'muslimban', 'refugee', 'trumps', 'order']","[17654763, 17672825, 22812734, 226640681, 409116367, 897197394, 1110222162]"
80,11,"['muslimban', 'nobannowall', 'trump', 'muslim', 'ban', 'refugee', 'refugeeswelcome', 'protest', 'law', 'people', 'support']",86,7,"['muslimban', 'muslim', 'maga', 'travelban']",1,"['muslimban', 'maga', 'americafirst', 'islam', 'wahhabism_daily', 'muslim', 'usa', 'buildthewall', 'donaldtrump', 'wahhabism', 'tcot', 'support']",4,"['ban', 'trump', 'muslim', 'muslimban', 'refugee', 'trumps', 'order']","[421482987, 990077707, 2814058404, 3964410253]"
83,11,"['muslimban', 'nobannowall', 'trump', 'muslim', 'ban', 'refugee', 'refugeeswelcome', 'protest', 'law', 'people', 'support']",88,14,"['ban', 'travel', 'trump', 'immigration', 'trumps', 'order', 'court', 'judge', 'president', 'appeal', 'donald', 'federal']",12,"['muslimban', 'nobannowall', 'trump', 'refugee', 'muslim', 'ban', 'refugeeswelcome', 'protest', 'congress']",4,"['ban', 'trump', 'muslim', 'muslimban', 'refugee', 'trumps', 'order']","[313038011, 352900778, 2247644238, 3196630410]"
84,9,"['ban', 'travel', 'trump', 'immigration', 'trumps', 'president', 'order', 'court', 'judge', 'appeal', 'donald', 'federal', 'block', 'rule', 'legal']",89,14,"['ban', 'travel', 'trump', 'immigration', 'trumps', 'order', 'court', 'judge', 'president', 'appeal', 'donald', 'federal']",11,"['ban', 'travel', 'order', 'immigration', 'trump', 'president', 'court', 'trumps', 'federal', 'judge', 'executive', 'muslim', 'halt']",6,"['ban', 'travel', 'trump', 'immigration', 'trumps', 'order', 'court', 'judge', 'president', 'appeal', 'federal', 'block', 'rule', 'white_house', 'halt', 'justice_department']","[72454254, 479562736, 800663185]"
86,11,"['muslimban', 'nobannowall', 'trump', 'muslim', 'ban', 'refugee', 'refugeeswelcome', 'protest', 'law', 'people', 'support']",91,14,"['ban', 'travel', 'trump', 'immigration', 'trumps', 'order', 'court', 'judge', 'president', 'appeal', 'donald', 'federal']",12,"['muslimban', 'nobannowall', 'trump', 'refugee', 'muslim', 'ban', 'refugeeswelcome', 'protest', 'congress']",4,"['ban', 'trump', 'muslim', 'muslimban', 'refugee', 'trumps', 'order']","[19017675, 1586941430, 2716396878, 3311009789, 3369332271, 3381540185, 4521330855, 4690856839, 775044975809757184, 783063150585339905, 801145013799358468, 818947590137987072]"
87,1,"['ban', 'trump', 'muslim', 'bannon', 'white', 'security', 'house', 'call', 'lie', 'attack', 'terrorism', 'head', 'general', 'miller']",92,9,"['trump', 'ban', 'president', 'order', 'court', 'people', 'security']",4,"['ban', 'trump', 'muslim', 'travel', 'trumps', 'white_house', 'attack']",4,"['ban', 'trump', 'muslim', 'muslimban', 'refugee', 'trumps', 'order']","[14811217, 63517019, 111490230, 280158384]"
88,11,"['muslimban', 'nobannowall', 'trump', 'muslim', 'ban', 'refugee', 'refugeeswelcome', 'protest', 'law', 'people', 'support']",94,9,"['trump', 'ban', 'president', 'order', 'court', 'people', 'security']",12,"['muslimban', 'nobannowall', 'trump', 'refugee', 'muslim', 'ban', 'refugeeswelcome', 'protest', 'congress']",4,"['ban', 'trump', 'muslim', 'muslimban', 'refugee', 'trumps', 'order']","[104198706, 279668945, 1112486646]"
89,11,"['muslimban', 'nobannowall', 'trump', 'muslim', 'ban', 'refugee', 'refugeeswelcome', 'protest', 'law', 'people', 'support']",97,7,"['muslimban', 'muslim', 'maga', 'travelban']",12,"['muslimban', 'nobannowall', 'trump', 'refugee', 'muslim', 'ban', 'refugeeswelcome', 'protest', 'congress']",4,"['ban', 'trump', 'muslim', 'muslimban', 'refugee', 'trumps', 'order']","[123910041, 250623436, 3070001098, 778876449348546560]"
91,11,"['muslimban', 'nobannowall', 'trump', 'muslim', 'ban', 'refugee', 'refugeeswelcome', 'protest', 'law', 'people', 'support']",101,9,"['trump', 'ban', 'president', 'order', 'court', 'people', 'security']",12,"['muslimban', 'nobannowall', 'trump', 'refugee', 'muslim', 'ban', 'refugeeswelcome', 'protest', 'congress']",4,"['ban', 'trump', 'muslim', 'muslimban', 'refugee', 'trumps', 'order']","[21439144, 4378260195, 811174268881014784]"
93,2,"['muslimban', 'maga', 'travelban', 'islam', 'usa', 'trump', 'liberal', 'americafirst', 'immigrationban', 'tcot', 'terrorist']",103,5,"['muslimban', 'trumprussia', 'trumpleak', 'trump', 'tie', 'resist', 'read', 'resistance']",12,"['muslimban', 'nobannowall', 'trump', 'refugee', 'muslim', 'ban', 'refugeeswelcome', 'protest', 'congress']",6,"['ban', 'travel', 'trump', 'immigration', 'trumps', 'order', 'court', 'judge', 'president', 'appeal', 'federal', 'block', 'rule', 'white_house', 'halt', 'justice_department']","[5734902, 2185383780, 4499095419]"
94,11,"['muslimban', 'nobannowall', 'trump', 'muslim', 'ban', 'refugee', 'refugeeswelcome', 'protest', 'law', 'people', 'support']",104,4,"['resist', 'theresistance', 'dworkinreport', 'trump', 'nodapl', 'impeachtrump', 'flynn', 'fireflynn']",13,"['theresistance', 'resist', 'nobannowall', 'impeachtrump', 'impeachtrump_impeachtrumpnow', 'resistance', 'trump']",7,"['muslimban', 'resist', 'theresistance', 'dworkinreport', 'nodapl', 'impeachtrump']","[93904951, 234306352, 774672882, 1195546008, 2327080175]"
95,11,"['muslimban', 'nobannowall', 'trump', 'muslim', 'ban', 'refugee', 'refugeeswelcome', 'protest', 'law', 'people', 'support']",105,2,"['nobannowall', 'muslimban', 'tntweeter', 'uslatino', 'heretostay', 'latism', 'inmigracion', 'notmore', 'immigration', 'refugeeswelcome', 'nomuslimban', 'refugee', 'niunomas', 'timeisnow', 'stand']",12,"['muslimban', 'nobannowall', 'trump', 'refugee', 'muslim', 'ban', 'refugeeswelcome', 'protest', 'congress']",4,"['ban', 'trump', 'muslim', 'muslimban', 'refugee', 'trumps', 'order']","[2265661259, 2650905729, 3056507852]"
96,11,"['muslimban', 'nobannowall', 'trump', 'muslim', 'ban', 'refugee', 'refugeeswelcome', 'protest', 'law', 'people', 'support']",106,9,"['trump', 'ban', 'president', 'order', 'court', 'people', 'security']",4,"['ban', 'trump', 'muslim', 'travel', 'trumps', 'white_house', 'attack']",4,"['ban', 'trump', 'muslim', 'muslimban', 'refugee', 'trumps', 'order']","[145597506, 361380289, 442077506]"
97,11,"['muslimban', 'nobannowall', 'trump', 'muslim', 'ban', 'refugee', 'refugeeswelcome', 'protest', 'law', 'people', 'support']",107,9,"['trump', 'ban', 'president', 'order', 'court', 'people', 'security']",12,"['muslimban', 'nobannowall', 'trump', 'refugee', 'muslim', 'ban', 'refugeeswelcome', 'protest', 'congress']",4,"['ban', 'trump', 'muslim', 'muslimban', 'refugee', 'trumps', 'order']","[160216460, 1055907624, 771807399917326337]"
98,10,"['order', 'immigration', 'ban', 'travel', 'judge', 'executive', 'halt', 'country', 'muslim', 'poll', 'tweet', 'marine', 'iraq', 'comment']",108,7,"['muslimban', 'muslim', 'maga', 'travelban']",12,"['muslimban', 'nobannowall', 'trump', 'refugee', 'muslim', 'ban', 'refugeeswelcome', 'protest', 'congress']",12,"['travelban', 'maga', 'ban', 'trump', 'travel', 'immigration', 'country', 'buildthewall', 'immigrationban', 'support_leader', 'america', 'muslim', 'support', 'refugee', 'immigrationban_maga', 'president', 'liberal']","[37919483, 284097614, 795224209052012500]"
99,11,"['muslimban', 'nobannowall', 'trump', 'muslim', 'ban', 'refugee', 'refugeeswelcome', 'protest', 'law', 'people', 'support']",112,9,"['trump', 'ban', 'president', 'order', 'court', 'people', 'security']",12,"['muslimban', 'nobannowall', 'trump', 'refugee', 'muslim', 'ban', 'refugeeswelcome', 'protest', 'congress']",4,"['ban', 'trump', 'muslim', 'muslimban', 'refugee', 'trumps', 'order']","[323998361, 1260168942, 717495723466571776, 796183885319127040]"
100,9,"['ban', 'travel', 'trump', 'immigration', 'trumps', 'president', 'order', 'court', 'judge', 'appeal', 'donald', 'federal', 'block', 'rule', 'legal']",113,9,"['trump', 'ban', 'president', 'order', 'court', 'people', 'security']",10,"['ban', 'trump', 'travel', 'immigration', 'trumps', 'judge', 'order', 'president', 'court', 'donald', 'appeal', 'white_house', 'homeland_security', 'federal']",4,"['ban', 'trump', 'muslim', 'muslimban', 'refugee', 'trumps', 'order']","[21457151, 43969372, 520847919]"
101,11,"['muslimban', 'nobannowall', 'trump', 'muslim', 'ban', 'refugee', 'refugeeswelcome', 'protest', 'law', 'people', 'support']",114,9,"['trump', 'ban', 'president', 'order', 'court', 'people', 'security']",12,"['muslimban', 'nobannowall', 'trump', 'refugee', 'muslim', 'ban', 'refugeeswelcome', 'protest', 'congress']",4,"['ban', 'trump', 'muslim', 'muslimban', 'refugee', 'trumps', 'order']","[77043235, 109456108, 2440140210, 2613783553, 2904163055, 3010711135, 3762884535, 728947876836089856, 728947876836089900]"
102,11,"['muslimban', 'nobannowall', 'trump', 'muslim', 'ban', 'refugee', 'refugeeswelcome', 'protest', 'law', 'people', 'support']",115,2,"['nobannowall', 'muslimban', 'tntweeter', 'uslatino', 'heretostay', 'latism', 'inmigracion', 'notmore', 'immigration', 'refugeeswelcome', 'nomuslimban', 'refugee', 'niunomas', 'timeisnow', 'stand']",12,"['muslimban', 'nobannowall', 'trump', 'refugee', 'muslim', 'ban', 'refugeeswelcome', 'protest', 'congress']",13,"['nobannowall', 'muslimban', 'heretostay', 'nomuslimban', 'refugeeswelcome', 'refugee', 'protest']","[19670226, 613988694, 2805980130]"
103,9,"['ban', 'travel', 'trump', 'immigration', 'trumps', 'president', 'order', 'court', 'judge', 'appeal', 'donald', 'federal', 'block', 'rule', 'legal']",258,14,"['ban', 'travel', 'trump', 'immigration', 'trumps', 'order', 'court', 'judge', 'president', 'appeal', 'donald', 'federal']",10,"['ban', 'trump', 'travel', 'immigration', 'trumps', 'judge', 'order', 'president', 'court', 'donald', 'appeal', 'white_house', 'homeland_security', 'federal']",6,"['ban', 'travel', 'trump', 'immigration', 'trumps', 'order', 'court', 'judge', 'president', 'appeal', 'federal', 'block', 'rule', 'white_house', 'halt', 'justice_department']","[23588075, 144569635, 821957852]"
104,9,"['ban', 'travel', 'trump', 'immigration', 'trumps', 'president', 'order', 'court', 'judge', 'appeal', 'donald', 'federal', 'block', 'rule', 'legal']",116,14,"['ban', 'travel', 'trump', 'immigration', 'trumps', 'order', 'court', 'judge', 'president', 'appeal', 'donald', 'federal']",10,"['ban', 'trump', 'travel', 'immigration', 'trumps', 'judge', 'order', 'president', 'court', 'donald', 'appeal', 'white_house', 'homeland_security', 'federal']",4,"['ban', 'trump', 'muslim', 'muslimban', 'refugee', 'trumps', 'order']","[831651150, 2174509045, 720964252761063424, 757965470460882945, 771674431252934657, 772018715131076608, 774837253248024576, 824006152585379800, 824006152585379840]"
105,9,"['ban', 'travel', 'trump', 'immigration', 'trumps', 'president', 'order', 'court', 'judge', 'appeal', 'donald', 'federal', 'block', 'rule', 'legal']",118,14,"['ban', 'travel', 'trump', 'immigration', 'trumps', 'order', 'court', 'judge', 'president', 'appeal', 'donald', 'federal']",10,"['ban', 'trump', 'travel', 'immigration', 'trumps', 'judge', 'order', 'president', 'court', 'donald', 'appeal', 'white_house', 'homeland_security', 'federal']",4,"['ban', 'trump', 'muslim', 'muslimban', 'refugee', 'trumps', 'order']","[604251115, 634330366, 766390728511586304]"
106,9,"['ban', 'travel', 'trump', 'immigration', 'trumps', 'president', 'order', 'court', 'judge', 'appeal', 'donald', 'federal', 'block', 'rule', 'legal']",119,14,"['ban', 'travel', 'trump', 'immigration', 'trumps', 'order', 'court', 'judge', 'president', 'appeal', 'donald', 'federal']",10,"['ban', 'trump', 'travel', 'immigration', 'trumps', 'judge', 'order', 'president', 'court', 'donald', 'appeal', 'white_house', 'homeland_security', 'federal']",6,"['ban', 'travel', 'trump', 'immigration', 'trumps', 'order', 'court', 'judge', 'president', 'appeal', 'federal', 'block', 'rule', 'white_house', 'halt', 'justice_department']","[2443083780, 2513881490, 3387219983]"
107,2,"['muslimban', 'maga', 'travelban', 'islam', 'usa', 'trump', 'liberal', 'americafirst', 'immigrationban', 'tcot', 'terrorist']",121,7,"['muslimban', 'muslim', 'maga', 'travelban']",1,"['muslimban', 'maga', 'americafirst', 'islam', 'wahhabism_daily', 'muslim', 'usa', 'buildthewall', 'donaldtrump', 'wahhabism', 'tcot', 'support']",0,"['muslimban', 'americafirst', 'maga', 'islam', 'tcot', 'usa', 'wahhabism_daily', 'dts_tcot', 'isis']","[44595784, 817067206588715000, 817067206588715009]"
108,1,"['ban', 'trump', 'muslim', 'bannon', 'white', 'security', 'house', 'call', 'lie', 'attack', 'terrorism', 'head', 'general', 'miller']",122,2,"['nobannowall', 'muslimban', 'tntweeter', 'uslatino', 'heretostay', 'latism', 'inmigracion', 'notmore', 'immigration', 'refugeeswelcome', 'nomuslimban', 'refugee', 'niunomas', 'timeisnow', 'stand']",0,"['inmigracion_tntweeter', 'tntweeter', 'uslatino_heretostay', 'uslatino', 'uniteblue_notmore', 'art_bxlart', 'nobannowall']",4,"['ban', 'trump', 'muslim', 'muslimban', 'refugee', 'trumps', 'order']","[371793255, 1142269345, 3223554188, 825321318883217400]"
109,9,"['ban', 'travel', 'trump', 'immigration', 'trumps', 'president', 'order', 'court', 'judge', 'appeal', 'donald', 'federal', 'block', 'rule', 'legal']",123,14,"['ban', 'travel', 'trump', 'immigration', 'trumps', 'order', 'court', 'judge', 'president', 'appeal', 'donald', 'federal']",10,"['ban', 'trump', 'travel', 'immigration', 'trumps', 'judge', 'order', 'president', 'court', 'donald', 'appeal', 'white_house', 'homeland_security', 'federal']",6,"['ban', 'travel', 'trump', 'immigration', 'trumps', 'order', 'court', 'judge', 'president', 'appeal', 'federal', 'block', 'rule', 'white_house', 'halt', 'justice_department']","[1955132936, 2958647850, 787650258218123268, 822620289758560260]"
110,11,"['muslimban', 'nobannowall', 'trump', 'muslim', 'ban', 'refugee', 'refugeeswelcome', 'protest', 'law', 'people', 'support']",124,9,"['trump', 'ban', 'president', 'order', 'court', 'people', 'security']",4,"['ban', 'trump', 'muslim', 'travel', 'trumps', 'white_house', 'attack']",4,"['ban', 'trump', 'muslim', 'muslimban', 'refugee', 'trumps', 'order']","[18149465, 20954885, 301189264, 401094657, 1056071892, 2884915968]"
111,3,"['americafirst', 'neverforget', 'forget', 'refugeeban', 'patriotsunite', 'wow', 'buildthewall', 'border']",125,7,"['muslimban', 'muslim', 'maga', 'travelban']",1,"['muslimban', 'maga', 'americafirst', 'islam', 'wahhabism_daily', 'muslim', 'usa', 'buildthewall', 'donaldtrump', 'wahhabism', 'tcot', 'support']",0,"['muslimban', 'americafirst', 'maga', 'islam', 'tcot', 'usa', 'wahhabism_daily', 'dts_tcot', 'isis']","[18757886, 816689245821681664, 828841277131141120]"
112,11,"['muslimban', 'nobannowall', 'trump', 'muslim', 'ban', 'refugee', 'refugeeswelcome', 'protest', 'law', 'people', 'support']",127,9,"['trump', 'ban', 'president', 'order', 'court', 'people', 'security']",4,"['ban', 'trump', 'muslim', 'travel', 'trumps', 'white_house', 'attack']",6,"['ban', 'travel', 'trump', 'immigration', 'trumps', 'order', 'court', 'judge', 'president', 'appeal', 'federal', 'block', 'rule', 'white_house', 'halt', 'justice_department']","[560817896, 802319182360612869, 802319182360612900, 809892522805829600, 809892522805829632]"
113,11,"['muslimban', 'nobannowall', 'trump', 'muslim', 'ban', 'refugee', 'refugeeswelcome', 'protest', 'law', 'people', 'support']",128,2,"['nobannowall', 'muslimban', 'tntweeter', 'uslatino', 'heretostay', 'latism', 'inmigracion', 'notmore', 'immigration', 'refugeeswelcome', 'nomuslimban', 'refugee', 'niunomas', 'timeisnow', 'stand']",12,"['muslimban', 'nobannowall', 'trump', 'refugee', 'muslim', 'ban', 'refugeeswelcome', 'protest', 'congress']",13,"['nobannowall', 'muslimban', 'heretostay', 'nomuslimban', 'refugeeswelcome', 'refugee', 'protest']","[15651835, 22873947, 785159807787466752]"
115,9,"['ban', 'travel', 'trump', 'immigration', 'trumps', 'president', 'order', 'court', 'judge', 'appeal', 'donald', 'federal', 'block', 'rule', 'legal']",130,14,"['ban', 'travel', 'trump', 'immigration', 'trumps', 'order', 'court', 'judge', 'president', 'appeal', 'donald', 'federal']",10,"['ban', 'trump', 'travel', 'immigration', 'trumps', 'judge', 'order', 'president', 'court', 'donald', 'appeal', 'white_house', 'homeland_security', 'federal']",6,"['ban', 'travel', 'trump', 'immigration', 'trumps', 'order', 'court', 'judge', 'president', 'appeal', 'federal', 'block', 'rule', 'white_house', 'halt', 'justice_department']","[296005306, 331810117, 727882497237913601]"
116,11,"['muslimban', 'nobannowall', 'trump', 'muslim', 'ban', 'refugee', 'refugeeswelcome', 'protest', 'law', 'people', 'support']",131,7,"['muslimban', 'muslim', 'maga', 'travelban']",12,"['muslimban', 'nobannowall', 'trump', 'refugee', 'muslim', 'ban', 'refugeeswelcome', 'protest', 'congress']",4,"['ban', 'trump', 'muslim', 'muslimban', 'refugee', 'trumps', 'order']","[20010422, 204339253, 867087306, 968976661]"
117,11,"['muslimban', 'nobannowall', 'trump', 'muslim', 'ban', 'refugee', 'refugeeswelcome', 'protest', 'law', 'people', 'support']",132,2,"['nobannowall', 'muslimban', 'tntweeter', 'uslatino', 'heretostay', 'latism', 'inmigracion', 'notmore', 'immigration', 'refugeeswelcome', 'nomuslimban', 'refugee', 'niunomas', 'timeisnow', 'stand']",12,"['muslimban', 'nobannowall', 'trump', 'refugee', 'muslim', 'ban', 'refugeeswelcome', 'protest', 'congress']",5,"['refugeeswelcome', 'migrantenkriminalitat', 'refugeeswelcome_migrantenkriminalitat', 'afd', 'migrantenkriminalitat_refugeeswelcome', 'munich']","[1334295828, 1642419774, 3883183774, 4738947977, 704369311004139500, 716630421598040065, 720873437095309313, 764196970105868289, 768755478671290368]"
118,11,"['muslimban', 'nobannowall', 'trump', 'muslim', 'ban', 'refugee', 'refugeeswelcome', 'protest', 'law', 'people', 'support']",133,9,"['trump', 'ban', 'president', 'order', 'court', 'people', 'security']",4,"['ban', 'trump', 'muslim', 'travel', 'trumps', 'white_house', 'attack']",4,"['ban', 'trump', 'muslim', 'muslimban', 'refugee', 'trumps', 'order']","[194750628, 222368570, 2201782562, 2205870708]"
119,11,"['muslimban', 'nobannowall', 'trump', 'muslim', 'ban', 'refugee', 'refugeeswelcome', 'protest', 'law', 'people', 'support']",134,9,"['trump', 'ban', 'president', 'order', 'court', 'people', 'security']",12,"['muslimban', 'nobannowall', 'trump', 'refugee', 'muslim', 'ban', 'refugeeswelcome', 'protest', 'congress']",4,"['ban', 'trump', 'muslim', 'muslimban', 'refugee', 'trumps', 'order']","[35689139, 39689218, 3015999308, 4199239817]"
120,10,"['order', 'immigration', 'ban', 'travel', 'judge', 'executive', 'halt', 'country', 'muslim', 'poll', 'tweet', 'marine', 'iraq', 'comment']",135,9,"['trump', 'ban', 'president', 'order', 'court', 'people', 'security']",11,"['ban', 'travel', 'order', 'immigration', 'trump', 'president', 'court', 'trumps', 'federal', 'judge', 'executive', 'muslim', 'halt']",6,"['ban', 'travel', 'trump', 'immigration', 'trumps', 'order', 'court', 'judge', 'president', 'appeal', 'federal', 'block', 'rule', 'white_house', 'halt', 'justice_department']","[3214214153, 3310659202, 3473817435, 720967777134227457]"
121,11,"['muslimban', 'nobannowall', 'trump', 'muslim', 'ban', 'refugee', 'refugeeswelcome', 'protest', 'law', 'people', 'support']",189,7,"['muslimban', 'muslim', 'maga', 'travelban']",1,"['muslimban', 'maga', 'americafirst', 'islam', 'wahhabism_daily', 'muslim', 'usa', 'buildthewall', 'donaldtrump', 'wahhabism', 'tcot', 'support']",4,"['ban', 'trump', 'muslim', 'muslimban', 'refugee', 'trumps', 'order']","[22657914, 66033904, 86989456]"
122,9,"['ban', 'travel', 'trump', 'immigration', 'trumps', 'president', 'order', 'court', 'judge', 'appeal', 'donald', 'federal', 'block', 'rule', 'legal']",137,14,"['ban', 'travel', 'trump', 'immigration', 'trumps', 'order', 'court', 'judge', 'president', 'appeal', 'donald', 'federal']",10,"['ban', 'trump', 'travel', 'immigration', 'trumps', 'judge', 'order', 'president', 'court', 'donald', 'appeal', 'white_house', 'homeland_security', 'federal']",6,"['ban', 'travel', 'trump', 'immigration', 'trumps', 'order', 'court', 'judge', 'president', 'appeal', 'federal', 'block', 'rule', 'white_house', 'halt', 'justice_department']","[92597709, 93363329, 108009760]"
123,11,"['muslimban', 'nobannowall', 'trump', 'muslim', 'ban', 'refugee', 'refugeeswelcome', 'protest', 'law', 'people', 'support']",138,9,"['trump', 'ban', 'president', 'order', 'court', 'people', 'security']",12,"['muslimban', 'nobannowall', 'trump', 'refugee', 'muslim', 'ban', 'refugeeswelcome', 'protest', 'congress']",4,"['ban', 'trump', 'muslim', 'muslimban', 'refugee', 'trumps', 'order']","[146872519, 295717711, 2173740702]"
124,9,"['ban', 'travel', 'trump', 'immigration', 'trumps', 'president', 'order', 'court', 'judge', 'appeal', 'donald', 'federal', 'block', 'rule', 'legal']",140,14,"['ban', 'travel', 'trump', 'immigration', 'trumps', 'order', 'court', 'judge', 'president', 'appeal', 'donald', 'federal']",11,"['ban', 'travel', 'order', 'immigration', 'trump', 'president', 'court', 'trumps', 'federal', 'judge', 'executive', 'muslim', 'halt']",10,"['trumprussia', 'trumpleak', 'trump', 'tie', 'flynn', 'ban', 'break', 'travel', 'read']","[17690402, 326665662, 3084992351, 3242040828]"
125,9,"['ban', 'travel', 'trump', 'immigration', 'trumps', 'president', 'order', 'court', 'judge', 'appeal', 'donald', 'federal', 'block', 'rule', 'legal']",141,9,"['trump', 'ban', 'president', 'order', 'court', 'people', 'security']",11,"['ban', 'travel', 'order', 'immigration', 'trump', 'president', 'court', 'trumps', 'federal', 'judge', 'executive', 'muslim', 'halt']",6,"['ban', 'travel', 'trump', 'immigration', 'trumps', 'order', 'court', 'judge', 'president', 'appeal', 'federal', 'block', 'rule', 'white_house', 'halt', 'justice_department']","[497665754, 632999879, 879909500, 1219267034]"
126,1,"['ban', 'trump', 'muslim', 'bannon', 'white', 'security', 'house', 'call', 'lie', 'attack', 'terrorism', 'head', 'general', 'miller']",142,9,"['trump', 'ban', 'president', 'order', 'court', 'people', 'security']",12,"['muslimban', 'nobannowall', 'trump', 'refugee', 'muslim', 'ban', 'refugeeswelcome', 'protest', 'congress']",4,"['ban', 'trump', 'muslim', 'muslimban', 'refugee', 'trumps', 'order']","[24562722, 3439065657, 825153022653128700, 830438470489296897]"
127,11,"['muslimban', 'nobannowall', 'trump', 'muslim', 'ban', 'refugee', 'refugeeswelcome', 'protest', 'law', 'people', 'support']",144,7,"['muslimban', 'muslim', 'maga', 'travelban']",12,"['muslimban', 'nobannowall', 'trump', 'refugee', 'muslim', 'ban', 'refugeeswelcome', 'protest', 'congress']",12,"['travelban', 'maga', 'ban', 'trump', 'travel', 'immigration', 'country', 'buildthewall', 'immigrationban', 'support_leader', 'america', 'muslim', 'support', 'refugee', 'immigrationban_maga', 'president', 'liberal']","[803749406696701952, 810698204375293953, 810698204375294000, 816371234325794820]"
128,11,"['muslimban', 'nobannowall', 'trump', 'muslim', 'ban', 'refugee', 'refugeeswelcome', 'protest', 'law', 'people', 'support']",146,7,"['muslimban', 'muslim', 'maga', 'travelban']",12,"['muslimban', 'nobannowall', 'trump', 'refugee', 'muslim', 'ban', 'refugeeswelcome', 'protest', 'congress']",4,"['ban', 'trump', 'muslim', 'muslimban', 'refugee', 'trumps', 'order']","[248817681, 407002473, 2465431458]"
129,11,"['muslimban', 'nobannowall', 'trump', 'muslim', 'ban', 'refugee', 'refugeeswelcome', 'protest', 'law', 'people', 'support']",147,14,"['ban', 'travel', 'trump', 'immigration', 'trumps', 'order', 'court', 'judge', 'president', 'appeal', 'donald', 'federal']",10,"['ban', 'trump', 'travel', 'immigration', 'trumps', 'judge', 'order', 'president', 'court', 'donald', 'appeal', 'white_house', 'homeland_security', 'federal']",4,"['ban', 'trump', 'muslim', 'muslimban', 'refugee', 'trumps', 'order']","[52281004, 217098564, 466864852, 3098500169]"
130,11,"['muslimban', 'nobannowall', 'trump', 'muslim', 'ban', 'refugee', 'refugeeswelcome', 'protest', 'law', 'people', 'support']",149,7,"['muslimban', 'muslim', 'maga', 'travelban']",12,"['muslimban', 'nobannowall', 'trump', 'refugee', 'muslim', 'ban', 'refugeeswelcome', 'protest', 'congress']",4,"['ban', 'trump', 'muslim', 'muslimban', 'refugee', 'trumps', 'order']","[787113920297332700, 808497871066636289, 808806831913140224, 811041617704587265]"
131,9,"['ban', 'travel', 'trump', 'immigration', 'trumps', 'president', 'order', 'court', 'judge', 'appeal', 'donald', 'federal', 'block', 'rule', 'legal']",150,14,"['ban', 'travel', 'trump', 'immigration', 'trumps', 'order', 'court', 'judge', 'president', 'appeal', 'donald', 'federal']",10,"['ban', 'trump', 'travel', 'immigration', 'trumps', 'judge', 'order', 'president', 'court', 'donald', 'appeal', 'white_house', 'homeland_security', 'federal']",6,"['ban', 'travel', 'trump', 'immigration', 'trumps', 'order', 'court', 'judge', 'president', 'appeal', 'federal', 'block', 'rule', 'white_house', 'halt', 'justice_department']","[61362581, 65270885, 808580246, 719615303014039552, 765584621119631360, 778288267141771264, 797279709440524289, 802508984301342720, 821724057720721408, 822219436799250432, 827591854686220290]"
133,11,"['muslimban', 'nobannowall', 'trump', 'muslim', 'ban', 'refugee', 'refugeeswelcome', 'protest', 'law', 'people', 'support']",152,9,"['trump', 'ban', 'president', 'order', 'court', 'people', 'security']",12,"['muslimban', 'nobannowall', 'trump', 'refugee', 'muslim', 'ban', 'refugeeswelcome', 'protest', 'congress']",4,"['ban', 'trump', 'muslim', 'muslimban', 'refugee', 'trumps', 'order']","[3124986791, 802242853850202112, 825414931453460500]"
134,9,"['ban', 'travel', 'trump', 'immigration', 'trumps', 'president', 'order', 'court', 'judge', 'appeal', 'donald', 'federal', 'block', 'rule', 'legal']",153,9,"['trump', 'ban', 'president', 'order', 'court', 'people', 'security']",10,"['ban', 'trump', 'travel', 'immigration', 'trumps', 'judge', 'order', 'president', 'court', 'donald', 'appeal', 'white_house', 'homeland_security', 'federal']",4,"['ban', 'trump', 'muslim', 'muslimban', 'refugee', 'trumps', 'order']","[1428245454, 1548756944, 2822640558, 3012462963]"
135,9,"['ban', 'travel', 'trump', 'immigration', 'trumps', 'president', 'order', 'court', 'judge', 'appeal', 'donald', 'federal', 'block', 'rule', 'legal']",154,14,"['ban', 'travel', 'trump', 'immigration', 'trumps', 'order', 'court', 'judge', 'president', 'appeal', 'donald', 'federal']",10,"['ban', 'trump', 'travel', 'immigration', 'trumps', 'judge', 'order', 'president', 'court', 'donald', 'appeal', 'white_house', 'homeland_security', 'federal']",6,"['ban', 'travel', 'trump', 'immigration', 'trumps', 'order', 'court', 'judge', 'president', 'appeal', 'federal', 'block', 'rule', 'white_house', 'halt', 'justice_department']","[78817006, 715329083802931200, 791783093145178112, 808342475228127232]"
136,2,"['muslimban', 'maga', 'travelban', 'islam', 'usa', 'trump', 'liberal', 'americafirst', 'immigrationban', 'tcot', 'terrorist']",155,7,"['muslimban', 'muslim', 'maga', 'travelban']",1,"['muslimban', 'maga', 'americafirst', 'islam', 'wahhabism_daily', 'muslim', 'usa', 'buildthewall', 'donaldtrump', 'wahhabism', 'tcot', 'support']",12,"['travelban', 'maga', 'ban', 'trump', 'travel', 'immigration', 'country', 'buildthewall', 'immigrationban', 'support_leader', 'america', 'muslim', 'support', 'refugee', 'immigrationban_maga', 'president', 'liberal']","[2447278640, 2462935452, 2956261143, 2967475006, 2979502145, 2991637275, 2991705749, 2993815630, 2995443045, 2999257265, 2999296937, 3062904754]"
137,11,"['muslimban', 'nobannowall', 'trump', 'muslim', 'ban', 'refugee', 'refugeeswelcome', 'protest', 'law', 'people', 'support']",156,2,"['nobannowall', 'muslimban', 'tntweeter', 'uslatino', 'heretostay', 'latism', 'inmigracion', 'notmore', 'immigration', 'refugeeswelcome', 'nomuslimban', 'refugee', 'niunomas', 'timeisnow', 'stand']",12,"['muslimban', 'nobannowall', 'trump', 'refugee', 'muslim', 'ban', 'refugeeswelcome', 'protest', 'congress']",5,"['refugeeswelcome', 'migrantenkriminalitat', 'refugeeswelcome_migrantenkriminalitat', 'afd', 'migrantenkriminalitat_refugeeswelcome', 'munich']","[726426186, 3293720865, 749292001867202600, 777521593962602500]"
138,9,"['ban', 'travel', 'trump', 'immigration', 'trumps', 'president', 'order', 'court', 'judge', 'appeal', 'donald', 'federal', 'block', 'rule', 'legal']",157,9,"['trump', 'ban', 'president', 'order', 'court', 'people', 'security']",10,"['ban', 'trump', 'travel', 'immigration', 'trumps', 'judge', 'order', 'president', 'court', 'donald', 'appeal', 'white_house', 'homeland_security', 'federal']",4,"['ban', 'trump', 'muslim', 'muslimban', 'refugee', 'trumps', 'order']","[31198756, 213088537, 2434305450]"
139,11,"['muslimban', 'nobannowall', 'trump', 'muslim', 'ban', 'refugee', 'refugeeswelcome', 'protest', 'law', 'people', 'support']",158,7,"['muslimban', 'muslim', 'maga', 'travelban']",12,"['muslimban', 'nobannowall', 'trump', 'refugee', 'muslim', 'ban', 'refugeeswelcome', 'protest', 'congress']",4,"['ban', 'trump', 'muslim', 'muslimban', 'refugee', 'trumps', 'order']","[14496886, 39971992, 597888584, 808498736250884096]"
140,11,"['muslimban', 'nobannowall', 'trump', 'muslim', 'ban', 'refugee', 'refugeeswelcome', 'protest', 'law', 'people', 'support']",160,9,"['trump', 'ban', 'president', 'order', 'court', 'people', 'security']",10,"['ban', 'trump', 'travel', 'immigration', 'trumps', 'judge', 'order', 'president', 'court', 'donald', 'appeal', 'white_house', 'homeland_security', 'federal']",4,"['ban', 'trump', 'muslim', 'muslimban', 'refugee', 'trumps', 'order']","[18666310, 3369925198, 728062616334159872, 736637394317922304, 736681821765836800, 738076526898470912, 776897909434544128, 783090711088533504, 783802387618234368, 794259857616601088, 820156689034911746]"
141,9,"['ban', 'travel', 'trump', 'immigration', 'trumps', 'president', 'order', 'court', 'judge', 'appeal', 'donald', 'federal', 'block', 'rule', 'legal']",163,14,"['ban', 'travel', 'trump', 'immigration', 'trumps', 'order', 'court', 'judge', 'president', 'appeal', 'donald', 'federal']",10,"['ban', 'trump', 'travel', 'immigration', 'trumps', 'judge', 'order', 'president', 'court', 'donald', 'appeal', 'white_house', 'homeland_security', 'federal']",6,"['ban', 'travel', 'trump', 'immigration', 'trumps', 'order', 'court', 'judge', 'president', 'appeal', 'federal', 'block', 'rule', 'white_house', 'halt', 'justice_department']","[52436759, 122448174, 334944709, 3341798140]"
142,11,"['muslimban', 'nobannowall', 'trump', 'muslim', 'ban', 'refugee', 'refugeeswelcome', 'protest', 'law', 'people', 'support']",164,9,"['trump', 'ban', 'president', 'order', 'court', 'people', 'security']",12,"['muslimban', 'nobannowall', 'trump', 'refugee', 'muslim', 'ban', 'refugeeswelcome', 'protest', 'congress']",4,"['ban', 'trump', 'muslim', 'muslimban', 'refugee', 'trumps', 'order']","[2543934432, 2838359254, 709930449368440833]"
143,9,"['ban', 'travel', 'trump', 'immigration', 'trumps', 'president', 'order', 'court', 'judge', 'appeal', 'donald', 'federal', 'block', 'rule', 'legal']",165,14,"['ban', 'travel', 'trump', 'immigration', 'trumps', 'order', 'court', 'judge', 'president', 'appeal', 'donald', 'federal']",11,"['ban', 'travel', 'order', 'immigration', 'trump', 'president', 'court', 'trumps', 'federal', 'judge', 'executive', 'muslim', 'halt']",6,"['ban', 'travel', 'trump', 'immigration', 'trumps', 'order', 'court', 'judge', 'president', 'appeal', 'federal', 'block', 'rule', 'white_house', 'halt', 'justice_department']","[2877098825, 2916179705, 3043819293, 3192736846]"
144,11,"['muslimban', 'nobannowall', 'trump', 'muslim', 'ban', 'refugee', 'refugeeswelcome', 'protest', 'law', 'people', 'support']",166,9,"['trump', 'ban', 'president', 'order', 'court', 'people', 'security']",12,"['muslimban', 'nobannowall', 'trump', 'refugee', 'muslim', 'ban', 'refugeeswelcome', 'protest', 'congress']",4,"['ban', 'trump', 'muslim', 'muslimban', 'refugee', 'trumps', 'order']","[123771138, 243950136, 749133664609382406]"
145,11,"['muslimban', 'nobannowall', 'trump', 'muslim', 'ban', 'refugee', 'refugeeswelcome', 'protest', 'law', 'people', 'support']",167,9,"['trump', 'ban', 'president', 'order', 'court', 'people', 'security']",4,"['ban', 'trump', 'muslim', 'travel', 'trumps', 'white_house', 'attack']",4,"['ban', 'trump', 'muslim', 'muslimban', 'refugee', 'trumps', 'order']","[15660641, 130617992, 938140405, 823653754520170497]"
146,9,"['ban', 'travel', 'trump', 'immigration', 'trumps', 'president', 'order', 'court', 'judge', 'appeal', 'donald', 'federal', 'block', 'rule', 'legal']",170,14,"['ban', 'travel', 'trump', 'immigration', 'trumps', 'order', 'court', 'judge', 'president', 'appeal', 'donald', 'federal']",10,"['ban', 'trump', 'travel', 'immigration', 'trumps', 'judge', 'order', 'president', 'court', 'donald', 'appeal', 'white_house', 'homeland_security', 'federal']",6,"['ban', 'travel', 'trump', 'immigration', 'trumps', 'order', 'court', 'judge', 'president', 'appeal', 'federal', 'block', 'rule', 'white_house', 'halt', 'justice_department']","[11332012, 1013374544, 1494071780]"
147,9,"['ban', 'travel', 'trump', 'immigration', 'trumps', 'president', 'order', 'court', 'judge', 'appeal', 'donald', 'federal', 'block', 'rule', 'legal']",171,14,"['ban', 'travel', 'trump', 'immigration', 'trumps', 'order', 'court', 'judge', 'president', 'appeal', 'donald', 'federal']",10,"['ban', 'trump', 'travel', 'immigration', 'trumps', 'judge', 'order', 'president', 'court', 'donald', 'appeal', 'white_house', 'homeland_security', 'federal']",6,"['ban', 'travel', 'trump', 'immigration', 'trumps', 'order', 'court', 'judge', 'president', 'appeal', 'federal', 'block', 'rule', 'white_house', 'halt', 'justice_department']","[101136300, 902841756, 3024568735, 752309378527555584, 760348481659600896, 761050368021110784, 763621734230597632, 824053976144281600, 828433145292681217]"
148,11,"['muslimban', 'nobannowall', 'trump', 'muslim', 'ban', 'refugee', 'refugeeswelcome', 'protest', 'law', 'people', 'support']",172,7,"['muslimban', 'muslim', 'maga', 'travelban']",12,"['muslimban', 'nobannowall', 'trump', 'refugee', 'muslim', 'ban', 'refugeeswelcome', 'protest', 'congress']",4,"['ban', 'trump', 'muslim', 'muslimban', 'refugee', 'trumps', 'order']","[776414185, 2187410251, 2216336281, 3928269613, 774232297574961152]"
149,11,"['muslimban', 'nobannowall', 'trump', 'muslim', 'ban', 'refugee', 'refugeeswelcome', 'protest', 'law', 'people', 'support']",173,7,"['muslimban', 'muslim', 'maga', 'travelban']",12,"['muslimban', 'nobannowall', 'trump', 'refugee', 'muslim', 'ban', 'refugeeswelcome', 'protest', 'congress']",4,"['ban', 'trump', 'muslim', 'muslimban', 'refugee', 'trumps', 'order']","[21879603, 3069015979, 3307415973]"
150,11,"['muslimban', 'nobannowall', 'trump', 'muslim', 'ban', 'refugee', 'refugeeswelcome', 'protest', 'law', 'people', 'support']",174,9,"['trump', 'ban', 'president', 'order', 'court', 'people', 'security']",12,"['muslimban', 'nobannowall', 'trump', 'refugee', 'muslim', 'ban', 'refugeeswelcome', 'protest', 'congress']",4,"['ban', 'trump', 'muslim', 'muslimban', 'refugee', 'trumps', 'order']","[16185569, 173915399, 3428769333]"
151,9,"['ban', 'travel', 'trump', 'immigration', 'trumps', 'president', 'order', 'court', 'judge', 'appeal', 'donald', 'federal', 'block', 'rule', 'legal']",175,14,"['ban', 'travel', 'trump', 'immigration', 'trumps', 'order', 'court', 'judge', 'president', 'appeal', 'donald', 'federal']",11,"['ban', 'travel', 'order', 'immigration', 'trump', 'president', 'court', 'trumps', 'federal', 'judge', 'executive', 'muslim', 'halt']",6,"['ban', 'travel', 'trump', 'immigration', 'trumps', 'order', 'court', 'judge', 'president', 'appeal', 'federal', 'block', 'rule', 'white_house', 'halt', 'justice_department']","[21213927, 21216178, 236968929, 857445764]"
152,9,"['ban', 'travel', 'trump', 'immigration', 'trumps', 'president', 'order', 'court', 'judge', 'appeal', 'donald', 'federal', 'block', 'rule', 'legal']",270,14,"['ban', 'travel', 'trump', 'immigration', 'trumps', 'order', 'court', 'judge', 'president', 'appeal', 'donald', 'federal']",10,"['ban', 'trump', 'travel', 'immigration', 'trumps', 'judge', 'order', 'president', 'court', 'donald', 'appeal', 'white_house', 'homeland_security', 'federal']",4,"['ban', 'trump', 'muslim', 'muslimban', 'refugee', 'trumps', 'order']","[3183768157, 3374126201, 713953191742816300, 780216787824742400, 798190900744568800, 808204218762825728]"
153,11,"['muslimban', 'nobannowall', 'trump', 'muslim', 'ban', 'refugee', 'refugeeswelcome', 'protest', 'law', 'people', 'support']",177,9,"['trump', 'ban', 'president', 'order', 'court', 'people', 'security']",12,"['muslimban', 'nobannowall', 'trump', 'refugee', 'muslim', 'ban', 'refugeeswelcome', 'protest', 'congress']",4,"['ban', 'trump', 'muslim', 'muslimban', 'refugee', 'trumps', 'order']","[155721492, 209574683, 288598376, 332407856, 737676884977258497, 823642841507315712]"
154,9,"['ban', 'travel', 'trump', 'immigration', 'trumps', 'president', 'order', 'court', 'judge', 'appeal', 'donald', 'federal', 'block', 'rule', 'legal']",178,14,"['ban', 'travel', 'trump', 'immigration', 'trumps', 'order', 'court', 'judge', 'president', 'appeal', 'donald', 'federal']",10,"['ban', 'trump', 'travel', 'immigration', 'trumps', 'judge', 'order', 'president', 'court', 'donald', 'appeal', 'white_house', 'homeland_security', 'federal']",6,"['ban', 'travel', 'trump', 'immigration', 'trumps', 'order', 'court', 'judge', 'president', 'appeal', 'federal', 'block', 'rule', 'white_house', 'halt', 'justice_department']","[630379079, 4902144081, 774223198137090049, 798654799382122496, 816379289503338496]"
155,1,"['ban', 'trump', 'muslim', 'bannon', 'white', 'security', 'house', 'call', 'lie', 'attack', 'terrorism', 'head', 'general', 'miller']",179,14,"['ban', 'travel', 'trump', 'immigration', 'trumps', 'order', 'court', 'judge', 'president', 'appeal', 'donald', 'federal']",4,"['ban', 'trump', 'muslim', 'travel', 'trumps', 'white_house', 'attack']",13,"['nobannowall', 'muslimban', 'heretostay', 'nomuslimban', 'refugeeswelcome', 'refugee', 'protest']","[363972381, 3807228753, 712679539500036096]"
156,10,"['order', 'immigration', 'ban', 'travel', 'judge', 'executive', 'halt', 'country', 'muslim', 'poll', 'tweet', 'marine', 'iraq', 'comment']",180,14,"['ban', 'travel', 'trump', 'immigration', 'trumps', 'order', 'court', 'judge', 'president', 'appeal', 'donald', 'federal']",10,"['ban', 'trump', 'travel', 'immigration', 'trumps', 'judge', 'order', 'president', 'court', 'donald', 'appeal', 'white_house', 'homeland_security', 'federal']",12,"['travelban', 'maga', 'ban', 'trump', 'travel', 'immigration', 'country', 'buildthewall', 'immigrationban', 'support_leader', 'america', 'muslim', 'support', 'refugee', 'immigrationban_maga', 'president', 'liberal']","[2511118496, 713925255828353000, 713925255828353024]"
157,11,"['muslimban', 'nobannowall', 'trump', 'muslim', 'ban', 'refugee', 'refugeeswelcome', 'protest', 'law', 'people', 'support']",181,9,"['trump', 'ban', 'president', 'order', 'court', 'people', 'security']",12,"['muslimban', 'nobannowall', 'trump', 'refugee', 'muslim', 'ban', 'refugeeswelcome', 'protest', 'congress']",4,"['ban', 'trump', 'muslim', 'muslimban', 'refugee', 'trumps', 'order']","[153924469, 1696846248, 4099048259, 741594349633470464]"
158,13,"['muslimban', 'board', 'visas', 'valid', 'airlinesnomuslimban', 'nobanjfk', 'traveler', 'court', 'aviation', 'rule', 'travel', 'judge', 'circuit', 'passenger', 'stay']",256,2,"['nobannowall', 'muslimban', 'tntweeter', 'uslatino', 'heretostay', 'latism', 'inmigracion', 'notmore', 'immigration', 'refugeeswelcome', 'nomuslimban', 'refugee', 'niunomas', 'timeisnow', 'stand']",12,"['muslimban', 'nobannowall', 'trump', 'refugee', 'muslim', 'ban', 'refugeeswelcome', 'protest', 'congress']",13,"['nobannowall', 'muslimban', 'heretostay', 'nomuslimban', 'refugeeswelcome', 'refugee', 'protest']","[60341409, 554736713, 2768029004]"
160,9,"['ban', 'travel', 'trump', 'immigration', 'trumps', 'president', 'order', 'court', 'judge', 'appeal', 'donald', 'federal', 'block', 'rule', 'legal']",183,14,"['ban', 'travel', 'trump', 'immigration', 'trumps', 'order', 'court', 'judge', 'president', 'appeal', 'donald', 'federal']",10,"['ban', 'trump', 'travel', 'immigration', 'trumps', 'judge', 'order', 'president', 'court', 'donald', 'appeal', 'white_house', 'homeland_security', 'federal']",6,"['ban', 'travel', 'trump', 'immigration', 'trumps', 'order', 'court', 'judge', 'president', 'appeal', 'federal', 'block', 'rule', 'white_house', 'halt', 'justice_department']","[396720850, 549010227, 2775904743]"
161,11,"['muslimban', 'nobannowall', 'trump', 'muslim', 'ban', 'refugee', 'refugeeswelcome', 'protest', 'law', 'people', 'support']",185,7,"['muslimban', 'muslim', 'maga', 'travelban']",12,"['muslimban', 'nobannowall', 'trump', 'refugee', 'muslim', 'ban', 'refugeeswelcome', 'protest', 'congress']",4,"['ban', 'trump', 'muslim', 'muslimban', 'refugee', 'trumps', 'order']","[67052442, 85107516, 150653567]"
162,1,"['ban', 'trump', 'muslim', 'bannon', 'white', 'security', 'house', 'call', 'lie', 'attack', 'terrorism', 'head', 'general', 'miller']",187,7,"['muslimban', 'muslim', 'maga', 'travelban']",1,"['muslimban', 'maga', 'americafirst', 'islam', 'wahhabism_daily', 'muslim', 'usa', 'buildthewall', 'donaldtrump', 'wahhabism', 'tcot', 'support']",12,"['travelban', 'maga', 'ban', 'trump', 'travel', 'immigration', 'country', 'buildthewall', 'immigrationban', 'support_leader', 'america', 'muslim', 'support', 'refugee', 'immigrationban_maga', 'president', 'liberal']","[521099168, 712570632966266880, 712787233908981760, 712806143790174208, 720034834827972609, 722474829463457792]"
163,11,"['muslimban', 'nobannowall', 'trump', 'muslim', 'ban', 'refugee', 'refugeeswelcome', 'protest', 'law', 'people', 'support']",190,9,"['trump', 'ban', 'president', 'order', 'court', 'people', 'security']",12,"['muslimban', 'nobannowall', 'trump', 'refugee', 'muslim', 'ban', 'refugeeswelcome', 'protest', 'congress']",4,"['ban', 'trump', 'muslim', 'muslimban', 'refugee', 'trumps', 'order']","[773230604133564400, 813824414953381888, 814608019749306368]"
164,1,"['ban', 'trump', 'muslim', 'bannon', 'white', 'security', 'house', 'call', 'lie', 'attack', 'terrorism', 'head', 'general', 'miller']",194,7,"['muslimban', 'muslim', 'maga', 'travelban']",12,"['muslimban', 'nobannowall', 'trump', 'refugee', 'muslim', 'ban', 'refugeeswelcome', 'protest', 'congress']",4,"['ban', 'trump', 'muslim', 'muslimban', 'refugee', 'trumps', 'order']","[37054076, 2945087081, 3091887712]"
165,11,"['muslimban', 'nobannowall', 'trump', 'muslim', 'ban', 'refugee', 'refugeeswelcome', 'protest', 'law', 'people', 'support']",195,9,"['trump', 'ban', 'president', 'order', 'court', 'people', 'security']",12,"['muslimban', 'nobannowall', 'trump', 'refugee', 'muslim', 'ban', 'refugeeswelcome', 'protest', 'congress']",4,"['ban', 'trump', 'muslim', 'muslimban', 'refugee', 'trumps', 'order']","[102572648, 151600623, 1006954988]"
166,9,"['ban', 'travel', 'trump', 'immigration', 'trumps', 'president', 'order', 'court', 'judge', 'appeal', 'donald', 'federal', 'block', 'rule', 'legal']",196,14,"['ban', 'travel', 'trump', 'immigration', 'trumps', 'order', 'court', 'judge', 'president', 'appeal', 'donald', 'federal']",10,"['ban', 'trump', 'travel', 'immigration', 'trumps', 'judge', 'order', 'president', 'court', 'donald', 'appeal', 'white_house', 'homeland_security', 'federal']",6,"['ban', 'travel', 'trump', 'immigration', 'trumps', 'order', 'court', 'judge', 'president', 'appeal', 'federal', 'block', 'rule', 'white_house', 'halt', 'justice_department']","[16929715, 44339519, 286163867, 825056962781941760]"
167,1,"['ban', 'trump', 'muslim', 'bannon', 'white', 'security', 'house', 'call', 'lie', 'attack', 'terrorism', 'head', 'general', 'miller']",197,2,"['nobannowall', 'muslimban', 'tntweeter', 'uslatino', 'heretostay', 'latism', 'inmigracion', 'notmore', 'immigration', 'refugeeswelcome', 'nomuslimban', 'refugee', 'niunomas', 'timeisnow', 'stand']",4,"['ban', 'trump', 'muslim', 'travel', 'trumps', 'white_house', 'attack']",4,"['ban', 'trump', 'muslim', 'muslimban', 'refugee', 'trumps', 'order']","[1336527348, 2852040209, 793916920080850945]"
168,11,"['muslimban', 'nobannowall', 'trump', 'muslim', 'ban', 'refugee', 'refugeeswelcome', 'protest', 'law', 'people', 'support']",198,2,"['nobannowall', 'muslimban', 'tntweeter', 'uslatino', 'heretostay', 'latism', 'inmigracion', 'notmore', 'immigration', 'refugeeswelcome', 'nomuslimban', 'refugee', 'niunomas', 'timeisnow', 'stand']",12,"['muslimban', 'nobannowall', 'trump', 'refugee', 'muslim', 'ban', 'refugeeswelcome', 'protest', 'congress']",4,"['ban', 'trump', 'muslim', 'muslimban', 'refugee', 'trumps', 'order']","[208711400, 242463076, 4699304792]"
169,11,"['muslimban', 'nobannowall', 'trump', 'muslim', 'ban', 'refugee', 'refugeeswelcome', 'protest', 'law', 'people', 'support']",199,2,"['nobannowall', 'muslimban', 'tntweeter', 'uslatino', 'heretostay', 'latism', 'inmigracion', 'notmore', 'immigration', 'refugeeswelcome', 'nomuslimban', 'refugee', 'niunomas', 'timeisnow', 'stand']",12,"['muslimban', 'nobannowall', 'trump', 'refugee', 'muslim', 'ban', 'refugeeswelcome', 'protest', 'congress']",13,"['nobannowall', 'muslimban', 'heretostay', 'nomuslimban', 'refugeeswelcome', 'refugee', 'protest']","[824285978412118016, 825407030617849900, 826887871436951552]"
170,11,"['muslimban', 'nobannowall', 'trump', 'muslim', 'ban', 'refugee', 'refugeeswelcome', 'protest', 'law', 'people', 'support']",200,2,"['nobannowall', 'muslimban', 'tntweeter', 'uslatino', 'heretostay', 'latism', 'inmigracion', 'notmore', 'immigration', 'refugeeswelcome', 'nomuslimban', 'refugee', 'niunomas', 'timeisnow', 'stand']",11,"['ban', 'travel', 'order', 'immigration', 'trump', 'president', 'court', 'trumps', 'federal', 'judge', 'executive', 'muslim', 'halt']",6,"['ban', 'travel', 'trump', 'immigration', 'trumps', 'order', 'court', 'judge', 'president', 'appeal', 'federal', 'block', 'rule', 'white_house', 'halt', 'justice_department']","[23477836, 700222688, 726770633867186176]"
171,2,"['muslimban', 'maga', 'travelban', 'islam', 'usa', 'trump', 'liberal', 'americafirst', 'immigrationban', 'tcot', 'terrorist']",201,7,"['muslimban', 'muslim', 'maga', 'travelban']",1,"['muslimban', 'maga', 'americafirst', 'islam', 'wahhabism_daily', 'muslim', 'usa', 'buildthewall', 'donaldtrump', 'wahhabism', 'tcot', 'support']",0,"['muslimban', 'americafirst', 'maga', 'islam', 'tcot', 'usa', 'wahhabism_daily', 'dts_tcot', 'isis']","[810921504477184000, 823898698929340416, 825945285423722496, 826266721732423680, 826267946863427585, 826336652209569793, 827364695531220992]"
172,11,"['muslimban', 'nobannowall', 'trump', 'muslim', 'ban', 'refugee', 'refugeeswelcome', 'protest', 'law', 'people', 'support']",202,2,"['nobannowall', 'muslimban', 'tntweeter', 'uslatino', 'heretostay', 'latism', 'inmigracion', 'notmore', 'immigration', 'refugeeswelcome', 'nomuslimban', 'refugee', 'niunomas', 'timeisnow', 'stand']",12,"['muslimban', 'nobannowall', 'trump', 'refugee', 'muslim', 'ban', 'refugeeswelcome', 'protest', 'congress']",4,"['ban', 'trump', 'muslim', 'muslimban', 'refugee', 'trumps', 'order']","[28737527, 256624383, 825751565403238402]"
173,11,"['muslimban', 'nobannowall', 'trump', 'muslim', 'ban', 'refugee', 'refugeeswelcome', 'protest', 'law', 'people', 'support']",203,9,"['trump', 'ban', 'president', 'order', 'court', 'people', 'security']",12,"['muslimban', 'nobannowall', 'trump', 'refugee', 'muslim', 'ban', 'refugeeswelcome', 'protest', 'congress']",4,"['ban', 'trump', 'muslim', 'muslimban', 'refugee', 'trumps', 'order']","[700661366064095200, 700661366064095232, 718561802787930100]"
174,11,"['muslimban', 'nobannowall', 'trump', 'muslim', 'ban', 'refugee', 'refugeeswelcome', 'protest', 'law', 'people', 'support']",204,9,"['trump', 'ban', 'president', 'order', 'court', 'people', 'security']",12,"['muslimban', 'nobannowall', 'trump', 'refugee', 'muslim', 'ban', 'refugeeswelcome', 'protest', 'congress']",4,"['ban', 'trump', 'muslim', 'muslimban', 'refugee', 'trumps', 'order']","[1354570123, 815953820907958272, 818850758959493121]"
175,11,"['muslimban', 'nobannowall', 'trump', 'muslim', 'ban', 'refugee', 'refugeeswelcome', 'protest', 'law', 'people', 'support']",205,9,"['trump', 'ban', 'president', 'order', 'court', 'people', 'security']",12,"['muslimban', 'nobannowall', 'trump', 'refugee', 'muslim', 'ban', 'refugeeswelcome', 'protest', 'congress']",4,"['ban', 'trump', 'muslim', 'muslimban', 'refugee', 'trumps', 'order']","[3359247453, 708895088416530400, 825317650481893376, 826864840010522624]"
176,10,"['order', 'immigration', 'ban', 'travel', 'judge', 'executive', 'halt', 'country', 'muslim', 'poll', 'tweet', 'marine', 'iraq', 'comment']",206,14,"['ban', 'travel', 'trump', 'immigration', 'trumps', 'order', 'court', 'judge', 'president', 'appeal', 'donald', 'federal']",10,"['ban', 'trump', 'travel', 'immigration', 'trumps', 'judge', 'order', 'president', 'court', 'donald', 'appeal', 'white_house', 'homeland_security', 'federal']",12,"['travelban', 'maga', 'ban', 'trump', 'travel', 'immigration', 'country', 'buildthewall', 'immigrationban', 'support_leader', 'america', 'muslim', 'support', 'refugee', 'immigrationban_maga', 'president', 'liberal']","[220565116, 356003130, 373018802]"
177,1,"['ban', 'trump', 'muslim', 'bannon', 'white', 'security', 'house', 'call', 'lie', 'attack', 'terrorism', 'head', 'general', 'miller']",207,9,"['trump', 'ban', 'president', 'order', 'court', 'people', 'security']",4,"['ban', 'trump', 'muslim', 'travel', 'trumps', 'white_house', 'attack']",4,"['ban', 'trump', 'muslim', 'muslimban', 'refugee', 'trumps', 'order']","[34755143, 187670429, 326048983, 539296723]"
178,9,"['ban', 'travel', 'trump', 'immigration', 'trumps', 'president', 'order', 'court', 'judge', 'appeal', 'donald', 'federal', 'block', 'rule', 'legal']",209,14,"['ban', 'travel', 'trump', 'immigration', 'trumps', 'order', 'court', 'judge', 'president', 'appeal', 'donald', 'federal']",10,"['ban', 'trump', 'travel', 'immigration', 'trumps', 'judge', 'order', 'president', 'court', 'donald', 'appeal', 'white_house', 'homeland_security', 'federal']",6,"['ban', 'travel', 'trump', 'immigration', 'trumps', 'order', 'court', 'judge', 'president', 'appeal', 'federal', 'block', 'rule', 'white_house', 'halt', 'justice_department']","[111991658, 3111893971, 3300176232, 3532863973, 3607746313, 3886756453]"
179,11,"['muslimban', 'nobannowall', 'trump', 'muslim', 'ban', 'refugee', 'refugeeswelcome', 'protest', 'law', 'people', 'support']",211,9,"['trump', 'ban', 'president', 'order', 'court', 'people', 'security']",4,"['ban', 'trump', 'muslim', 'travel', 'trumps', 'white_house', 'attack']",4,"['ban', 'trump', 'muslim', 'muslimban', 'refugee', 'trumps', 'order']","[489315957, 2786554249, 3313880639]"
180,9,"['ban', 'travel', 'trump', 'immigration', 'trumps', 'president', 'order', 'court', 'judge', 'appeal', 'donald', 'federal', 'block', 'rule', 'legal']",212,14,"['ban', 'travel', 'trump', 'immigration', 'trumps', 'order', 'court', 'judge', 'president', 'appeal', 'donald', 'federal']",10,"['ban', 'trump', 'travel', 'immigration', 'trumps', 'judge', 'order', 'president', 'court', 'donald', 'appeal', 'white_house', 'homeland_security', 'federal']",4,"['ban', 'trump', 'muslim', 'muslimban', 'refugee', 'trumps', 'order']","[4362459267, 720548140986867700, 754501099533377536, 764493524154941440, 820733943137927200]"
181,11,"['muslimban', 'nobannowall', 'trump', 'muslim', 'ban', 'refugee', 'refugeeswelcome', 'protest', 'law', 'people', 'support']",214,2,"['nobannowall', 'muslimban', 'tntweeter', 'uslatino', 'heretostay', 'latism', 'inmigracion', 'notmore', 'immigration', 'refugeeswelcome', 'nomuslimban', 'refugee', 'niunomas', 'timeisnow', 'stand']",13,"['theresistance', 'resist', 'nobannowall', 'impeachtrump', 'impeachtrump_impeachtrumpnow', 'resistance', 'trump']",7,"['muslimban', 'resist', 'theresistance', 'dworkinreport', 'nodapl', 'impeachtrump']","[16156992, 17859339, 38995782, 824458268420476900]"
182,11,"['muslimban', 'nobannowall', 'trump', 'muslim', 'ban', 'refugee', 'refugeeswelcome', 'protest', 'law', 'people', 'support']",215,14,"['ban', 'travel', 'trump', 'immigration', 'trumps', 'order', 'court', 'judge', 'president', 'appeal', 'donald', 'federal']",4,"['ban', 'trump', 'muslim', 'travel', 'trumps', 'white_house', 'attack']",4,"['ban', 'trump', 'muslim', 'muslimban', 'refugee', 'trumps', 'order']","[18736204, 55622624, 733329383293751296]"
183,9,"['ban', 'travel', 'trump', 'immigration', 'trumps', 'president', 'order', 'court', 'judge', 'appeal', 'donald', 'federal', 'block', 'rule', 'legal']",216,14,"['ban', 'travel', 'trump', 'immigration', 'trumps', 'order', 'court', 'judge', 'president', 'appeal', 'donald', 'federal']",10,"['ban', 'trump', 'travel', 'immigration', 'trumps', 'judge', 'order', 'president', 'court', 'donald', 'appeal', 'white_house', 'homeland_security', 'federal']",4,"['ban', 'trump', 'muslim', 'muslimban', 'refugee', 'trumps', 'order']","[38126579, 716743071883341824, 814503149427826688]"
184,9,"['ban', 'travel', 'trump', 'immigration', 'trumps', 'president', 'order', 'court', 'judge', 'appeal', 'donald', 'federal', 'block', 'rule', 'legal']",218,14,"['ban', 'travel', 'trump', 'immigration', 'trumps', 'order', 'court', 'judge', 'president', 'appeal', 'donald', 'federal']",10,"['ban', 'trump', 'travel', 'immigration', 'trumps', 'judge', 'order', 'president', 'court', 'donald', 'appeal', 'white_house', 'homeland_security', 'federal']",6,"['ban', 'travel', 'trump', 'immigration', 'trumps', 'order', 'court', 'judge', 'president', 'appeal', 'federal', 'block', 'rule', 'white_house', 'halt', 'justice_department']","[342789658, 1917411888, 2225149112, 3160436191, 785695115981357056]"
185,11,"['muslimban', 'nobannowall', 'trump', 'muslim', 'ban', 'refugee', 'refugeeswelcome', 'protest', 'law', 'people', 'support']",220,7,"['muslimban', 'muslim', 'maga', 'travelban']",12,"['muslimban', 'nobannowall', 'trump', 'refugee', 'muslim', 'ban', 'refugeeswelcome', 'protest', 'congress']",4,"['ban', 'trump', 'muslim', 'muslimban', 'refugee', 'trumps', 'order']","[194594772, 2240363596, 2257404578, 723177144470409216, 805968799031758849]"
186,11,"['muslimban', 'nobannowall', 'trump', 'muslim', 'ban', 'refugee', 'refugeeswelcome', 'protest', 'law', 'people', 'support']",221,9,"['trump', 'ban', 'president', 'order', 'court', 'people', 'security']",12,"['muslimban', 'nobannowall', 'trump', 'refugee', 'muslim', 'ban', 'refugeeswelcome', 'protest', 'congress']",4,"['ban', 'trump', 'muslim', 'muslimban', 'refugee', 'trumps', 'order']","[3078355733, 826091470373404700, 826093225668726800, 826136373186936834, 826362538296123400, 826602456536797184, 826841987189862400]"
187,11,"['muslimban', 'nobannowall', 'trump', 'muslim', 'ban', 'refugee', 'refugeeswelcome', 'protest', 'law', 'people', 'support']",222,9,"['trump', 'ban', 'president', 'order', 'court', 'people', 'security']",12,"['muslimban', 'nobannowall', 'trump', 'refugee', 'muslim', 'ban', 'refugeeswelcome', 'protest', 'congress']",4,"['ban', 'trump', 'muslim', 'muslimban', 'refugee', 'trumps', 'order']","[76093, 24854898, 3220868690]"
189,9,"['ban', 'travel', 'trump', 'immigration', 'trumps', 'president', 'order', 'court', 'judge', 'appeal', 'donald', 'federal', 'block', 'rule', 'legal']",223,14,"['ban', 'travel', 'trump', 'immigration', 'trumps', 'order', 'court', 'judge', 'president', 'appeal', 'donald', 'federal']",10,"['ban', 'trump', 'travel', 'immigration', 'trumps', 'judge', 'order', 'president', 'court', 'donald', 'appeal', 'white_house', 'homeland_security', 'federal']",6,"['ban', 'travel', 'trump', 'immigration', 'trumps', 'order', 'court', 'judge', 'president', 'appeal', 'federal', 'block', 'rule', 'white_house', 'halt', 'justice_department']","[14085040, 15736836, 118362962]"
190,11,"['muslimban', 'nobannowall', 'trump', 'muslim', 'ban', 'refugee', 'refugeeswelcome', 'protest', 'law', 'people', 'support']",225,7,"['muslimban', 'muslim', 'maga', 'travelban']",11,"['ban', 'travel', 'order', 'immigration', 'trump', 'president', 'court', 'trumps', 'federal', 'judge', 'executive', 'muslim', 'halt']",12,"['travelban', 'maga', 'ban', 'trump', 'travel', 'immigration', 'country', 'buildthewall', 'immigrationban', 'support_leader', 'america', 'muslim', 'support', 'refugee', 'immigrationban_maga', 'president', 'liberal']","[88951664, 720008230412410885, 720008230412410900]"
191,14,"['maddow', 'amjoy', 'stillwithher', 'imwithher', 'strongertogether', 'gaga']",226,9,"['trump', 'ban', 'president', 'order', 'court', 'people', 'security']",12,"['muslimban', 'nobannowall', 'trump', 'refugee', 'muslim', 'ban', 'refugeeswelcome', 'protest', 'congress']",4,"['ban', 'trump', 'muslim', 'muslimban', 'refugee', 'trumps', 'order']","[20738289, 782571303798771716, 823689986373455873]"
192,11,"['muslimban', 'nobannowall', 'trump', 'muslim', 'ban', 'refugee', 'refugeeswelcome', 'protest', 'law', 'people', 'support']",227,0,"['brother', 'criminal', 'dtmag', 'big', 'black', 'alternativefact', 'ngo', 'web', 'georgesoros', 'unraveling', 'sister', 'makeamericagreatagain', 'robe', 'arduously']",12,"['muslimban', 'nobannowall', 'trump', 'refugee', 'muslim', 'ban', 'refugeeswelcome', 'protest', 'congress']",12,"['travelban', 'maga', 'ban', 'trump', 'travel', 'immigration', 'country', 'buildthewall', 'immigrationban', 'support_leader', 'america', 'muslim', 'support', 'refugee', 'immigrationban_maga', 'president', 'liberal']","[16174163, 48111419, 374932849]"
193,2,"['muslimban', 'maga', 'travelban', 'islam', 'usa', 'trump', 'liberal', 'americafirst', 'immigrationban', 'tcot', 'terrorist']",228,9,"['trump', 'ban', 'president', 'order', 'court', 'people', 'security']",12,"['muslimban', 'nobannowall', 'trump', 'refugee', 'muslim', 'ban', 'refugeeswelcome', 'protest', 'congress']",4,"['ban', 'trump', 'muslim', 'muslimban', 'refugee', 'trumps', 'order']","[24677397, 1619798160, 2577636960]"
194,9,"['ban', 'travel', 'trump', 'immigration', 'trumps', 'president', 'order', 'court', 'judge', 'appeal', 'donald', 'federal', 'block', 'rule', 'legal']",230,14,"['ban', 'travel', 'trump', 'immigration', 'trumps', 'order', 'court', 'judge', 'president', 'appeal', 'donald', 'federal']",10,"['ban', 'trump', 'travel', 'immigration', 'trumps', 'judge', 'order', 'president', 'court', 'donald', 'appeal', 'white_house', 'homeland_security', 'federal']",6,"['ban', 'travel', 'trump', 'immigration', 'trumps', 'order', 'court', 'judge', 'president', 'appeal', 'federal', 'block', 'rule', 'white_house', 'halt', 'justice_department']","[242696106, 257277393, 330826792]"
195,9,"['ban', 'travel', 'trump', 'immigration', 'trumps', 'president', 'order', 'court', 'judge', 'appeal', 'donald', 'federal', 'block', 'rule', 'legal']",231,14,"['ban', 'travel', 'trump', 'immigration', 'trumps', 'order', 'court', 'judge', 'president', 'appeal', 'donald', 'federal']",10,"['ban', 'trump', 'travel', 'immigration', 'trumps', 'judge', 'order', 'president', 'court', 'donald', 'appeal', 'white_house', 'homeland_security', 'federal']",6,"['ban', 'travel', 'trump', 'immigration', 'trumps', 'order', 'court', 'judge', 'president', 'appeal', 'federal', 'block', 'rule', 'white_house', 'halt', 'justice_department']","[374102346, 544874430, 1327843160]"
196,11,"['muslimban', 'nobannowall', 'trump', 'muslim', 'ban', 'refugee', 'refugeeswelcome', 'protest', 'law', 'people', 'support']",232,5,"['muslimban', 'trumprussia', 'trumpleak', 'trump', 'tie', 'resist', 'read', 'resistance']",12,"['muslimban', 'nobannowall', 'trump', 'refugee', 'muslim', 'ban', 'refugeeswelcome', 'protest', 'congress']",7,"['muslimban', 'resist', 'theresistance', 'dworkinreport', 'nodapl', 'impeachtrump']","[100185915, 440724583, 1328672311]"
197,9,"['ban', 'travel', 'trump', 'immigration', 'trumps', 'president', 'order', 'court', 'judge', 'appeal', 'donald', 'federal', 'block', 'rule', 'legal']",234,14,"['ban', 'travel', 'trump', 'immigration', 'trumps', 'order', 'court', 'judge', 'president', 'appeal', 'donald', 'federal']",11,"['ban', 'travel', 'order', 'immigration', 'trump', 'president', 'court', 'trumps', 'federal', 'judge', 'executive', 'muslim', 'halt']",4,"['ban', 'trump', 'muslim', 'muslimban', 'refugee', 'trumps', 'order']","[938847229, 776108269526016000, 778699826636529672]"
198,9,"['ban', 'travel', 'trump', 'immigration', 'trumps', 'president', 'order', 'court', 'judge', 'appeal', 'donald', 'federal', 'block', 'rule', 'legal']",235,14,"['ban', 'travel', 'trump', 'immigration', 'trumps', 'order', 'court', 'judge', 'president', 'appeal', 'donald', 'federal']",10,"['ban', 'trump', 'travel', 'immigration', 'trumps', 'judge', 'order', 'president', 'court', 'donald', 'appeal', 'white_house', 'homeland_security', 'federal']",6,"['ban', 'travel', 'trump', 'immigration', 'trumps', 'order', 'court', 'judge', 'president', 'appeal', 'federal', 'block', 'rule', 'white_house', 'halt', 'justice_department']","[15375209, 15872418, 250529087]"
199,11,"['muslimban', 'nobannowall', 'trump', 'muslim', 'ban', 'refugee', 'refugeeswelcome', 'protest', 'law', 'people', 'support']",236,2,"['nobannowall', 'muslimban', 'tntweeter', 'uslatino', 'heretostay', 'latism', 'inmigracion', 'notmore', 'immigration', 'refugeeswelcome', 'nomuslimban', 'refugee', 'niunomas', 'timeisnow', 'stand']",12,"['muslimban', 'nobannowall', 'trump', 'refugee', 'muslim', 'ban', 'refugeeswelcome', 'protest', 'congress']",4,"['ban', 'trump', 'muslim', 'muslimban', 'refugee', 'trumps', 'order']","[825290342891151360, 825684352545730600, 825741394723663900, 826091470373404672]"
200,9,"['ban', 'travel', 'trump', 'immigration', 'trumps', 'president', 'order', 'court', 'judge', 'appeal', 'donald', 'federal', 'block', 'rule', 'legal']",237,14,"['ban', 'travel', 'trump', 'immigration', 'trumps', 'order', 'court', 'judge', 'president', 'appeal', 'donald', 'federal']",10,"['ban', 'trump', 'travel', 'immigration', 'trumps', 'judge', 'order', 'president', 'court', 'donald', 'appeal', 'white_house', 'homeland_security', 'federal']",6,"['ban', 'travel', 'trump', 'immigration', 'trumps', 'order', 'court', 'judge', 'president', 'appeal', 'federal', 'block', 'rule', 'white_house', 'halt', 'justice_department']","[294176860, 1017498714, 3948602175]"
201,11,"['muslimban', 'nobannowall', 'trump', 'muslim', 'ban', 'refugee', 'refugeeswelcome', 'protest', 'law', 'people', 'support']",238,2,"['nobannowall', 'muslimban', 'tntweeter', 'uslatino', 'heretostay', 'latism', 'inmigracion', 'notmore', 'immigration', 'refugeeswelcome', 'nomuslimban', 'refugee', 'niunomas', 'timeisnow', 'stand']",12,"['muslimban', 'nobannowall', 'trump', 'refugee', 'muslim', 'ban', 'refugeeswelcome', 'protest', 'congress']",13,"['nobannowall', 'muslimban', 'heretostay', 'nomuslimban', 'refugeeswelcome', 'refugee', 'protest']","[236494277, 2174771983, 806879544279871488]"
202,11,"['muslimban', 'nobannowall', 'trump', 'muslim', 'ban', 'refugee', 'refugeeswelcome', 'protest', 'law', 'people', 'support']",239,2,"['nobannowall', 'muslimban', 'tntweeter', 'uslatino', 'heretostay', 'latism', 'inmigracion', 'notmore', 'immigration', 'refugeeswelcome', 'nomuslimban', 'refugee', 'niunomas', 'timeisnow', 'stand']",12,"['muslimban', 'nobannowall', 'trump', 'refugee', 'muslim', 'ban', 'refugeeswelcome', 'protest', 'congress']",4,"['ban', 'trump', 'muslim', 'muslimban', 'refugee', 'trumps', 'order']","[34324848, 1122139278, 1877233567, 3066762662]"
203,9,"['ban', 'travel', 'trump', 'immigration', 'trumps', 'president', 'order', 'court', 'judge', 'appeal', 'donald', 'federal', 'block', 'rule', 'legal']",240,9,"['trump', 'ban', 'president', 'order', 'court', 'people', 'security']",4,"['ban', 'trump', 'muslim', 'travel', 'trumps', 'white_house', 'attack']",4,"['ban', 'trump', 'muslim', 'muslimban', 'refugee', 'trumps', 'order']","[20366290, 413407657, 815238459002654700]"
204,9,"['ban', 'travel', 'trump', 'immigration', 'trumps', 'president', 'order', 'court', 'judge', 'appeal', 'donald', 'federal', 'block', 'rule', 'legal']",241,14,"['ban', 'travel', 'trump', 'immigration', 'trumps', 'order', 'court', 'judge', 'president', 'appeal', 'donald', 'federal']",10,"['ban', 'trump', 'travel', 'immigration', 'trumps', 'judge', 'order', 'president', 'court', 'donald', 'appeal', 'white_house', 'homeland_security', 'federal']",6,"['ban', 'travel', 'trump', 'immigration', 'trumps', 'order', 'court', 'judge', 'president', 'appeal', 'federal', 'block', 'rule', 'white_house', 'halt', 'justice_department']","[4862290919, 820618828103159800, 824089961905397800]"
205,9,"['ban', 'travel', 'trump', 'immigration', 'trumps', 'president', 'order', 'court', 'judge', 'appeal', 'donald', 'federal', 'block', 'rule', 'legal']",242,14,"['ban', 'travel', 'trump', 'immigration', 'trumps', 'order', 'court', 'judge', 'president', 'appeal', 'donald', 'federal']",10,"['ban', 'trump', 'travel', 'immigration', 'trumps', 'judge', 'order', 'president', 'court', 'donald', 'appeal', 'white_house', 'homeland_security', 'federal']",12,"['travelban', 'maga', 'ban', 'trump', 'travel', 'immigration', 'country', 'buildthewall', 'immigrationban', 'support_leader', 'america', 'muslim', 'support', 'refugee', 'immigrationban_maga', 'president', 'liberal']","[2197192819, 2456233212, 3414404293]"
206,1,"['ban', 'trump', 'muslim', 'bannon', 'white', 'security', 'house', 'call', 'lie', 'attack', 'terrorism', 'head', 'general', 'miller']",243,2,"['nobannowall', 'muslimban', 'tntweeter', 'uslatino', 'heretostay', 'latism', 'inmigracion', 'notmore', 'immigration', 'refugeeswelcome', 'nomuslimban', 'refugee', 'niunomas', 'timeisnow', 'stand']",4,"['ban', 'trump', 'muslim', 'travel', 'trumps', 'white_house', 'attack']",13,"['nobannowall', 'muslimban', 'heretostay', 'nomuslimban', 'refugeeswelcome', 'refugee', 'protest']","[473052225, 1957630069, 738743669801508900, 806483339729338368]"
207,9,"['ban', 'travel', 'trump', 'immigration', 'trumps', 'president', 'order', 'court', 'judge', 'appeal', 'donald', 'federal', 'block', 'rule', 'legal']",245,9,"['trump', 'ban', 'president', 'order', 'court', 'people', 'security']",10,"['ban', 'trump', 'travel', 'immigration', 'trumps', 'judge', 'order', 'president', 'court', 'donald', 'appeal', 'white_house', 'homeland_security', 'federal']",4,"['ban', 'trump', 'muslim', 'muslimban', 'refugee', 'trumps', 'order']","[30180284, 50816050, 2969992499]"
208,9,"['ban', 'travel', 'trump', 'immigration', 'trumps', 'president', 'order', 'court', 'judge', 'appeal', 'donald', 'federal', 'block', 'rule', 'legal']",246,14,"['ban', 'travel', 'trump', 'immigration', 'trumps', 'order', 'court', 'judge', 'president', 'appeal', 'donald', 'federal']",10,"['ban', 'trump', 'travel', 'immigration', 'trumps', 'judge', 'order', 'president', 'court', 'donald', 'appeal', 'white_house', 'homeland_security', 'federal']",6,"['ban', 'travel', 'trump', 'immigration', 'trumps', 'order', 'court', 'judge', 'president', 'appeal', 'federal', 'block', 'rule', 'white_house', 'halt', 'justice_department']","[26773353, 599857189, 4759057768]"
209,11,"['muslimban', 'nobannowall', 'trump', 'muslim', 'ban', 'refugee', 'refugeeswelcome', 'protest', 'law', 'people', 'support']",247,2,"['nobannowall', 'muslimban', 'tntweeter', 'uslatino', 'heretostay', 'latism', 'inmigracion', 'notmore', 'immigration', 'refugeeswelcome', 'nomuslimban', 'refugee', 'niunomas', 'timeisnow', 'stand']",12,"['muslimban', 'nobannowall', 'trump', 'refugee', 'muslim', 'ban', 'refugeeswelcome', 'protest', 'congress']",4,"['ban', 'trump', 'muslim', 'muslimban', 'refugee', 'trumps', 'order']","[2548751449, 3519523275, 822408697213239300]"
210,11,"['muslimban', 'nobannowall', 'trump', 'muslim', 'ban', 'refugee', 'refugeeswelcome', 'protest', 'law', 'people', 'support']",248,9,"['trump', 'ban', 'president', 'order', 'court', 'people', 'security']",12,"['muslimban', 'nobannowall', 'trump', 'refugee', 'muslim', 'ban', 'refugeeswelcome', 'protest', 'congress']",4,"['ban', 'trump', 'muslim', 'muslimban', 'refugee', 'trumps', 'order']","[301580029, 518740542, 1978549290, 816740064495620100]"
211,11,"['muslimban', 'nobannowall', 'trump', 'muslim', 'ban', 'refugee', 'refugeeswelcome', 'protest', 'law', 'people', 'support']",249,9,"['trump', 'ban', 'president', 'order', 'court', 'people', 'security']",12,"['muslimban', 'nobannowall', 'trump', 'refugee', 'muslim', 'ban', 'refugeeswelcome', 'protest', 'congress']",4,"['ban', 'trump', 'muslim', 'muslimban', 'refugee', 'trumps', 'order']","[3070465286, 3355995095, 4065570080, 813037940704153600]"
212,11,"['muslimban', 'nobannowall', 'trump', 'muslim', 'ban', 'refugee', 'refugeeswelcome', 'protest', 'law', 'people', 'support']",250,9,"['trump', 'ban', 'president', 'order', 'court', 'people', 'security']",12,"['muslimban', 'nobannowall', 'trump', 'refugee', 'muslim', 'ban', 'refugeeswelcome', 'protest', 'congress']",4,"['ban', 'trump', 'muslim', 'muslimban', 'refugee', 'trumps', 'order']","[3402097235, 713564619483164672, 725870553853100032]"
213,0,"['resist', 'muslimban', 'theresistance', 'trumprussia', 'dworkinreport', 'trumpleak', 'trump', 'tie', 'nodapl', 'read', 'impeachtrump', 'flynn', 'resistance', 'amjoy']",251,5,"['muslimban', 'trumprussia', 'trumpleak', 'trump', 'tie', 'resist', 'read', 'resistance']",12,"['muslimban', 'nobannowall', 'trump', 'refugee', 'muslim', 'ban', 'refugeeswelcome', 'protest', 'congress']",7,"['muslimban', 'resist', 'theresistance', 'dworkinreport', 'nodapl', 'impeachtrump']","[1659800905, 830373537110228995, 830373537110229000]"
214,9,"['ban', 'travel', 'trump', 'immigration', 'trumps', 'president', 'order', 'court', 'judge', 'appeal', 'donald', 'federal', 'block', 'rule', 'legal']",252,14,"['ban', 'travel', 'trump', 'immigration', 'trumps', 'order', 'court', 'judge', 'president', 'appeal', 'donald', 'federal']",10,"['ban', 'trump', 'travel', 'immigration', 'trumps', 'judge', 'order', 'president', 'court', 'donald', 'appeal', 'white_house', 'homeland_security', 'federal']",6,"['ban', 'travel', 'trump', 'immigration', 'trumps', 'order', 'court', 'judge', 'president', 'appeal', 'federal', 'block', 'rule', 'white_house', 'halt', 'justice_department']","[378004583, 4898366206, 759999409178366000]"
215,11,"['muslimban', 'nobannowall', 'trump', 'muslim', 'ban', 'refugee', 'refugeeswelcome', 'protest', 'law', 'people', 'support']",253,7,"['muslimban', 'muslim', 'maga', 'travelban']",12,"['muslimban', 'nobannowall', 'trump', 'refugee', 'muslim', 'ban', 'refugeeswelcome', 'protest', 'congress']",4,"['ban', 'trump', 'muslim', 'muslimban', 'refugee', 'trumps', 'order']","[731118334561947600, 817862334614044672, 826812832582946817]"
216,11,"['muslimban', 'nobannowall', 'trump', 'muslim', 'ban', 'refugee', 'refugeeswelcome', 'protest', 'law', 'people', 'support']",254,2,"['nobannowall', 'muslimban', 'tntweeter', 'uslatino', 'heretostay', 'latism', 'inmigracion', 'notmore', 'immigration', 'refugeeswelcome', 'nomuslimban', 'refugee', 'niunomas', 'timeisnow', 'stand']",12,"['muslimban', 'nobannowall', 'trump', 'refugee', 'muslim', 'ban', 'refugeeswelcome', 'protest', 'congress']",13,"['nobannowall', 'muslimban', 'heretostay', 'nomuslimban', 'refugeeswelcome', 'refugee', 'protest']","[1360077103, 2595075732, 3102592241]"
217,11,"['muslimban', 'nobannowall', 'trump', 'muslim', 'ban', 'refugee', 'refugeeswelcome', 'protest', 'law', 'people', 'support']",255,9,"['trump', 'ban', 'president', 'order', 'court', 'people', 'security']",12,"['muslimban', 'nobannowall', 'trump', 'refugee', 'muslim', 'ban', 'refugeeswelcome', 'protest', 'congress']",4,"['ban', 'trump', 'muslim', 'muslimban', 'refugee', 'trumps', 'order']","[585341968, 2876051585, 2876194565]"
218,11,"['muslimban', 'nobannowall', 'trump', 'muslim', 'ban', 'refugee', 'refugeeswelcome', 'protest', 'law', 'people', 'support']",257,9,"['trump', 'ban', 'president', 'order', 'court', 'people', 'security']",12,"['muslimban', 'nobannowall', 'trump', 'refugee', 'muslim', 'ban', 'refugeeswelcome', 'protest', 'congress']",4,"['ban', 'trump', 'muslim', 'muslimban', 'refugee', 'trumps', 'order']","[1365245598, 721421306852298800, 737061962614329344, 743430370662617088]"
219,11,"['muslimban', 'nobannowall', 'trump', 'muslim', 'ban', 'refugee', 'refugeeswelcome', 'protest', 'law', 'people', 'support']",219,9,"['trump', 'ban', 'president', 'order', 'court', 'people', 'security']",12,"['muslimban', 'nobannowall', 'trump', 'refugee', 'muslim', 'ban', 'refugeeswelcome', 'protest', 'congress']",4,"['ban', 'trump', 'muslim', 'muslimban', 'refugee', 'trumps', 'order']","[18220818, 50168197, 1482677521, 816366184870219800, 818328964217249800]"
220,9,"['ban', 'travel', 'trump', 'immigration', 'trumps', 'president', 'order', 'court', 'judge', 'appeal', 'donald', 'federal', 'block', 'rule', 'legal']",261,14,"['ban', 'travel', 'trump', 'immigration', 'trumps', 'order', 'court', 'judge', 'president', 'appeal', 'donald', 'federal']",10,"['ban', 'trump', 'travel', 'immigration', 'trumps', 'judge', 'order', 'president', 'court', 'donald', 'appeal', 'white_house', 'homeland_security', 'federal']",6,"['ban', 'travel', 'trump', 'immigration', 'trumps', 'order', 'court', 'judge', 'president', 'appeal', 'federal', 'block', 'rule', 'white_house', 'halt', 'justice_department']","[2530140846, 2816849778, 3577871723]"
221,1,"['ban', 'trump', 'muslim', 'bannon', 'white', 'security', 'house', 'call', 'lie', 'attack', 'terrorism', 'head', 'general', 'miller']",262,9,"['trump', 'ban', 'president', 'order', 'court', 'people', 'security']",4,"['ban', 'trump', 'muslim', 'travel', 'trumps', 'white_house', 'attack']",4,"['ban', 'trump', 'muslim', 'muslimban', 'refugee', 'trumps', 'order']","[2943704976, 777651801839378400, 828737973784948736]"
222,11,"['muslimban', 'nobannowall', 'trump', 'muslim', 'ban', 'refugee', 'refugeeswelcome', 'protest', 'law', 'people', 'support']",264,7,"['muslimban', 'muslim', 'maga', 'travelban']",12,"['muslimban', 'nobannowall', 'trump', 'refugee', 'muslim', 'ban', 'refugeeswelcome', 'protest', 'congress']",4,"['ban', 'trump', 'muslim', 'muslimban', 'refugee', 'trumps', 'order']","[3249051822, 4585824614, 4882200414]"
223,9,"['ban', 'travel', 'trump', 'immigration', 'trumps', 'president', 'order', 'court', 'judge', 'appeal', 'donald', 'federal', 'block', 'rule', 'legal']",265,14,"['ban', 'travel', 'trump', 'immigration', 'trumps', 'order', 'court', 'judge', 'president', 'appeal', 'donald', 'federal']",10,"['ban', 'trump', 'travel', 'immigration', 'trumps', 'judge', 'order', 'president', 'court', 'donald', 'appeal', 'white_house', 'homeland_security', 'federal']",6,"['ban', 'travel', 'trump', 'immigration', 'trumps', 'order', 'court', 'judge', 'president', 'appeal', 'federal', 'block', 'rule', 'white_house', 'halt', 'justice_department']","[2369186394, 2993167586, 3004622540]"
225,9,"['ban', 'travel', 'trump', 'immigration', 'trumps', 'president', 'order', 'court', 'judge', 'appeal', 'donald', 'federal', 'block', 'rule', 'legal']",267,14,"['ban', 'travel', 'trump', 'immigration', 'trumps', 'order', 'court', 'judge', 'president', 'appeal', 'donald', 'federal']",10,"['ban', 'trump', 'travel', 'immigration', 'trumps', 'judge', 'order', 'president', 'court', 'donald', 'appeal', 'white_house', 'homeland_security', 'federal']",6,"['ban', 'travel', 'trump', 'immigration', 'trumps', 'order', 'court', 'judge', 'president', 'appeal', 'federal', 'block', 'rule', 'white_house', 'halt', 'justice_department']","[16248209, 1523670222, 747234744857825280]"
226,11,"['muslimban', 'nobannowall', 'trump', 'muslim', 'ban', 'refugee', 'refugeeswelcome', 'protest', 'law', 'people', 'support']",268,9,"['trump', 'ban', 'president', 'order', 'court', 'people', 'security']",12,"['muslimban', 'nobannowall', 'trump', 'refugee', 'muslim', 'ban', 'refugeeswelcome', 'protest', 'congress']",4,"['ban', 'trump', 'muslim', 'muslimban', 'refugee', 'trumps', 'order']","[23236250, 2302866931, 762499712729526300]"
227,1,"['ban', 'trump', 'muslim', 'bannon', 'white', 'security', 'house', 'call', 'lie', 'attack', 'terrorism', 'head', 'general', 'miller']",269,14,"['ban', 'travel', 'trump', 'immigration', 'trumps', 'order', 'court', 'judge', 'president', 'appeal', 'donald', 'federal']",4,"['ban', 'trump', 'muslim', 'travel', 'trumps', 'white_house', 'attack']",4,"['ban', 'trump', 'muslim', 'muslimban', 'refugee', 'trumps', 'order']","[20742461, 42362189, 717885843558379500, 717885843558379520]"
228,9,"['ban', 'travel', 'trump', 'immigration', 'trumps', 'president', 'order', 'court', 'judge', 'appeal', 'donald', 'federal', 'block', 'rule', 'legal']",271,9,"['trump', 'ban', 'president', 'order', 'court', 'people', 'security']",10,"['ban', 'trump', 'travel', 'immigration', 'trumps', 'judge', 'order', 'president', 'court', 'donald', 'appeal', 'white_house', 'homeland_security', 'federal']",6,"['ban', 'travel', 'trump', 'immigration', 'trumps', 'order', 'court', 'judge', 'president', 'appeal', 'federal', 'block', 'rule', 'white_house', 'halt', 'justice_department']","[2304694279, 705297432444162048, 705304099588182018]"
229,11,"['muslimban', 'nobannowall', 'trump', 'muslim', 'ban', 'refugee', 'refugeeswelcome', 'protest', 'law', 'people', 'support']",272,9,"['trump', 'ban', 'president', 'order', 'court', 'people', 'security']",12,"['muslimban', 'nobannowall', 'trump', 'refugee', 'muslim', 'ban', 'refugeeswelcome', 'protest', 'congress']",4,"['ban', 'trump', 'muslim', 'muslimban', 'refugee', 'trumps', 'order']","[591920938, 3294646451, 788481841481199616]"
