absolute_community,absolute_unigram_topic,absolute_unigram_keywords,weighted_community,weighted_unigram_topic,weighted_unigram_keywords,absolute_bigram_topic,absolute_bigram_keywords,weighted_bigram_topic,weighted_bigram_keywords,members
3,2,"['nowallnoban', 'support', 'hit']",155,6,"['ban', 'travel', 'trump', 'donald', 'trumps', 'president', 'court', 'judge', 'immigration', 'order', 'appeal', 'attack']",8,"['dts_tcot', 'nowallnoban', 'proudamerican', 'americafirst_proudamerican', 'support', 'america_globalist', 'support_leader', 'trump', 'democrat_nowallnoban', 'americafirst_proudamerican_dts_tcot', 'support_buildthewall', 'tcot_suck', 'pathetic_liberal', 'america', 'leader', 'mypresident_maga', 'mypresident', 'mypresident_maga_americafirst_proudamerican', 'suck']",13,"['ban', 'travel', 'immigration', 'trump', 'order', 'judge', 'court', 'president', 'trumps']","[2885643969, 695739596500557800, 695739596500557825, 803796897718796300]"
10,9,"['ban', 'travel', 'trump', 'donald', 'trumps', 'president', 'court', 'immigration', 'judge', 'order', 'appeal', 'wall']",20,6,"['ban', 'travel', 'trump', 'donald', 'trumps', 'president', 'court', 'judge', 'immigration', 'order', 'appeal', 'attack']",0,"['ban', 'trump', 'travel', 'trumps', 'donald', 'court', 'muslim', 'immigration', 'president', 'order', 'judge', 'white_house', 'appeal', 'federal']",12,"['ban', 'travel', 'trump', 'donald', 'trumps', 'president', 'court', 'wall_street', 'immigration', 'judge', 'order', 'appeal', 'state_allow', 'boston_globe']","[863001163, 870872898, 870876488, 870879266, 870881976, 870882342, 870886394, 870886453, 870892134, 870895488, 870898004, 870898051, 870903090, 870906686, 870907736, 870912895, 896433678, 896440986, 896449622, 915468734, 915656912, 915722492, 915760574, 915807048, 915807342, 915812143, 915896065, 915915606, 915975206, 916004004, 916017960, 916037102, 916051280, 916185487, 916342638, 916490078, 929528022, 929532313, 929535824, 951795330, 951798776, 951825942, 953096516, 1091969084, 1091988979, 1092580321, 1092968340, 1093086042, 1093122954, 1094795100, 4431576263, 4496932162, 4501456696, 4506488051, 4577501358, 4577589252, 4697031619, 4697675496, 4698236432, 4699061804, 4710967996, 4717129347, 705010088587739136, 708109929941495809, 708153637780979712, 708168310307749889, 708204345469345792, 753111979355701248, 753118526911737856, 753124449491283968, 753135483530649600, 753146433897922560, 753245086503276545, 753257017985343488, 753261223056211968, 754526264065744896, 755773802613792769, 755801917125779457, 755807795702890496, 755808480037105664, 755814710847602688, 755820797202137088, 755848821448511488, 755853320858763264, 756235895880179712, 756249866553192448, 756264959336669184, 756271610244526080, 756286894376415232, 756303624167362560, 756337577960046593, 756369439541583872, 756399335533846528, 756423469265481728, 756482440215072768, 756727573401534464, 756773426640121856, 756842252295700480, 756867598743109632, 756875453483319296, 756881732826193921, 756891080294039553, 756891507173580800, 756891633086566400, 756893436091961345, 756896667174043648, 756904523189346304, 756905542979813376, 756909373197254656, 756911892535336960, 756912977866002433, 756915457672769536, 756916488829796352, 756919296312344576, 756922206555410432, 756925310289973249, 765572460586696704, 765676559256711168, 765807721782411264, 765809493590564864, 765812133221236736, 765838829454499841, 765857763712966657, 765877629308301312, 765881369943764992, 765890902317563904, 765895476755464192, 765907582259167233, 765909919019196416, 765910052708421632, 765914327887085568, 784263169996836900]"
17,0,"['muslimban', 'trump', 'muslim', 'ban', 'nobannowall', 'refugee', 'refugeeswelcome', 'law', 'thcircuit', 'stand']",21,3,"['muslimban', 'nobannowall', 'muslim', 'refugee', 'trump']",0,"['ban', 'trump', 'travel', 'trumps', 'donald', 'court', 'muslim', 'immigration', 'president', 'order', 'judge', 'white_house', 'appeal', 'federal']",2,"['muslimban', 'nobannowall', 'muslim', 'refugee', 'refugeeswelcome', 'ban', 'trump', 'people']","[47813521, 1057356487, 784785269262344192]"
18,11,"['ban', 'travel', 'trump', 'immigration', 'order', 'trumps', 'court', 'judge', 'president', 'appeal', 'federal', 'rule']",22,12,"['ban', 'trump', 'travel', 'immigration', 'trumps', 'order', 'court', 'muslim', 'judge', 'president', 'appeal', 'federal', 'block']",9,"['ban', 'travel', 'trump', 'immigration', 'order', 'court', 'trumps', 'president', 'judge', 'appeal', 'federal', 'halt']",1,"['ban', 'trump', 'travel', 'immigration', 'trumps', 'order', 'court', 'president', 'judge', 'muslim', 'white_house', 'appeal', 'federal', 'rule']","[16399993, 93069110, 137751142, 2421708751]"
22,6,"['muslimban', 'nobannowall', 'immigration', 'tntweeter', 'uslatino', 'nomuslimban']",27,3,"['muslimban', 'nobannowall', 'muslim', 'refugee', 'trump']",10,"['nobannowall', 'muslimban', 'art_bxlart', 'refugeeswelcome', 'nomuslimban', 'ban']",2,"['muslimban', 'nobannowall', 'muslim', 'refugee', 'refugeeswelcome', 'ban', 'trump', 'people']","[780479026343194624, 800942537083068400, 806877805157949440, 820850838671237120]"
23,0,"['muslimban', 'trump', 'muslim', 'ban', 'nobannowall', 'refugee', 'refugeeswelcome', 'law', 'thcircuit', 'stand']",28,3,"['muslimban', 'nobannowall', 'muslim', 'refugee', 'trump']",6,"['muslimban', 'nobannowall', 'trump', 'muslim', 'refugee']",2,"['muslimban', 'nobannowall', 'muslim', 'refugee', 'refugeeswelcome', 'ban', 'trump', 'people']","[50769180, 525652918, 2192113540, 830118236406632448]"
24,0,"['muslimban', 'trump', 'muslim', 'ban', 'nobannowall', 'refugee', 'refugeeswelcome', 'law', 'thcircuit', 'stand']",29,3,"['muslimban', 'nobannowall', 'muslim', 'refugee', 'trump']",6,"['muslimban', 'nobannowall', 'trump', 'muslim', 'refugee']",0,"['muslimban', 'resist', 'theresistance', 'trumprussia', 'dworkinreport', 'trumpleak', 'trump', 'tie', 'read', 'nodapl', 'impeachtrump', 'flynn', 'resistance', 'amjoy']","[24470087, 24920077, 126364026, 215002582, 253677176, 3372940330, 776751034098126848, 792457353723469824, 808827316470185989, 823803346884640768]"
29,11,"['ban', 'travel', 'trump', 'immigration', 'order', 'trumps', 'court', 'judge', 'president', 'appeal', 'federal', 'rule']",32,12,"['ban', 'trump', 'travel', 'immigration', 'trumps', 'order', 'court', 'muslim', 'judge', 'president', 'appeal', 'federal', 'block']",0,"['ban', 'trump', 'travel', 'trumps', 'donald', 'court', 'muslim', 'immigration', 'president', 'order', 'judge', 'white_house', 'appeal', 'federal']",1,"['ban', 'trump', 'travel', 'immigration', 'trumps', 'order', 'court', 'president', 'judge', 'muslim', 'white_house', 'appeal', 'federal', 'rule']","[790399874, 4510755552, 742743988269092864]"
30,0,"['muslimban', 'trump', 'muslim', 'ban', 'nobannowall', 'refugee', 'refugeeswelcome', 'law', 'thcircuit', 'stand']",34,12,"['ban', 'trump', 'travel', 'immigration', 'trumps', 'order', 'court', 'muslim', 'judge', 'president', 'appeal', 'federal', 'block']",6,"['muslimban', 'nobannowall', 'trump', 'muslim', 'refugee']",2,"['muslimban', 'nobannowall', 'muslim', 'refugee', 'refugeeswelcome', 'ban', 'trump', 'people']","[16873455, 4844679426, 787211898278191104]"
31,11,"['ban', 'travel', 'trump', 'immigration', 'order', 'trumps', 'court', 'judge', 'president', 'appeal', 'federal', 'rule']",36,12,"['ban', 'trump', 'travel', 'immigration', 'trumps', 'order', 'court', 'muslim', 'judge', 'president', 'appeal', 'federal', 'block']",1,"['lift_forget', 'forget', 'quit_beat', 'dead_horse']",13,"['ban', 'travel', 'immigration', 'trump', 'order', 'judge', 'court', 'president', 'trumps']","[40813666, 287360112, 358155712, 380782294, 1017515348, 1270793143, 2308939452, 2345391823, 2826946435, 2827072824, 2834618630, 3143003737, 3306341327, 3328277663, 3404806331, 4493348365, 4605204442]"
34,0,"['muslimban', 'trump', 'muslim', 'ban', 'nobannowall', 'refugee', 'refugeeswelcome', 'law', 'thcircuit', 'stand']",40,9,"['maga', 'muslimban', 'muslim', 'trump', 'travelban', 'americafirst', 'ban', 'country', 'islam', 'refugee', 'terrorist', 'usa', 'support', 'liberal', 'isis', 'immigrationban', 'tcot']",6,"['muslimban', 'nobannowall', 'trump', 'muslim', 'refugee']",2,"['muslimban', 'nobannowall', 'muslim', 'refugee', 'refugeeswelcome', 'ban', 'trump', 'people']","[3228748876, 3304021160, 4272870988]"
35,0,"['muslimban', 'trump', 'muslim', 'ban', 'nobannowall', 'refugee', 'refugeeswelcome', 'law', 'thcircuit', 'stand']",41,3,"['muslimban', 'nobannowall', 'muslim', 'refugee', 'trump']",6,"['muslimban', 'nobannowall', 'trump', 'muslim', 'refugee']",2,"['muslimban', 'nobannowall', 'muslim', 'refugee', 'refugeeswelcome', 'ban', 'trump', 'people']","[514566407, 2571108403, 4885703096, 773015647118733300, 782377330241003520, 782748679094558721, 787449090086952960]"
39,11,"['ban', 'travel', 'trump', 'immigration', 'order', 'trumps', 'court', 'judge', 'president', 'appeal', 'federal', 'rule']",43,12,"['ban', 'trump', 'travel', 'immigration', 'trumps', 'order', 'court', 'muslim', 'judge', 'president', 'appeal', 'federal', 'block']",4,"['ban', 'muslim', 'country', 'immigration', 'travelban', 'maga', 'order', 'comment_federal', 'tweet_message', 'judge', 'trump', 'refugee']",13,"['ban', 'travel', 'immigration', 'trump', 'order', 'judge', 'court', 'president', 'trumps']","[2953201, 542962969, 787944328970788866]"
40,11,"['ban', 'travel', 'trump', 'immigration', 'order', 'trumps', 'court', 'judge', 'president', 'appeal', 'federal', 'rule']",44,12,"['ban', 'trump', 'travel', 'immigration', 'trumps', 'order', 'court', 'muslim', 'judge', 'president', 'appeal', 'federal', 'block']",0,"['ban', 'trump', 'travel', 'trumps', 'donald', 'court', 'muslim', 'immigration', 'president', 'order', 'judge', 'white_house', 'appeal', 'federal']",1,"['ban', 'trump', 'travel', 'immigration', 'trumps', 'order', 'court', 'president', 'judge', 'muslim', 'white_house', 'appeal', 'federal', 'rule']","[709313, 14362404, 16041298, 95592810, 112886485, 487610242, 1898903101]"
42,0,"['muslimban', 'trump', 'muslim', 'ban', 'nobannowall', 'refugee', 'refugeeswelcome', 'law', 'thcircuit', 'stand']",46,12,"['ban', 'trump', 'travel', 'immigration', 'trumps', 'order', 'court', 'muslim', 'judge', 'president', 'appeal', 'federal', 'block']",0,"['ban', 'trump', 'travel', 'trumps', 'donald', 'court', 'muslim', 'immigration', 'president', 'order', 'judge', 'white_house', 'appeal', 'federal']",1,"['ban', 'trump', 'travel', 'immigration', 'trumps', 'order', 'court', 'president', 'judge', 'muslim', 'white_house', 'appeal', 'federal', 'rule']","[349803020, 1452428454, 4161801792]"
43,11,"['ban', 'travel', 'trump', 'immigration', 'order', 'trumps', 'court', 'judge', 'president', 'appeal', 'federal', 'rule']",47,12,"['ban', 'trump', 'travel', 'immigration', 'trumps', 'order', 'court', 'muslim', 'judge', 'president', 'appeal', 'federal', 'block']",9,"['ban', 'travel', 'trump', 'immigration', 'order', 'court', 'trumps', 'president', 'judge', 'appeal', 'federal', 'halt']",13,"['ban', 'travel', 'immigration', 'trump', 'order', 'judge', 'court', 'president', 'trumps']","[462104542, 2678460650, 781555354207416321]"
44,11,"['ban', 'travel', 'trump', 'immigration', 'order', 'trumps', 'court', 'judge', 'president', 'appeal', 'federal', 'rule']",48,12,"['ban', 'trump', 'travel', 'immigration', 'trumps', 'order', 'court', 'muslim', 'judge', 'president', 'appeal', 'federal', 'block']",9,"['ban', 'travel', 'trump', 'immigration', 'order', 'court', 'trumps', 'president', 'judge', 'appeal', 'federal', 'halt']",2,"['muslimban', 'nobannowall', 'muslim', 'refugee', 'refugeeswelcome', 'ban', 'trump', 'people']","[818941136, 1255197673, 2457352302, 2820806900, 2878724005, 4094126121, 751688651956887552]"
46,0,"['muslimban', 'trump', 'muslim', 'ban', 'nobannowall', 'refugee', 'refugeeswelcome', 'law', 'thcircuit', 'stand']",50,3,"['muslimban', 'nobannowall', 'muslim', 'refugee', 'trump']",10,"['nobannowall', 'muslimban', 'art_bxlart', 'refugeeswelcome', 'nomuslimban', 'ban']",2,"['muslimban', 'nobannowall', 'muslim', 'refugee', 'refugeeswelcome', 'ban', 'trump', 'people']","[30706364, 248811717, 573842268, 2398502748, 3478662552, 710568045874438146, 739200802582081536]"
48,11,"['ban', 'travel', 'trump', 'immigration', 'order', 'trumps', 'court', 'judge', 'president', 'appeal', 'federal', 'rule']",121,12,"['ban', 'trump', 'travel', 'immigration', 'trumps', 'order', 'court', 'muslim', 'judge', 'president', 'appeal', 'federal', 'block']",0,"['ban', 'trump', 'travel', 'trumps', 'donald', 'court', 'muslim', 'immigration', 'president', 'order', 'judge', 'white_house', 'appeal', 'federal']",1,"['ban', 'trump', 'travel', 'immigration', 'trumps', 'order', 'court', 'president', 'judge', 'muslim', 'white_house', 'appeal', 'federal', 'rule']","[17446621, 20177423, 3083374722]"
49,0,"['muslimban', 'trump', 'muslim', 'ban', 'nobannowall', 'refugee', 'refugeeswelcome', 'law', 'thcircuit', 'stand']",53,3,"['muslimban', 'nobannowall', 'muslim', 'refugee', 'trump']",6,"['muslimban', 'nobannowall', 'trump', 'muslim', 'refugee']",2,"['muslimban', 'nobannowall', 'muslim', 'refugee', 'refugeeswelcome', 'ban', 'trump', 'people']","[19251971, 82665534, 143104075, 515942394, 612197548, 3066118000, 3299585227, 4765158912, 4877237981, 741014536103301121]"
50,11,"['ban', 'travel', 'trump', 'immigration', 'order', 'trumps', 'court', 'judge', 'president', 'appeal', 'federal', 'rule']",55,12,"['ban', 'trump', 'travel', 'immigration', 'trumps', 'order', 'court', 'muslim', 'judge', 'president', 'appeal', 'federal', 'block']",4,"['ban', 'muslim', 'country', 'immigration', 'travelban', 'maga', 'order', 'comment_federal', 'tweet_message', 'judge', 'trump', 'refugee']",13,"['ban', 'travel', 'immigration', 'trump', 'order', 'judge', 'court', 'president', 'trumps']","[26487169, 341073304, 4569259876]"
51,11,"['ban', 'travel', 'trump', 'immigration', 'order', 'trumps', 'court', 'judge', 'president', 'appeal', 'federal', 'rule']",56,12,"['ban', 'trump', 'travel', 'immigration', 'trumps', 'order', 'court', 'muslim', 'judge', 'president', 'appeal', 'federal', 'block']",4,"['ban', 'muslim', 'country', 'immigration', 'travelban', 'maga', 'order', 'comment_federal', 'tweet_message', 'judge', 'trump', 'refugee']",13,"['ban', 'travel', 'immigration', 'trump', 'order', 'judge', 'court', 'president', 'trumps']","[320629837, 573277220, 955841496, 1195143002, 1494835716, 2323783152, 2712763860, 733467830478245890, 821465419307511809, 828364058499940352]"
52,0,"['muslimban', 'trump', 'muslim', 'ban', 'nobannowall', 'refugee', 'refugeeswelcome', 'law', 'thcircuit', 'stand']",57,3,"['muslimban', 'nobannowall', 'muslim', 'refugee', 'trump']",6,"['muslimban', 'nobannowall', 'trump', 'muslim', 'refugee']",2,"['muslimban', 'nobannowall', 'muslim', 'refugee', 'refugeeswelcome', 'ban', 'trump', 'people']","[20657302, 43424951, 245531160, 500496955, 735999643, 2702394775, 3097641152, 4378798994, 807810340339744768, 807810340339744800]"
53,0,"['muslimban', 'trump', 'muslim', 'ban', 'nobannowall', 'refugee', 'refugeeswelcome', 'law', 'thcircuit', 'stand']",33,3,"['muslimban', 'nobannowall', 'muslim', 'refugee', 'trump']",6,"['muslimban', 'nobannowall', 'trump', 'muslim', 'refugee']",2,"['muslimban', 'nobannowall', 'muslim', 'refugee', 'refugeeswelcome', 'ban', 'trump', 'people']","[15878034, 23835021, 33806698, 37332725, 63043668, 71574379, 81245362, 84128678, 84174028, 84498743, 85583894, 102651488, 138331342, 140171995, 187067097, 222122852, 228238479, 257824868, 266437259, 303081181, 318785653, 343473755, 362694376, 385192652, 458959009, 481809371, 559173692, 889068301, 963437460, 1015899374, 1035919266, 1199866860, 1251644070, 1343828558, 1663608572, 1710505440, 1921509044, 1969254588, 2163430424, 2235714604, 2335844449, 2410055346, 2552422374, 2582403084, 2674518384, 2832321597, 2941316370, 3241190188, 3302725796, 3306101853, 3432973581, 3461696174, 3700366215, 4158636562, 4356951381, 4358918712, 4464513445, 710123993299357696, 745999425386885121, 748599497975021569, 749323790916657152, 753322826678013953, 806250338323939328, 809924490297745408, 815445236784787456]"
54,6,"['muslimban', 'nobannowall', 'immigration', 'tntweeter', 'uslatino', 'nomuslimban']",217,14,"['nobannowall', 'tntweeter', 'uslatino', 'heretostay', 'latism', 'uniteblue', 'inmigracion', 'notmore', 'niunomas', 'womensmarch', 'timeisnow', 'riseup', 'standuptotrump', 'nowallnoban', 'theresistance', 'refugeeswelcome', 'presidentsday', 'migrantenkriminalitat']",14,"['nobannowall', 'inmigracion_tntweeter', 'tntweeter', 'uslatino_heretostay', 'uslatino', 'uniteblue_notmore', 'immigration', 'uniteblue', 'heretostay', 'latism', 'inmigracion', 'nobannowall_latism', 'notmore', 'tntweeter_uslatino', 'theresistance', 'inmigracion_tntweeter_uslatino_heretostay', 'timeisnow_latism', 'niunomas', 'inmigracion_heretostay', 'uslatino_tntweeter', 'niunomas_nobannowall', 'resist', 'timeisnow', 'riseup', 'uniteblue_notmore_niunomas_nobannowall', 'neveragain_riseup']",9,"['inmigracion_tntweeter', 'tntweeter', 'immigration', 'uslatino_heretostay', 'uslatino', 'uniteblue_notmore', 'latism', 'uniteblue', 'inmigracion', 'nobannowall_latism', 'notmore', 'tntweeter_uslatino', 'inmigracion_tntweeter_uslatino_heretostay', 'timeisnow_latism', 'niunomas', 'uslatino_tntweeter', 'inmigracion_heretostay', 'niunomas_nobannowall', 'timeisnow', 'uniteblue_notmore_niunomas_nobannowall', 'moment_ago', 'notmore_uniteblue']","[24645871, 142979922, 284090190, 358005482, 1511154877, 1692227370, 1939212224, 1947549415, 2178339595, 2274974018, 2282990761, 2296218770, 2308943065, 2321479686, 2322972280, 2331266245, 2334894821, 2347832648, 2351157576, 2358140324, 2358613165, 2359310914, 2367572508, 2383802631, 2864321805, 2994390921, 3153083326, 3241468546, 740735647833432064]"
56,11,"['ban', 'travel', 'trump', 'immigration', 'order', 'trumps', 'court', 'judge', 'president', 'appeal', 'federal', 'rule']",61,12,"['ban', 'trump', 'travel', 'immigration', 'trumps', 'order', 'court', 'muslim', 'judge', 'president', 'appeal', 'federal', 'block']",9,"['ban', 'travel', 'trump', 'immigration', 'order', 'court', 'trumps', 'president', 'judge', 'appeal', 'federal', 'halt']",1,"['ban', 'trump', 'travel', 'immigration', 'trumps', 'order', 'court', 'president', 'judge', 'muslim', 'white_house', 'appeal', 'federal', 'rule']","[16374678, 516783934, 3038474730]"
58,6,"['muslimban', 'nobannowall', 'immigration', 'tntweeter', 'uslatino', 'nomuslimban']",62,3,"['muslimban', 'nobannowall', 'muslim', 'refugee', 'trump']",6,"['muslimban', 'nobannowall', 'trump', 'muslim', 'refugee']",2,"['muslimban', 'nobannowall', 'muslim', 'refugee', 'refugeeswelcome', 'ban', 'trump', 'people']","[42839772, 44105634, 2164321527, 2257859085]"
59,11,"['ban', 'travel', 'trump', 'immigration', 'order', 'trumps', 'court', 'judge', 'president', 'appeal', 'federal', 'rule']",63,3,"['muslimban', 'nobannowall', 'muslim', 'refugee', 'trump']",0,"['ban', 'trump', 'travel', 'trumps', 'donald', 'court', 'muslim', 'immigration', 'president', 'order', 'judge', 'white_house', 'appeal', 'federal']",1,"['ban', 'trump', 'travel', 'immigration', 'trumps', 'order', 'court', 'president', 'judge', 'muslim', 'white_house', 'appeal', 'federal', 'rule']","[2311561, 19830783, 19833463, 27036811, 30199864, 68350943, 103378433, 107842391, 2814761729, 2821135623, 3313010039, 749981613593853956]"
60,11,"['ban', 'travel', 'trump', 'immigration', 'order', 'trumps', 'court', 'judge', 'president', 'appeal', 'federal', 'rule']",64,3,"['muslimban', 'nobannowall', 'muslim', 'refugee', 'trump']",0,"['ban', 'trump', 'travel', 'trumps', 'donald', 'court', 'muslim', 'immigration', 'president', 'order', 'judge', 'white_house', 'appeal', 'federal']",1,"['ban', 'trump', 'travel', 'immigration', 'trumps', 'order', 'court', 'president', 'judge', 'muslim', 'white_house', 'appeal', 'federal', 'rule']","[197838315, 341601545, 595009255, 821511862881845200]"
62,0,"['muslimban', 'trump', 'muslim', 'ban', 'nobannowall', 'refugee', 'refugeeswelcome', 'law', 'thcircuit', 'stand']",65,9,"['maga', 'muslimban', 'muslim', 'trump', 'travelban', 'americafirst', 'ban', 'country', 'islam', 'refugee', 'terrorist', 'usa', 'support', 'liberal', 'isis', 'immigrationban', 'tcot']",6,"['muslimban', 'nobannowall', 'trump', 'muslim', 'refugee']",2,"['muslimban', 'nobannowall', 'muslim', 'refugee', 'refugeeswelcome', 'ban', 'trump', 'people']","[334288260, 1042145826, 2217247936]"
63,0,"['muslimban', 'trump', 'muslim', 'ban', 'nobannowall', 'refugee', 'refugeeswelcome', 'law', 'thcircuit', 'stand']",66,3,"['muslimban', 'nobannowall', 'muslim', 'refugee', 'trump']",4,"['ban', 'muslim', 'country', 'immigration', 'travelban', 'maga', 'order', 'comment_federal', 'tweet_message', 'judge', 'trump', 'refugee']",2,"['muslimban', 'nobannowall', 'muslim', 'refugee', 'refugeeswelcome', 'ban', 'trump', 'people']","[244452577, 523085134, 2494833214]"
65,11,"['ban', 'travel', 'trump', 'immigration', 'order', 'trumps', 'court', 'judge', 'president', 'appeal', 'federal', 'rule']",68,4,"['immigration', 'ban', 'order', 'travel', 'trump', 'president', 'judge', 'court', 'halt', 'executive', 'federal', 'country', 'poll', 'tweet']",4,"['ban', 'muslim', 'country', 'immigration', 'travelban', 'maga', 'order', 'comment_federal', 'tweet_message', 'judge', 'trump', 'refugee']",13,"['ban', 'travel', 'immigration', 'trump', 'order', 'judge', 'court', 'president', 'trumps']","[594886554, 905530344, 3757015887, 710738910725275648, 714235834463981568]"
66,0,"['muslimban', 'trump', 'muslim', 'ban', 'nobannowall', 'refugee', 'refugeeswelcome', 'law', 'thcircuit', 'stand']",69,9,"['maga', 'muslimban', 'muslim', 'trump', 'travelban', 'americafirst', 'ban', 'country', 'islam', 'refugee', 'terrorist', 'usa', 'support', 'liberal', 'isis', 'immigrationban', 'tcot']",6,"['muslimban', 'nobannowall', 'trump', 'muslim', 'refugee']",2,"['muslimban', 'nobannowall', 'muslim', 'refugee', 'refugeeswelcome', 'ban', 'trump', 'people']","[121108694, 140721535, 148058023, 350074813, 542428403, 925406383]"
68,11,"['ban', 'travel', 'trump', 'immigration', 'order', 'trumps', 'court', 'judge', 'president', 'appeal', 'federal', 'rule']",70,12,"['ban', 'trump', 'travel', 'immigration', 'trumps', 'order', 'court', 'muslim', 'judge', 'president', 'appeal', 'federal', 'block']",6,"['muslimban', 'nobannowall', 'trump', 'muslim', 'refugee']",2,"['muslimban', 'nobannowall', 'muslim', 'refugee', 'refugeeswelcome', 'ban', 'trump', 'people']","[269199676, 3126563358, 785141716886093829, 797162317762990080, 817902968582377474, 818152237818122240]"
69,0,"['muslimban', 'trump', 'muslim', 'ban', 'nobannowall', 'refugee', 'refugeeswelcome', 'law', 'thcircuit', 'stand']",72,12,"['ban', 'trump', 'travel', 'immigration', 'trumps', 'order', 'court', 'muslim', 'judge', 'president', 'appeal', 'federal', 'block']",0,"['ban', 'trump', 'travel', 'trumps', 'donald', 'court', 'muslim', 'immigration', 'president', 'order', 'judge', 'white_house', 'appeal', 'federal']",1,"['ban', 'trump', 'travel', 'immigration', 'trumps', 'order', 'court', 'president', 'judge', 'muslim', 'white_house', 'appeal', 'federal', 'rule']","[14471411, 320540635, 2304071930]"
71,6,"['muslimban', 'nobannowall', 'immigration', 'tntweeter', 'uslatino', 'nomuslimban']",74,3,"['muslimban', 'nobannowall', 'muslim', 'refugee', 'trump']",6,"['muslimban', 'nobannowall', 'trump', 'muslim', 'refugee']",2,"['muslimban', 'nobannowall', 'muslim', 'refugee', 'refugeeswelcome', 'ban', 'trump', 'people']","[69450341, 497154452, 1150149296, 2901969397]"
72,11,"['ban', 'travel', 'trump', 'immigration', 'order', 'trumps', 'court', 'judge', 'president', 'appeal', 'federal', 'rule']",75,12,"['ban', 'trump', 'travel', 'immigration', 'trumps', 'order', 'court', 'muslim', 'judge', 'president', 'appeal', 'federal', 'block']",9,"['ban', 'travel', 'trump', 'immigration', 'order', 'court', 'trumps', 'president', 'judge', 'appeal', 'federal', 'halt']",3,"['ban', 'trump', 'travel', 'trumps', 'nomuslimban', 'protest', 'muslim']","[38363082, 176953436, 1481865216, 1624926602, 1653422442, 1874495306, 2244322316, 2258610236, 2421397093, 2455806548, 2533536294, 2600286068, 2633981594, 3154707827, 3228631089, 3230970725, 3254255787, 3257154182, 3324219924, 3327043767, 3345349378, 3349825024, 702573500360495104, 703163184106962948, 703576687871660032]"
73,11,"['ban', 'travel', 'trump', 'immigration', 'order', 'trumps', 'court', 'judge', 'president', 'appeal', 'federal', 'rule']",76,12,"['ban', 'trump', 'travel', 'immigration', 'trumps', 'order', 'court', 'muslim', 'judge', 'president', 'appeal', 'federal', 'block']",9,"['ban', 'travel', 'trump', 'immigration', 'order', 'court', 'trumps', 'president', 'judge', 'appeal', 'federal', 'halt']",1,"['ban', 'trump', 'travel', 'immigration', 'trumps', 'order', 'court', 'president', 'judge', 'muslim', 'white_house', 'appeal', 'federal', 'rule']","[1932657667, 1964314004, 2473045788, 2475411319, 2567774714, 3318068033, 4440817880]"
74,0,"['muslimban', 'trump', 'muslim', 'ban', 'nobannowall', 'refugee', 'refugeeswelcome', 'law', 'thcircuit', 'stand']",80,3,"['muslimban', 'nobannowall', 'muslim', 'refugee', 'trump']",0,"['ban', 'trump', 'travel', 'trumps', 'donald', 'court', 'muslim', 'immigration', 'president', 'order', 'judge', 'white_house', 'appeal', 'federal']",1,"['ban', 'trump', 'travel', 'immigration', 'trumps', 'order', 'court', 'president', 'judge', 'muslim', 'white_house', 'appeal', 'federal', 'rule']","[14202817, 20190741, 174059200]"
75,11,"['ban', 'travel', 'trump', 'immigration', 'order', 'trumps', 'court', 'judge', 'president', 'appeal', 'federal', 'rule']",81,4,"['immigration', 'ban', 'order', 'travel', 'trump', 'president', 'judge', 'court', 'halt', 'executive', 'federal', 'country', 'poll', 'tweet']",4,"['ban', 'muslim', 'country', 'immigration', 'travelban', 'maga', 'order', 'comment_federal', 'tweet_message', 'judge', 'trump', 'refugee']",13,"['ban', 'travel', 'immigration', 'trump', 'order', 'judge', 'court', 'president', 'trumps']","[19065989, 154228382, 4786763677, 712463864491872256]"
76,11,"['ban', 'travel', 'trump', 'immigration', 'order', 'trumps', 'court', 'judge', 'president', 'appeal', 'federal', 'rule']",82,12,"['ban', 'trump', 'travel', 'immigration', 'trumps', 'order', 'court', 'muslim', 'judge', 'president', 'appeal', 'federal', 'block']",4,"['ban', 'muslim', 'country', 'immigration', 'travelban', 'maga', 'order', 'comment_federal', 'tweet_message', 'judge', 'trump', 'refugee']",13,"['ban', 'travel', 'immigration', 'trump', 'order', 'judge', 'court', 'president', 'trumps']","[19211550, 3408791968, 754760616351567872]"
77,0,"['muslimban', 'trump', 'muslim', 'ban', 'nobannowall', 'refugee', 'refugeeswelcome', 'law', 'thcircuit', 'stand']",16,3,"['muslimban', 'nobannowall', 'muslim', 'refugee', 'trump']",6,"['muslimban', 'nobannowall', 'trump', 'muslim', 'refugee']",2,"['muslimban', 'nobannowall', 'muslim', 'refugee', 'refugeeswelcome', 'ban', 'trump', 'people']","[19676212, 21916461, 30335005, 34624710, 41136905, 60771113, 109965500, 221922058, 248505616, 257804203, 521707499, 583342511, 620489159, 834464352, 2674748965, 3225406292, 721434195034157056, 798300135277154304, 827262701793448000]"
78,0,"['muslimban', 'trump', 'muslim', 'ban', 'nobannowall', 'refugee', 'refugeeswelcome', 'law', 'thcircuit', 'stand']",83,12,"['ban', 'trump', 'travel', 'immigration', 'trumps', 'order', 'court', 'muslim', 'judge', 'president', 'appeal', 'federal', 'block']",0,"['ban', 'trump', 'travel', 'trumps', 'donald', 'court', 'muslim', 'immigration', 'president', 'order', 'judge', 'white_house', 'appeal', 'federal']",1,"['ban', 'trump', 'travel', 'immigration', 'trumps', 'order', 'court', 'president', 'judge', 'muslim', 'white_house', 'appeal', 'federal', 'rule']","[17654763, 17672825, 22812734, 226640681, 409116367, 897197394, 1110222162]"
79,0,"['muslimban', 'trump', 'muslim', 'ban', 'nobannowall', 'refugee', 'refugeeswelcome', 'law', 'thcircuit', 'stand']",84,3,"['muslimban', 'nobannowall', 'muslim', 'refugee', 'trump']",0,"['ban', 'trump', 'travel', 'trumps', 'donald', 'court', 'muslim', 'immigration', 'president', 'order', 'judge', 'white_house', 'appeal', 'federal']",1,"['ban', 'trump', 'travel', 'immigration', 'trumps', 'order', 'court', 'president', 'judge', 'muslim', 'white_house', 'appeal', 'federal', 'rule']","[18165049, 26186655, 135342156, 146160591, 240812994, 242426145, 267935801, 805003357, 1155335864, 2357656989, 2421228369, 2962868158, 4709186883, 717032687643529216, 780524293172129792, 802355121191550976, 806274495669407744, 825744221344759810]"
80,6,"['muslimban', 'nobannowall', 'immigration', 'tntweeter', 'uslatino', 'nomuslimban']",88,3,"['muslimban', 'nobannowall', 'muslim', 'refugee', 'trump']",6,"['muslimban', 'nobannowall', 'trump', 'muslim', 'refugee']",2,"['muslimban', 'nobannowall', 'muslim', 'refugee', 'refugeeswelcome', 'ban', 'trump', 'people']","[421482987, 990077707, 2814058404, 3964410253]"
81,11,"['ban', 'travel', 'trump', 'immigration', 'order', 'trumps', 'court', 'judge', 'president', 'appeal', 'federal', 'rule']",105,3,"['muslimban', 'nobannowall', 'muslim', 'refugee', 'trump']",0,"['ban', 'trump', 'travel', 'trumps', 'donald', 'court', 'muslim', 'immigration', 'president', 'order', 'judge', 'white_house', 'appeal', 'federal']",1,"['ban', 'trump', 'travel', 'immigration', 'trumps', 'order', 'court', 'president', 'judge', 'muslim', 'white_house', 'appeal', 'federal', 'rule']","[17643749, 46413717, 174477930, 463227379, 1102046971, 1327321944, 2480890465, 703090157063254022, 824119137031094300]"
83,11,"['ban', 'travel', 'trump', 'immigration', 'order', 'trumps', 'court', 'judge', 'president', 'appeal', 'federal', 'rule']",90,12,"['ban', 'trump', 'travel', 'immigration', 'trumps', 'order', 'court', 'muslim', 'judge', 'president', 'appeal', 'federal', 'block']",0,"['ban', 'trump', 'travel', 'trumps', 'donald', 'court', 'muslim', 'immigration', 'president', 'order', 'judge', 'white_house', 'appeal', 'federal']",1,"['ban', 'trump', 'travel', 'immigration', 'trumps', 'order', 'court', 'president', 'judge', 'muslim', 'white_house', 'appeal', 'federal', 'rule']","[72454254, 479562736, 800663185]"
85,11,"['ban', 'travel', 'trump', 'immigration', 'order', 'trumps', 'court', 'judge', 'president', 'appeal', 'federal', 'rule']",91,6,"['ban', 'travel', 'trump', 'donald', 'trumps', 'president', 'court', 'judge', 'immigration', 'order', 'appeal', 'attack']",4,"['ban', 'muslim', 'country', 'immigration', 'travelban', 'maga', 'order', 'comment_federal', 'tweet_message', 'judge', 'trump', 'refugee']",2,"['muslimban', 'nobannowall', 'muslim', 'refugee', 'refugeeswelcome', 'ban', 'trump', 'people']","[313038011, 352900778, 2247644238, 3196630410]"
86,11,"['ban', 'travel', 'trump', 'immigration', 'order', 'trumps', 'court', 'judge', 'president', 'appeal', 'federal', 'rule']",26,12,"['ban', 'trump', 'travel', 'immigration', 'trumps', 'order', 'court', 'muslim', 'judge', 'president', 'appeal', 'federal', 'block']",4,"['ban', 'muslim', 'country', 'immigration', 'travelban', 'maga', 'order', 'comment_federal', 'tweet_message', 'judge', 'trump', 'refugee']",13,"['ban', 'travel', 'immigration', 'trump', 'order', 'judge', 'court', 'president', 'trumps']","[19017675, 1586941430, 2716396878, 3311009789, 3369332271, 3381540185, 4521330855, 4690856839, 775044975809757184, 783063150585339905, 801145013799358468, 818947590137987072]"
87,11,"['ban', 'travel', 'trump', 'immigration', 'order', 'trumps', 'court', 'judge', 'president', 'appeal', 'federal', 'rule']",251,12,"['ban', 'trump', 'travel', 'immigration', 'trumps', 'order', 'court', 'muslim', 'judge', 'president', 'appeal', 'federal', 'block']",0,"['ban', 'trump', 'travel', 'trumps', 'donald', 'court', 'muslim', 'immigration', 'president', 'order', 'judge', 'white_house', 'appeal', 'federal']",1,"['ban', 'trump', 'travel', 'immigration', 'trumps', 'order', 'court', 'president', 'judge', 'muslim', 'white_house', 'appeal', 'federal', 'rule']","[20742461, 42362189, 717885843558379500, 717885843558379520]"
88,0,"['muslimban', 'trump', 'muslim', 'ban', 'nobannowall', 'refugee', 'refugeeswelcome', 'law', 'thcircuit', 'stand']",92,3,"['muslimban', 'nobannowall', 'muslim', 'refugee', 'trump']",6,"['muslimban', 'nobannowall', 'trump', 'muslim', 'refugee']",2,"['muslimban', 'nobannowall', 'muslim', 'refugee', 'refugeeswelcome', 'ban', 'trump', 'people']","[123910041, 250623436, 3070001098, 778876449348546560]"
89,0,"['muslimban', 'trump', 'muslim', 'ban', 'nobannowall', 'refugee', 'refugeeswelcome', 'law', 'thcircuit', 'stand']",93,3,"['muslimban', 'nobannowall', 'muslim', 'refugee', 'trump']",0,"['ban', 'trump', 'travel', 'trumps', 'donald', 'court', 'muslim', 'immigration', 'president', 'order', 'judge', 'white_house', 'appeal', 'federal']",2,"['muslimban', 'nobannowall', 'muslim', 'refugee', 'refugeeswelcome', 'ban', 'trump', 'people']","[104198706, 279668945, 1112486646]"
90,11,"['ban', 'travel', 'trump', 'immigration', 'order', 'trumps', 'court', 'judge', 'president', 'appeal', 'federal', 'rule']",94,12,"['ban', 'trump', 'travel', 'immigration', 'trumps', 'order', 'court', 'muslim', 'judge', 'president', 'appeal', 'federal', 'block']",0,"['ban', 'trump', 'travel', 'trumps', 'donald', 'court', 'muslim', 'immigration', 'president', 'order', 'judge', 'white_house', 'appeal', 'federal']",1,"['ban', 'trump', 'travel', 'immigration', 'trumps', 'order', 'court', 'president', 'judge', 'muslim', 'white_house', 'appeal', 'federal', 'rule']","[14811217, 63517019, 111490230, 280158384]"
92,0,"['muslimban', 'trump', 'muslim', 'ban', 'nobannowall', 'refugee', 'refugeeswelcome', 'law', 'thcircuit', 'stand']",97,0,"['resist', 'muslimban', 'theresistance', 'trumprussia', 'dworkinreport', 'trumpleak', 'trump', 'tie', 'nodapl', 'read', 'impeachtrump', 'flynn']",12,"['resist', 'muslimban', 'theresistance', 'trumprussia', 'dworkinreport', 'trumpleak', 'trump', 'tie', 'read', 'nodapl', 'impeachtrump', 'flynn', 'resistance']",0,"['muslimban', 'resist', 'theresistance', 'trumprussia', 'dworkinreport', 'trumpleak', 'trump', 'tie', 'read', 'nodapl', 'impeachtrump', 'flynn', 'resistance', 'amjoy']","[93904951, 234306352, 774672882, 1195546008, 2327080175]"
93,0,"['muslimban', 'trump', 'muslim', 'ban', 'nobannowall', 'refugee', 'refugeeswelcome', 'law', 'thcircuit', 'stand']",98,3,"['muslimban', 'nobannowall', 'muslim', 'refugee', 'trump']",6,"['muslimban', 'nobannowall', 'trump', 'muslim', 'refugee']",2,"['muslimban', 'nobannowall', 'muslim', 'refugee', 'refugeeswelcome', 'ban', 'trump', 'people']","[2265661259, 2650905729, 3056507852]"
94,0,"['muslimban', 'trump', 'muslim', 'ban', 'nobannowall', 'refugee', 'refugeeswelcome', 'law', 'thcircuit', 'stand']",99,3,"['muslimban', 'nobannowall', 'muslim', 'refugee', 'trump']",0,"['ban', 'trump', 'travel', 'trumps', 'donald', 'court', 'muslim', 'immigration', 'president', 'order', 'judge', 'white_house', 'appeal', 'federal']",2,"['muslimban', 'nobannowall', 'muslim', 'refugee', 'refugeeswelcome', 'ban', 'trump', 'people']","[145597506, 361380289, 442077506]"
95,1,"['muslimban', 'trump', 'islam', 'donaldtrump', 'wahhabism', 'ban', 'usa', 'isis', 'terrorism', 'donald']",100,0,"['resist', 'muslimban', 'theresistance', 'trumprussia', 'dworkinreport', 'trumpleak', 'trump', 'tie', 'nodapl', 'read', 'impeachtrump', 'flynn']",6,"['muslimban', 'nobannowall', 'trump', 'muslim', 'refugee']",2,"['muslimban', 'nobannowall', 'muslim', 'refugee', 'refugeeswelcome', 'ban', 'trump', 'people']","[5734902, 2185383780, 4499095419]"
96,0,"['muslimban', 'trump', 'muslim', 'ban', 'nobannowall', 'refugee', 'refugeeswelcome', 'law', 'thcircuit', 'stand']",101,3,"['muslimban', 'nobannowall', 'muslim', 'refugee', 'trump']",6,"['muslimban', 'nobannowall', 'trump', 'muslim', 'refugee']",2,"['muslimban', 'nobannowall', 'muslim', 'refugee', 'refugeeswelcome', 'ban', 'trump', 'people']","[160216460, 1055907624, 771807399917326337]"
97,11,"['ban', 'travel', 'trump', 'immigration', 'order', 'trumps', 'court', 'judge', 'president', 'appeal', 'federal', 'rule']",102,9,"['maga', 'muslimban', 'muslim', 'trump', 'travelban', 'americafirst', 'ban', 'country', 'islam', 'refugee', 'terrorist', 'usa', 'support', 'liberal', 'isis', 'immigrationban', 'tcot']",4,"['ban', 'muslim', 'country', 'immigration', 'travelban', 'maga', 'order', 'comment_federal', 'tweet_message', 'judge', 'trump', 'refugee']",13,"['ban', 'travel', 'immigration', 'trump', 'order', 'judge', 'court', 'president', 'trumps']","[37919483, 284097614, 795224209052012500]"
99,6,"['muslimban', 'nobannowall', 'immigration', 'tntweeter', 'uslatino', 'nomuslimban']",106,3,"['muslimban', 'nobannowall', 'muslim', 'refugee', 'trump']",6,"['muslimban', 'nobannowall', 'trump', 'muslim', 'refugee']",2,"['muslimban', 'nobannowall', 'muslim', 'refugee', 'refugeeswelcome', 'ban', 'trump', 'people']","[323998361, 1260168942, 717495723466571776, 796183885319127040]"
100,6,"['muslimban', 'nobannowall', 'immigration', 'tntweeter', 'uslatino', 'nomuslimban']",107,3,"['muslimban', 'nobannowall', 'muslim', 'refugee', 'trump']",6,"['muslimban', 'nobannowall', 'trump', 'muslim', 'refugee']",2,"['muslimban', 'nobannowall', 'muslim', 'refugee', 'refugeeswelcome', 'ban', 'trump', 'people']","[77043235, 109456108, 2440140210, 2613783553, 2904163055, 3010711135, 3762884535, 728947876836089856, 728947876836089900]"
101,0,"['muslimban', 'trump', 'muslim', 'ban', 'nobannowall', 'refugee', 'refugeeswelcome', 'law', 'thcircuit', 'stand']",108,3,"['muslimban', 'nobannowall', 'muslim', 'refugee', 'trump']",10,"['nobannowall', 'muslimban', 'art_bxlart', 'refugeeswelcome', 'nomuslimban', 'ban']",2,"['muslimban', 'nobannowall', 'muslim', 'refugee', 'refugeeswelcome', 'ban', 'trump', 'people']","[19670226, 613988694, 2805980130]"
102,11,"['ban', 'travel', 'trump', 'immigration', 'order', 'trumps', 'court', 'judge', 'president', 'appeal', 'federal', 'rule']",238,12,"['ban', 'trump', 'travel', 'immigration', 'trumps', 'order', 'court', 'muslim', 'judge', 'president', 'appeal', 'federal', 'block']",9,"['ban', 'travel', 'trump', 'immigration', 'order', 'court', 'trumps', 'president', 'judge', 'appeal', 'federal', 'halt']",1,"['ban', 'trump', 'travel', 'immigration', 'trumps', 'order', 'court', 'president', 'judge', 'muslim', 'white_house', 'appeal', 'federal', 'rule']","[23588075, 144569635, 821957852]"
103,11,"['ban', 'travel', 'trump', 'immigration', 'order', 'trumps', 'court', 'judge', 'president', 'appeal', 'federal', 'rule']",109,12,"['ban', 'trump', 'travel', 'immigration', 'trumps', 'order', 'court', 'muslim', 'judge', 'president', 'appeal', 'federal', 'block']",9,"['ban', 'travel', 'trump', 'immigration', 'order', 'court', 'trumps', 'president', 'judge', 'appeal', 'federal', 'halt']",13,"['ban', 'travel', 'immigration', 'trump', 'order', 'judge', 'court', 'president', 'trumps']","[831651150, 2174509045, 720964252761063424, 757965470460882945, 771674431252934657, 772018715131076608, 774837253248024576, 824006152585379800, 824006152585379840]"
104,11,"['ban', 'travel', 'trump', 'immigration', 'order', 'trumps', 'court', 'judge', 'president', 'appeal', 'federal', 'rule']",111,12,"['ban', 'trump', 'travel', 'immigration', 'trumps', 'order', 'court', 'muslim', 'judge', 'president', 'appeal', 'federal', 'block']",9,"['ban', 'travel', 'trump', 'immigration', 'order', 'court', 'trumps', 'president', 'judge', 'appeal', 'federal', 'halt']",1,"['ban', 'trump', 'travel', 'immigration', 'trumps', 'order', 'court', 'president', 'judge', 'muslim', 'white_house', 'appeal', 'federal', 'rule']","[2443083780, 2513881490, 3387219983]"
105,11,"['ban', 'travel', 'trump', 'immigration', 'order', 'trumps', 'court', 'judge', 'president', 'appeal', 'federal', 'rule']",112,12,"['ban', 'trump', 'travel', 'immigration', 'trumps', 'order', 'court', 'muslim', 'judge', 'president', 'appeal', 'federal', 'block']",9,"['ban', 'travel', 'trump', 'immigration', 'order', 'court', 'trumps', 'president', 'judge', 'appeal', 'federal', 'halt']",13,"['ban', 'travel', 'immigration', 'trump', 'order', 'judge', 'court', 'president', 'trumps']","[604251115, 634330366, 766390728511586304]"
106,13,"['maga', 'americafirst', 'travelban', 'muslimban', 'tcot', 'liberal', 'buildthewall', 'terrorist', 'support', 'islam', 'trump', 'country', 'obama', 'muslims', 'islamic']",113,9,"['maga', 'muslimban', 'muslim', 'trump', 'travelban', 'americafirst', 'ban', 'country', 'islam', 'refugee', 'terrorist', 'usa', 'support', 'liberal', 'isis', 'immigrationban', 'tcot']",4,"['ban', 'muslim', 'country', 'immigration', 'travelban', 'maga', 'order', 'comment_federal', 'tweet_message', 'judge', 'trump', 'refugee']",8,"['travelban', 'maga', 'art_bxlart', 'trump', 'banislam_bansharia', 'immigrationban', 'payment', 'muslim', 'isis_sendthemback', 'banislam', 'noamnesty_deportterrorist', 'noamnesty']","[44595784, 817067206588715000, 817067206588715009]"
107,0,"['muslimban', 'trump', 'muslim', 'ban', 'nobannowall', 'refugee', 'refugeeswelcome', 'law', 'thcircuit', 'stand']",116,3,"['muslimban', 'nobannowall', 'muslim', 'refugee', 'trump']",10,"['nobannowall', 'muslimban', 'art_bxlart', 'refugeeswelcome', 'nomuslimban', 'ban']",8,"['travelban', 'maga', 'art_bxlart', 'trump', 'banislam_bansharia', 'immigrationban', 'payment', 'muslim', 'isis_sendthemback', 'banislam', 'noamnesty_deportterrorist', 'noamnesty']","[371793255, 1142269345, 3223554188, 825321318883217400]"
108,11,"['ban', 'travel', 'trump', 'immigration', 'order', 'trumps', 'court', 'judge', 'president', 'appeal', 'federal', 'rule']",117,12,"['ban', 'trump', 'travel', 'immigration', 'trumps', 'order', 'court', 'muslim', 'judge', 'president', 'appeal', 'federal', 'block']",9,"['ban', 'travel', 'trump', 'immigration', 'order', 'court', 'trumps', 'president', 'judge', 'appeal', 'federal', 'halt']",13,"['ban', 'travel', 'immigration', 'trump', 'order', 'judge', 'court', 'president', 'trumps']","[1955132936, 2958647850, 787650258218123268, 822620289758560260]"
109,13,"['maga', 'americafirst', 'travelban', 'muslimban', 'tcot', 'liberal', 'buildthewall', 'terrorist', 'support', 'islam', 'trump', 'country', 'obama', 'muslims', 'islamic']",118,9,"['maga', 'muslimban', 'muslim', 'trump', 'travelban', 'americafirst', 'ban', 'country', 'islam', 'refugee', 'terrorist', 'usa', 'support', 'liberal', 'isis', 'immigrationban', 'tcot']",5,"['americafirst', 'maga', 'buildthewall', 'maga_buildthewall', 'muslim']",4,"['americafirst', 'maga', 'buildthewall', 'refugeeban_maga', 'dts_tcot', 'tcot', 'maga_buildthewall', 'neverforget']","[18757886, 816689245821681664, 828841277131141120]"
110,11,"['ban', 'travel', 'trump', 'immigration', 'order', 'trumps', 'court', 'judge', 'president', 'appeal', 'federal', 'rule']",119,12,"['ban', 'trump', 'travel', 'immigration', 'trumps', 'order', 'court', 'muslim', 'judge', 'president', 'appeal', 'federal', 'block']",0,"['ban', 'trump', 'travel', 'trumps', 'donald', 'court', 'muslim', 'immigration', 'president', 'order', 'judge', 'white_house', 'appeal', 'federal']",1,"['ban', 'trump', 'travel', 'immigration', 'trumps', 'order', 'court', 'president', 'judge', 'muslim', 'white_house', 'appeal', 'federal', 'rule']","[18149465, 20954885, 301189264, 401094657, 1056071892, 2884915968]"
111,11,"['ban', 'travel', 'trump', 'immigration', 'order', 'trumps', 'court', 'judge', 'president', 'appeal', 'federal', 'rule']",187,12,"['ban', 'trump', 'travel', 'immigration', 'trumps', 'order', 'court', 'muslim', 'judge', 'president', 'appeal', 'federal', 'block']",0,"['ban', 'trump', 'travel', 'trumps', 'donald', 'court', 'muslim', 'immigration', 'president', 'order', 'judge', 'white_house', 'appeal', 'federal']",1,"['ban', 'trump', 'travel', 'immigration', 'trumps', 'order', 'court', 'president', 'judge', 'muslim', 'white_house', 'appeal', 'federal', 'rule']","[560817896, 802319182360612869, 802319182360612900, 809892522805829600, 809892522805829632]"
112,0,"['muslimban', 'trump', 'muslim', 'ban', 'nobannowall', 'refugee', 'refugeeswelcome', 'law', 'thcircuit', 'stand']",122,3,"['muslimban', 'nobannowall', 'muslim', 'refugee', 'trump']",10,"['nobannowall', 'muslimban', 'art_bxlart', 'refugeeswelcome', 'nomuslimban', 'ban']",2,"['muslimban', 'nobannowall', 'muslim', 'refugee', 'refugeeswelcome', 'ban', 'trump', 'people']","[15651835, 22873947, 785159807787466752]"
113,11,"['ban', 'travel', 'trump', 'immigration', 'order', 'trumps', 'court', 'judge', 'president', 'appeal', 'federal', 'rule']",123,12,"['ban', 'trump', 'travel', 'immigration', 'trumps', 'order', 'court', 'muslim', 'judge', 'president', 'appeal', 'federal', 'block']",9,"['ban', 'travel', 'trump', 'immigration', 'order', 'court', 'trumps', 'president', 'judge', 'appeal', 'federal', 'halt']",13,"['ban', 'travel', 'immigration', 'trump', 'order', 'judge', 'court', 'president', 'trumps']","[296005306, 331810117, 727882497237913601]"
114,0,"['muslimban', 'trump', 'muslim', 'ban', 'nobannowall', 'refugee', 'refugeeswelcome', 'law', 'thcircuit', 'stand']",125,9,"['maga', 'muslimban', 'muslim', 'trump', 'travelban', 'americafirst', 'ban', 'country', 'islam', 'refugee', 'terrorist', 'usa', 'support', 'liberal', 'isis', 'immigrationban', 'tcot']",6,"['muslimban', 'nobannowall', 'trump', 'muslim', 'refugee']",2,"['muslimban', 'nobannowall', 'muslim', 'refugee', 'refugeeswelcome', 'ban', 'trump', 'people']","[20010422, 204339253, 867087306, 968976661]"
115,0,"['muslimban', 'trump', 'muslim', 'ban', 'nobannowall', 'refugee', 'refugeeswelcome', 'law', 'thcircuit', 'stand']",126,14,"['nobannowall', 'tntweeter', 'uslatino', 'heretostay', 'latism', 'uniteblue', 'inmigracion', 'notmore', 'niunomas', 'womensmarch', 'timeisnow', 'riseup', 'standuptotrump', 'nowallnoban', 'theresistance', 'refugeeswelcome', 'presidentsday', 'migrantenkriminalitat']",10,"['nobannowall', 'muslimban', 'art_bxlart', 'refugeeswelcome', 'nomuslimban', 'ban']",2,"['muslimban', 'nobannowall', 'muslim', 'refugee', 'refugeeswelcome', 'ban', 'trump', 'people']","[1334295828, 1642419774, 3883183774, 4738947977, 704369311004139500, 716630421598040065, 720873437095309313, 764196970105868289, 768755478671290368]"
117,0,"['muslimban', 'trump', 'muslim', 'ban', 'nobannowall', 'refugee', 'refugeeswelcome', 'law', 'thcircuit', 'stand']",128,3,"['muslimban', 'nobannowall', 'muslim', 'refugee', 'trump']",0,"['ban', 'trump', 'travel', 'trumps', 'donald', 'court', 'muslim', 'immigration', 'president', 'order', 'judge', 'white_house', 'appeal', 'federal']",2,"['muslimban', 'nobannowall', 'muslim', 'refugee', 'refugeeswelcome', 'ban', 'trump', 'people']","[35689139, 39689218, 3015999308, 4199239817]"
118,11,"['ban', 'travel', 'trump', 'immigration', 'order', 'trumps', 'court', 'judge', 'president', 'appeal', 'federal', 'rule']",129,4,"['immigration', 'ban', 'order', 'travel', 'trump', 'president', 'judge', 'court', 'halt', 'executive', 'federal', 'country', 'poll', 'tweet']",9,"['ban', 'travel', 'trump', 'immigration', 'order', 'court', 'trumps', 'president', 'judge', 'appeal', 'federal', 'halt']",13,"['ban', 'travel', 'immigration', 'trump', 'order', 'judge', 'court', 'president', 'trumps']","[3214214153, 3310659202, 3473817435, 720967777134227457]"
119,0,"['muslimban', 'trump', 'muslim', 'ban', 'nobannowall', 'refugee', 'refugeeswelcome', 'law', 'thcircuit', 'stand']",130,12,"['ban', 'trump', 'travel', 'immigration', 'trumps', 'order', 'court', 'muslim', 'judge', 'president', 'appeal', 'federal', 'block']",0,"['ban', 'trump', 'travel', 'trumps', 'donald', 'court', 'muslim', 'immigration', 'president', 'order', 'judge', 'white_house', 'appeal', 'federal']",1,"['ban', 'trump', 'travel', 'immigration', 'trumps', 'order', 'court', 'president', 'judge', 'muslim', 'white_house', 'appeal', 'federal', 'rule']","[194750628, 222368570, 2201782562, 2205870708]"
120,11,"['ban', 'travel', 'trump', 'immigration', 'order', 'trumps', 'court', 'judge', 'president', 'appeal', 'federal', 'rule']",131,12,"['ban', 'trump', 'travel', 'immigration', 'trumps', 'order', 'court', 'muslim', 'judge', 'president', 'appeal', 'federal', 'block']",0,"['ban', 'trump', 'travel', 'trumps', 'donald', 'court', 'muslim', 'immigration', 'president', 'order', 'judge', 'white_house', 'appeal', 'federal']",1,"['ban', 'trump', 'travel', 'immigration', 'trumps', 'order', 'court', 'president', 'judge', 'muslim', 'white_house', 'appeal', 'federal', 'rule']","[92597709, 93363329, 108009760]"
121,11,"['ban', 'travel', 'trump', 'immigration', 'order', 'trumps', 'court', 'judge', 'president', 'appeal', 'federal', 'rule']",181,9,"['maga', 'muslimban', 'muslim', 'trump', 'travelban', 'americafirst', 'ban', 'country', 'islam', 'refugee', 'terrorist', 'usa', 'support', 'liberal', 'isis', 'immigrationban', 'tcot']",4,"['ban', 'muslim', 'country', 'immigration', 'travelban', 'maga', 'order', 'comment_federal', 'tweet_message', 'judge', 'trump', 'refugee']",2,"['muslimban', 'nobannowall', 'muslim', 'refugee', 'refugeeswelcome', 'ban', 'trump', 'people']","[22657914, 66033904, 86989456]"
122,0,"['muslimban', 'trump', 'muslim', 'ban', 'nobannowall', 'refugee', 'refugeeswelcome', 'law', 'thcircuit', 'stand']",133,3,"['muslimban', 'nobannowall', 'muslim', 'refugee', 'trump']",6,"['muslimban', 'nobannowall', 'trump', 'muslim', 'refugee']",2,"['muslimban', 'nobannowall', 'muslim', 'refugee', 'refugeeswelcome', 'ban', 'trump', 'people']","[146872519, 295717711, 2173740702]"
123,11,"['ban', 'travel', 'trump', 'immigration', 'order', 'trumps', 'court', 'judge', 'president', 'appeal', 'federal', 'rule']",135,12,"['ban', 'trump', 'travel', 'immigration', 'trumps', 'order', 'court', 'muslim', 'judge', 'president', 'appeal', 'federal', 'block']",9,"['ban', 'travel', 'trump', 'immigration', 'order', 'court', 'trumps', 'president', 'judge', 'appeal', 'federal', 'halt']",1,"['ban', 'trump', 'travel', 'immigration', 'trumps', 'order', 'court', 'president', 'judge', 'muslim', 'white_house', 'appeal', 'federal', 'rule']","[17690402, 326665662, 3084992351, 3242040828]"
124,0,"['muslimban', 'trump', 'muslim', 'ban', 'nobannowall', 'refugee', 'refugeeswelcome', 'law', 'thcircuit', 'stand']",136,3,"['muslimban', 'nobannowall', 'muslim', 'refugee', 'trump']",0,"['ban', 'trump', 'travel', 'trumps', 'donald', 'court', 'muslim', 'immigration', 'president', 'order', 'judge', 'white_house', 'appeal', 'federal']",1,"['ban', 'trump', 'travel', 'immigration', 'trumps', 'order', 'court', 'president', 'judge', 'muslim', 'white_house', 'appeal', 'federal', 'rule']","[24562722, 3439065657, 825153022653128700, 830438470489296897]"
125,0,"['muslimban', 'trump', 'muslim', 'ban', 'nobannowall', 'refugee', 'refugeeswelcome', 'law', 'thcircuit', 'stand']",137,9,"['maga', 'muslimban', 'muslim', 'trump', 'travelban', 'americafirst', 'ban', 'country', 'islam', 'refugee', 'terrorist', 'usa', 'support', 'liberal', 'isis', 'immigrationban', 'tcot']",4,"['ban', 'muslim', 'country', 'immigration', 'travelban', 'maga', 'order', 'comment_federal', 'tweet_message', 'judge', 'trump', 'refugee']",8,"['travelban', 'maga', 'art_bxlart', 'trump', 'banislam_bansharia', 'immigrationban', 'payment', 'muslim', 'isis_sendthemback', 'banislam', 'noamnesty_deportterrorist', 'noamnesty']","[803749406696701952, 810698204375293953, 810698204375294000, 816371234325794820]"
126,11,"['ban', 'travel', 'trump', 'immigration', 'order', 'trumps', 'court', 'judge', 'president', 'appeal', 'federal', 'rule']",138,12,"['ban', 'trump', 'travel', 'immigration', 'trumps', 'order', 'court', 'muslim', 'judge', 'president', 'appeal', 'federal', 'block']",0,"['ban', 'trump', 'travel', 'trumps', 'donald', 'court', 'muslim', 'immigration', 'president', 'order', 'judge', 'white_house', 'appeal', 'federal']",3,"['ban', 'trump', 'travel', 'trumps', 'nomuslimban', 'protest', 'muslim']","[497665754, 632999879, 879909500, 1219267034]"
127,0,"['muslimban', 'trump', 'muslim', 'ban', 'nobannowall', 'refugee', 'refugeeswelcome', 'law', 'thcircuit', 'stand']",141,3,"['muslimban', 'nobannowall', 'muslim', 'refugee', 'trump']",6,"['muslimban', 'nobannowall', 'trump', 'muslim', 'refugee']",2,"['muslimban', 'nobannowall', 'muslim', 'refugee', 'refugeeswelcome', 'ban', 'trump', 'people']","[248817681, 407002473, 2465431458]"
128,0,"['muslimban', 'trump', 'muslim', 'ban', 'nobannowall', 'refugee', 'refugeeswelcome', 'law', 'thcircuit', 'stand']",142,9,"['maga', 'muslimban', 'muslim', 'trump', 'travelban', 'americafirst', 'ban', 'country', 'islam', 'refugee', 'terrorist', 'usa', 'support', 'liberal', 'isis', 'immigrationban', 'tcot']",4,"['ban', 'muslim', 'country', 'immigration', 'travelban', 'maga', 'order', 'comment_federal', 'tweet_message', 'judge', 'trump', 'refugee']",13,"['ban', 'travel', 'immigration', 'trump', 'order', 'judge', 'court', 'president', 'trumps']","[787113920297332700, 808497871066636289, 808806831913140224, 811041617704587265]"
129,11,"['ban', 'travel', 'trump', 'immigration', 'order', 'trumps', 'court', 'judge', 'president', 'appeal', 'federal', 'rule']",143,12,"['ban', 'trump', 'travel', 'immigration', 'trumps', 'order', 'court', 'muslim', 'judge', 'president', 'appeal', 'federal', 'block']",0,"['ban', 'trump', 'travel', 'trumps', 'donald', 'court', 'muslim', 'immigration', 'president', 'order', 'judge', 'white_house', 'appeal', 'federal']",1,"['ban', 'trump', 'travel', 'immigration', 'trumps', 'order', 'court', 'president', 'judge', 'muslim', 'white_house', 'appeal', 'federal', 'rule']","[61362581, 65270885, 808580246, 719615303014039552, 765584621119631360, 778288267141771264, 797279709440524289, 802508984301342720, 821724057720721408, 822219436799250432, 827591854686220290]"
130,11,"['ban', 'travel', 'trump', 'immigration', 'order', 'trumps', 'court', 'judge', 'president', 'appeal', 'federal', 'rule']",144,12,"['ban', 'trump', 'travel', 'immigration', 'trumps', 'order', 'court', 'muslim', 'judge', 'president', 'appeal', 'federal', 'block']",0,"['ban', 'trump', 'travel', 'trumps', 'donald', 'court', 'muslim', 'immigration', 'president', 'order', 'judge', 'white_house', 'appeal', 'federal']",1,"['ban', 'trump', 'travel', 'immigration', 'trumps', 'order', 'court', 'president', 'judge', 'muslim', 'white_house', 'appeal', 'federal', 'rule']","[52281004, 217098564, 466864852, 3098500169]"
131,0,"['muslimban', 'trump', 'muslim', 'ban', 'nobannowall', 'refugee', 'refugeeswelcome', 'law', 'thcircuit', 'stand']",145,9,"['maga', 'muslimban', 'muslim', 'trump', 'travelban', 'americafirst', 'ban', 'country', 'islam', 'refugee', 'terrorist', 'usa', 'support', 'liberal', 'isis', 'immigrationban', 'tcot']",0,"['ban', 'trump', 'travel', 'trumps', 'donald', 'court', 'muslim', 'immigration', 'president', 'order', 'judge', 'white_house', 'appeal', 'federal']",2,"['muslimban', 'nobannowall', 'muslim', 'refugee', 'refugeeswelcome', 'ban', 'trump', 'people']","[33904581, 36071847, 857001662, 787416582754631700]"
132,11,"['ban', 'travel', 'trump', 'immigration', 'order', 'trumps', 'court', 'judge', 'president', 'appeal', 'federal', 'rule']",146,12,"['ban', 'trump', 'travel', 'immigration', 'trumps', 'order', 'court', 'muslim', 'judge', 'president', 'appeal', 'federal', 'block']",0,"['ban', 'trump', 'travel', 'trumps', 'donald', 'court', 'muslim', 'immigration', 'president', 'order', 'judge', 'white_house', 'appeal', 'federal']",2,"['muslimban', 'nobannowall', 'muslim', 'refugee', 'refugeeswelcome', 'ban', 'trump', 'people']","[3124986791, 802242853850202112, 825414931453460500]"
133,11,"['ban', 'travel', 'trump', 'immigration', 'order', 'trumps', 'court', 'judge', 'president', 'appeal', 'federal', 'rule']",147,12,"['ban', 'trump', 'travel', 'immigration', 'trumps', 'order', 'court', 'muslim', 'judge', 'president', 'appeal', 'federal', 'block']",0,"['ban', 'trump', 'travel', 'trumps', 'donald', 'court', 'muslim', 'immigration', 'president', 'order', 'judge', 'white_house', 'appeal', 'federal']",1,"['ban', 'trump', 'travel', 'immigration', 'trumps', 'order', 'court', 'president', 'judge', 'muslim', 'white_house', 'appeal', 'federal', 'rule']","[1428245454, 1548756944, 2822640558, 3012462963]"
134,11,"['ban', 'travel', 'trump', 'immigration', 'order', 'trumps', 'court', 'judge', 'president', 'appeal', 'federal', 'rule']",148,12,"['ban', 'trump', 'travel', 'immigration', 'trumps', 'order', 'court', 'muslim', 'judge', 'president', 'appeal', 'federal', 'block']",9,"['ban', 'travel', 'trump', 'immigration', 'order', 'court', 'trumps', 'president', 'judge', 'appeal', 'federal', 'halt']",1,"['ban', 'trump', 'travel', 'immigration', 'trumps', 'order', 'court', 'president', 'judge', 'muslim', 'white_house', 'appeal', 'federal', 'rule']","[78817006, 715329083802931200, 791783093145178112, 808342475228127232]"
135,0,"['muslimban', 'trump', 'muslim', 'ban', 'nobannowall', 'refugee', 'refugeeswelcome', 'law', 'thcircuit', 'stand']",149,3,"['muslimban', 'nobannowall', 'muslim', 'refugee', 'trump']",6,"['muslimban', 'nobannowall', 'trump', 'muslim', 'refugee']",2,"['muslimban', 'nobannowall', 'muslim', 'refugee', 'refugeeswelcome', 'ban', 'trump', 'people']","[2447278640, 2462935452, 2956261143, 2967475006, 2979502145, 2991637275, 2991705749, 2993815630, 2995443045, 2999257265, 2999296937, 3062904754]"
136,0,"['muslimban', 'trump', 'muslim', 'ban', 'nobannowall', 'refugee', 'refugeeswelcome', 'law', 'thcircuit', 'stand']",150,14,"['nobannowall', 'tntweeter', 'uslatino', 'heretostay', 'latism', 'uniteblue', 'inmigracion', 'notmore', 'niunomas', 'womensmarch', 'timeisnow', 'riseup', 'standuptotrump', 'nowallnoban', 'theresistance', 'refugeeswelcome', 'presidentsday', 'migrantenkriminalitat']",10,"['nobannowall', 'muslimban', 'art_bxlart', 'refugeeswelcome', 'nomuslimban', 'ban']",2,"['muslimban', 'nobannowall', 'muslim', 'refugee', 'refugeeswelcome', 'ban', 'trump', 'people']","[726426186, 3293720865, 749292001867202600, 777521593962602500]"
137,11,"['ban', 'travel', 'trump', 'immigration', 'order', 'trumps', 'court', 'judge', 'president', 'appeal', 'federal', 'rule']",151,12,"['ban', 'trump', 'travel', 'immigration', 'trumps', 'order', 'court', 'muslim', 'judge', 'president', 'appeal', 'federal', 'block']",9,"['ban', 'travel', 'trump', 'immigration', 'order', 'court', 'trumps', 'president', 'judge', 'appeal', 'federal', 'halt']",1,"['ban', 'trump', 'travel', 'immigration', 'trumps', 'order', 'court', 'president', 'judge', 'muslim', 'white_house', 'appeal', 'federal', 'rule']","[31198756, 213088537, 2434305450]"
138,0,"['muslimban', 'trump', 'muslim', 'ban', 'nobannowall', 'refugee', 'refugeeswelcome', 'law', 'thcircuit', 'stand']",153,3,"['muslimban', 'nobannowall', 'muslim', 'refugee', 'trump']",6,"['muslimban', 'nobannowall', 'trump', 'muslim', 'refugee']",2,"['muslimban', 'nobannowall', 'muslim', 'refugee', 'refugeeswelcome', 'ban', 'trump', 'people']","[14496886, 39971992, 597888584, 808498736250884096]"
139,11,"['ban', 'travel', 'trump', 'immigration', 'order', 'trumps', 'court', 'judge', 'president', 'appeal', 'federal', 'rule']",154,3,"['muslimban', 'nobannowall', 'muslim', 'refugee', 'trump']",0,"['ban', 'trump', 'travel', 'trumps', 'donald', 'court', 'muslim', 'immigration', 'president', 'order', 'judge', 'white_house', 'appeal', 'federal']",1,"['ban', 'trump', 'travel', 'immigration', 'trumps', 'order', 'court', 'president', 'judge', 'muslim', 'white_house', 'appeal', 'federal', 'rule']","[18666310, 3369925198, 728062616334159872, 736637394317922304, 736681821765836800, 738076526898470912, 776897909434544128, 783090711088533504, 783802387618234368, 794259857616601088, 820156689034911746]"
140,11,"['ban', 'travel', 'trump', 'immigration', 'order', 'trumps', 'court', 'judge', 'president', 'appeal', 'federal', 'rule']",158,12,"['ban', 'trump', 'travel', 'immigration', 'trumps', 'order', 'court', 'muslim', 'judge', 'president', 'appeal', 'federal', 'block']",9,"['ban', 'travel', 'trump', 'immigration', 'order', 'court', 'trumps', 'president', 'judge', 'appeal', 'federal', 'halt']",1,"['ban', 'trump', 'travel', 'immigration', 'trumps', 'order', 'court', 'president', 'judge', 'muslim', 'white_house', 'appeal', 'federal', 'rule']","[52436759, 122448174, 334944709, 3341798140]"
141,0,"['muslimban', 'trump', 'muslim', 'ban', 'nobannowall', 'refugee', 'refugeeswelcome', 'law', 'thcircuit', 'stand']",159,3,"['muslimban', 'nobannowall', 'muslim', 'refugee', 'trump']",6,"['muslimban', 'nobannowall', 'trump', 'muslim', 'refugee']",2,"['muslimban', 'nobannowall', 'muslim', 'refugee', 'refugeeswelcome', 'ban', 'trump', 'people']","[123771138, 243950136, 749133664609382406]"
142,0,"['muslimban', 'trump', 'muslim', 'ban', 'nobannowall', 'refugee', 'refugeeswelcome', 'law', 'thcircuit', 'stand']",160,3,"['muslimban', 'nobannowall', 'muslim', 'refugee', 'trump']",0,"['ban', 'trump', 'travel', 'trumps', 'donald', 'court', 'muslim', 'immigration', 'president', 'order', 'judge', 'white_house', 'appeal', 'federal']",2,"['muslimban', 'nobannowall', 'muslim', 'refugee', 'refugeeswelcome', 'ban', 'trump', 'people']","[15660641, 130617992, 938140405, 823653754520170497]"
143,11,"['ban', 'travel', 'trump', 'immigration', 'order', 'trumps', 'court', 'judge', 'president', 'appeal', 'federal', 'rule']",161,12,"['ban', 'trump', 'travel', 'immigration', 'trumps', 'order', 'court', 'muslim', 'judge', 'president', 'appeal', 'federal', 'block']",0,"['ban', 'trump', 'travel', 'trumps', 'donald', 'court', 'muslim', 'immigration', 'president', 'order', 'judge', 'white_house', 'appeal', 'federal']",1,"['ban', 'trump', 'travel', 'immigration', 'trumps', 'order', 'court', 'president', 'judge', 'muslim', 'white_house', 'appeal', 'federal', 'rule']","[2877098825, 2916179705, 3043819293, 3192736846]"
144,11,"['ban', 'travel', 'trump', 'immigration', 'order', 'trumps', 'court', 'judge', 'president', 'appeal', 'federal', 'rule']",162,12,"['ban', 'trump', 'travel', 'immigration', 'trumps', 'order', 'court', 'muslim', 'judge', 'president', 'appeal', 'federal', 'block']",9,"['ban', 'travel', 'trump', 'immigration', 'order', 'court', 'trumps', 'president', 'judge', 'appeal', 'federal', 'halt']",1,"['ban', 'trump', 'travel', 'immigration', 'trumps', 'order', 'court', 'president', 'judge', 'muslim', 'white_house', 'appeal', 'federal', 'rule']","[101136300, 902841756, 3024568735, 752309378527555584, 760348481659600896, 761050368021110784, 763621734230597632, 824053976144281600, 828433145292681217]"
145,0,"['muslimban', 'trump', 'muslim', 'ban', 'nobannowall', 'refugee', 'refugeeswelcome', 'law', 'thcircuit', 'stand']",163,3,"['muslimban', 'nobannowall', 'muslim', 'refugee', 'trump']",4,"['ban', 'muslim', 'country', 'immigration', 'travelban', 'maga', 'order', 'comment_federal', 'tweet_message', 'judge', 'trump', 'refugee']",13,"['ban', 'travel', 'immigration', 'trump', 'order', 'judge', 'court', 'president', 'trumps']","[776414185, 2187410251, 2216336281, 3928269613, 774232297574961152]"
146,11,"['ban', 'travel', 'trump', 'immigration', 'order', 'trumps', 'court', 'judge', 'president', 'appeal', 'federal', 'rule']",164,12,"['ban', 'trump', 'travel', 'immigration', 'trumps', 'order', 'court', 'muslim', 'judge', 'president', 'appeal', 'federal', 'block']",9,"['ban', 'travel', 'trump', 'immigration', 'order', 'court', 'trumps', 'president', 'judge', 'appeal', 'federal', 'halt']",13,"['ban', 'travel', 'immigration', 'trump', 'order', 'judge', 'court', 'president', 'trumps']","[11332012, 1013374544, 1494071780]"
147,0,"['muslimban', 'trump', 'muslim', 'ban', 'nobannowall', 'refugee', 'refugeeswelcome', 'law', 'thcircuit', 'stand']",165,3,"['muslimban', 'nobannowall', 'muslim', 'refugee', 'trump']",6,"['muslimban', 'nobannowall', 'trump', 'muslim', 'refugee']",2,"['muslimban', 'nobannowall', 'muslim', 'refugee', 'refugeeswelcome', 'ban', 'trump', 'people']","[16185569, 173915399, 3428769333]"
148,0,"['muslimban', 'trump', 'muslim', 'ban', 'nobannowall', 'refugee', 'refugeeswelcome', 'law', 'thcircuit', 'stand']",166,3,"['muslimban', 'nobannowall', 'muslim', 'refugee', 'trump']",10,"['nobannowall', 'muslimban', 'art_bxlart', 'refugeeswelcome', 'nomuslimban', 'ban']",2,"['muslimban', 'nobannowall', 'muslim', 'refugee', 'refugeeswelcome', 'ban', 'trump', 'people']","[591920938, 3294646451, 788481841481199616]"
149,11,"['ban', 'travel', 'trump', 'immigration', 'order', 'trumps', 'court', 'judge', 'president', 'appeal', 'federal', 'rule']",167,12,"['ban', 'trump', 'travel', 'immigration', 'trumps', 'order', 'court', 'muslim', 'judge', 'president', 'appeal', 'federal', 'block']",9,"['ban', 'travel', 'trump', 'immigration', 'order', 'court', 'trumps', 'president', 'judge', 'appeal', 'federal', 'halt']",1,"['ban', 'trump', 'travel', 'immigration', 'trumps', 'order', 'court', 'president', 'judge', 'muslim', 'white_house', 'appeal', 'federal', 'rule']","[21213927, 21216178, 236968929, 857445764]"
150,6,"['muslimban', 'nobannowall', 'immigration', 'tntweeter', 'uslatino', 'nomuslimban']",168,3,"['muslimban', 'nobannowall', 'muslim', 'refugee', 'trump']",6,"['muslimban', 'nobannowall', 'trump', 'muslim', 'refugee']",2,"['muslimban', 'nobannowall', 'muslim', 'refugee', 'refugeeswelcome', 'ban', 'trump', 'people']","[21879603, 3069015979, 3307415973]"
151,13,"['maga', 'americafirst', 'travelban', 'muslimban', 'tcot', 'liberal', 'buildthewall', 'terrorist', 'support', 'islam', 'trump', 'country', 'obama', 'muslims', 'islamic']",45,9,"['maga', 'muslimban', 'muslim', 'trump', 'travelban', 'americafirst', 'ban', 'country', 'islam', 'refugee', 'terrorist', 'usa', 'support', 'liberal', 'isis', 'immigrationban', 'tcot']",8,"['dts_tcot', 'nowallnoban', 'proudamerican', 'americafirst_proudamerican', 'support', 'america_globalist', 'support_leader', 'trump', 'democrat_nowallnoban', 'americafirst_proudamerican_dts_tcot', 'support_buildthewall', 'tcot_suck', 'pathetic_liberal', 'america', 'leader', 'mypresident_maga', 'mypresident', 'mypresident_maga_americafirst_proudamerican', 'suck']",4,"['americafirst', 'maga', 'buildthewall', 'refugeeban_maga', 'dts_tcot', 'tcot', 'maga_buildthewall', 'neverforget']","[19013697, 34439235, 46923727, 70125620, 95809954, 226299669, 260387938, 277185487, 301416337, 392848910, 856933050, 891661093, 1412784253, 1666504591, 2174781979, 2243530995, 2344218308, 2398300866, 2411379535, 2890165361, 2892478027, 725348521436655616, 746442921998749696, 746853969943724032, 758720861167812608, 759232224034164736, 765306808978202626, 823238195508719617, 828744559484137472]"
152,11,"['ban', 'travel', 'trump', 'immigration', 'order', 'trumps', 'court', 'judge', 'president', 'appeal', 'federal', 'rule']",169,9,"['maga', 'muslimban', 'muslim', 'trump', 'travelban', 'americafirst', 'ban', 'country', 'islam', 'refugee', 'terrorist', 'usa', 'support', 'liberal', 'isis', 'immigrationban', 'tcot']",4,"['ban', 'muslim', 'country', 'immigration', 'travelban', 'maga', 'order', 'comment_federal', 'tweet_message', 'judge', 'trump', 'refugee']",13,"['ban', 'travel', 'immigration', 'trump', 'order', 'judge', 'court', 'president', 'trumps']","[3183768157, 3374126201, 713953191742816300, 780216787824742400, 798190900744568800, 808204218762825728]"
153,11,"['ban', 'travel', 'trump', 'immigration', 'order', 'trumps', 'court', 'judge', 'president', 'appeal', 'federal', 'rule']",170,3,"['muslimban', 'nobannowall', 'muslim', 'refugee', 'trump']",6,"['muslimban', 'nobannowall', 'trump', 'muslim', 'refugee']",3,"['ban', 'trump', 'travel', 'trumps', 'nomuslimban', 'protest', 'muslim']","[155721492, 209574683, 288598376, 332407856, 737676884977258497, 823642841507315712]"
154,11,"['ban', 'travel', 'trump', 'immigration', 'order', 'trumps', 'court', 'judge', 'president', 'appeal', 'federal', 'rule']",172,12,"['ban', 'trump', 'travel', 'immigration', 'trumps', 'order', 'court', 'muslim', 'judge', 'president', 'appeal', 'federal', 'block']",0,"['ban', 'trump', 'travel', 'trumps', 'donald', 'court', 'muslim', 'immigration', 'president', 'order', 'judge', 'white_house', 'appeal', 'federal']",1,"['ban', 'trump', 'travel', 'immigration', 'trumps', 'order', 'court', 'president', 'judge', 'muslim', 'white_house', 'appeal', 'federal', 'rule']","[630379079, 4902144081, 774223198137090049, 798654799382122496, 816379289503338496]"
155,11,"['ban', 'travel', 'trump', 'immigration', 'order', 'trumps', 'court', 'judge', 'president', 'appeal', 'federal', 'rule']",173,4,"['immigration', 'ban', 'order', 'travel', 'trump', 'president', 'judge', 'court', 'halt', 'executive', 'federal', 'country', 'poll', 'tweet']",9,"['ban', 'travel', 'trump', 'immigration', 'order', 'court', 'trumps', 'president', 'judge', 'appeal', 'federal', 'halt']",13,"['ban', 'travel', 'immigration', 'trump', 'order', 'judge', 'court', 'president', 'trumps']","[2511118496, 713925255828353000, 713925255828353024]"
156,0,"['muslimban', 'trump', 'muslim', 'ban', 'nobannowall', 'refugee', 'refugeeswelcome', 'law', 'thcircuit', 'stand']",174,3,"['muslimban', 'nobannowall', 'muslim', 'refugee', 'trump']",0,"['ban', 'trump', 'travel', 'trumps', 'donald', 'court', 'muslim', 'immigration', 'president', 'order', 'judge', 'white_house', 'appeal', 'federal']",2,"['muslimban', 'nobannowall', 'muslim', 'refugee', 'refugeeswelcome', 'ban', 'trump', 'people']","[153924469, 1696846248, 4099048259, 741594349633470464]"
157,6,"['muslimban', 'nobannowall', 'immigration', 'tntweeter', 'uslatino', 'nomuslimban']",236,3,"['muslimban', 'nobannowall', 'muslim', 'refugee', 'trump']",10,"['nobannowall', 'muslimban', 'art_bxlart', 'refugeeswelcome', 'nomuslimban', 'ban']",5,"['rule_airlinesnomuslimban', 'traveler_valid', 'visas_board', 'card_visas', 'board', 'valid', 'airlinesnomuslimban', 'visas', 'allow_passenger', 'aviation', 'nobanjfk', 'valid_green', 'traveler', 'traveler_valid_visas_board', 'board_letthemgohome', 'nobanjfk_nobanusa', 'passenger', 'card', 'green', 'allow_passenger_valid_green', 'letthemgohome', 'lift_airline', 'letthemfly_nobanjfk', 'nobanusa', 'lgg', 'airlinesnomuslimban_aviation', 'hugalawyer_nobanjfk']","[60341409, 554736713, 2768029004]"
159,11,"['ban', 'travel', 'trump', 'immigration', 'order', 'trumps', 'court', 'judge', 'president', 'appeal', 'federal', 'rule']",176,4,"['immigration', 'ban', 'order', 'travel', 'trump', 'president', 'judge', 'court', 'halt', 'executive', 'federal', 'country', 'poll', 'tweet']",4,"['ban', 'muslim', 'country', 'immigration', 'travelban', 'maga', 'order', 'comment_federal', 'tweet_message', 'judge', 'trump', 'refugee']",13,"['ban', 'travel', 'immigration', 'trump', 'order', 'judge', 'court', 'president', 'trumps']","[574822364, 762439131154698241, 764620057791959040]"
160,11,"['ban', 'travel', 'trump', 'immigration', 'order', 'trumps', 'court', 'judge', 'president', 'appeal', 'federal', 'rule']",177,12,"['ban', 'trump', 'travel', 'immigration', 'trumps', 'order', 'court', 'muslim', 'judge', 'president', 'appeal', 'federal', 'block']",0,"['ban', 'trump', 'travel', 'trumps', 'donald', 'court', 'muslim', 'immigration', 'president', 'order', 'judge', 'white_house', 'appeal', 'federal']",1,"['ban', 'trump', 'travel', 'immigration', 'trumps', 'order', 'court', 'president', 'judge', 'muslim', 'white_house', 'appeal', 'federal', 'rule']","[396720850, 549010227, 2775904743]"
161,0,"['muslimban', 'trump', 'muslim', 'ban', 'nobannowall', 'refugee', 'refugeeswelcome', 'law', 'thcircuit', 'stand']",178,9,"['maga', 'muslimban', 'muslim', 'trump', 'travelban', 'americafirst', 'ban', 'country', 'islam', 'refugee', 'terrorist', 'usa', 'support', 'liberal', 'isis', 'immigrationban', 'tcot']",6,"['muslimban', 'nobannowall', 'trump', 'muslim', 'refugee']",2,"['muslimban', 'nobannowall', 'muslim', 'refugee', 'refugeeswelcome', 'ban', 'trump', 'people']","[67052442, 85107516, 150653567]"
162,0,"['muslimban', 'trump', 'muslim', 'ban', 'nobannowall', 'refugee', 'refugeeswelcome', 'law', 'thcircuit', 'stand']",179,9,"['maga', 'muslimban', 'muslim', 'trump', 'travelban', 'americafirst', 'ban', 'country', 'islam', 'refugee', 'terrorist', 'usa', 'support', 'liberal', 'isis', 'immigrationban', 'tcot']",0,"['ban', 'trump', 'travel', 'trumps', 'donald', 'court', 'muslim', 'immigration', 'president', 'order', 'judge', 'white_house', 'appeal', 'federal']",8,"['travelban', 'maga', 'art_bxlart', 'trump', 'banislam_bansharia', 'immigrationban', 'payment', 'muslim', 'isis_sendthemback', 'banislam', 'noamnesty_deportterrorist', 'noamnesty']","[521099168, 712570632966266880, 712787233908981760, 712806143790174208, 720034834827972609, 722474829463457792]"
163,0,"['muslimban', 'trump', 'muslim', 'ban', 'nobannowall', 'refugee', 'refugeeswelcome', 'law', 'thcircuit', 'stand']",180,3,"['muslimban', 'nobannowall', 'muslim', 'refugee', 'trump']",0,"['ban', 'trump', 'travel', 'trumps', 'donald', 'court', 'muslim', 'immigration', 'president', 'order', 'judge', 'white_house', 'appeal', 'federal']",2,"['muslimban', 'nobannowall', 'muslim', 'refugee', 'refugeeswelcome', 'ban', 'trump', 'people']","[773230604133564400, 813824414953381888, 814608019749306368]"
164,11,"['ban', 'travel', 'trump', 'immigration', 'order', 'trumps', 'court', 'judge', 'president', 'appeal', 'federal', 'rule']",182,3,"['muslimban', 'nobannowall', 'muslim', 'refugee', 'trump']",4,"['ban', 'muslim', 'country', 'immigration', 'travelban', 'maga', 'order', 'comment_federal', 'tweet_message', 'judge', 'trump', 'refugee']",2,"['muslimban', 'nobannowall', 'muslim', 'refugee', 'refugeeswelcome', 'ban', 'trump', 'people']","[37054076, 2945087081, 3091887712]"
165,11,"['ban', 'travel', 'trump', 'immigration', 'order', 'trumps', 'court', 'judge', 'president', 'appeal', 'federal', 'rule']",183,12,"['ban', 'trump', 'travel', 'immigration', 'trumps', 'order', 'court', 'muslim', 'judge', 'president', 'appeal', 'federal', 'block']",9,"['ban', 'travel', 'trump', 'immigration', 'order', 'court', 'trumps', 'president', 'judge', 'appeal', 'federal', 'halt']",1,"['ban', 'trump', 'travel', 'immigration', 'trumps', 'order', 'court', 'president', 'judge', 'muslim', 'white_house', 'appeal', 'federal', 'rule']","[16929715, 44339519, 286163867, 825056962781941760]"
166,11,"['ban', 'travel', 'trump', 'immigration', 'order', 'trumps', 'court', 'judge', 'president', 'appeal', 'federal', 'rule']",184,3,"['muslimban', 'nobannowall', 'muslim', 'refugee', 'trump']",0,"['ban', 'trump', 'travel', 'trumps', 'donald', 'court', 'muslim', 'immigration', 'president', 'order', 'judge', 'white_house', 'appeal', 'federal']",1,"['ban', 'trump', 'travel', 'immigration', 'trumps', 'order', 'court', 'president', 'judge', 'muslim', 'white_house', 'appeal', 'federal', 'rule']","[102572648, 151600623, 1006954988]"
167,0,"['muslimban', 'trump', 'muslim', 'ban', 'nobannowall', 'refugee', 'refugeeswelcome', 'law', 'thcircuit', 'stand']",185,3,"['muslimban', 'nobannowall', 'muslim', 'refugee', 'trump']",4,"['ban', 'muslim', 'country', 'immigration', 'travelban', 'maga', 'order', 'comment_federal', 'tweet_message', 'judge', 'trump', 'refugee']",14,"['demo', 'standuptotrump_nomuslimban', 'dubsnow_refugeeswelcome', 'nomuslimban_standuptotrump', 'nomuslimban_muslimbanprotest', 'marchagainstracism', 'theresatheappeaser_racism', 'down_street', 'dubsnow', 'whitehouse', 'islamophobia_detail', 'nomuslimban_demo', 'sit_feb', 'demo_refugeeswelcome', 'appealscourt']","[1336527348, 2852040209, 793916920080850945]"
168,6,"['muslimban', 'nobannowall', 'immigration', 'tntweeter', 'uslatino', 'nomuslimban']",186,3,"['muslimban', 'nobannowall', 'muslim', 'refugee', 'trump']",6,"['muslimban', 'nobannowall', 'trump', 'muslim', 'refugee']",2,"['muslimban', 'nobannowall', 'muslim', 'refugee', 'refugeeswelcome', 'ban', 'trump', 'people']","[824285978412118016, 825407030617849900, 826887871436951552]"
169,1,"['muslimban', 'trump', 'islam', 'donaldtrump', 'wahhabism', 'ban', 'usa', 'isis', 'terrorism', 'donald']",188,9,"['maga', 'muslimban', 'muslim', 'trump', 'travelban', 'americafirst', 'ban', 'country', 'islam', 'refugee', 'terrorist', 'usa', 'support', 'liberal', 'isis', 'immigrationban', 'tcot']",6,"['muslimban', 'nobannowall', 'trump', 'muslim', 'refugee']",2,"['muslimban', 'nobannowall', 'muslim', 'refugee', 'refugeeswelcome', 'ban', 'trump', 'people']","[810921504477184000, 823898698929340416, 825945285423722496, 826266721732423680, 826267946863427585, 826336652209569793, 827364695531220992]"
170,0,"['muslimban', 'trump', 'muslim', 'ban', 'nobannowall', 'refugee', 'refugeeswelcome', 'law', 'thcircuit', 'stand']",189,3,"['muslimban', 'nobannowall', 'muslim', 'refugee', 'trump']",10,"['nobannowall', 'muslimban', 'art_bxlart', 'refugeeswelcome', 'nomuslimban', 'ban']",2,"['muslimban', 'nobannowall', 'muslim', 'refugee', 'refugeeswelcome', 'ban', 'trump', 'people']","[28737527, 256624383, 825751565403238402]"
171,6,"['muslimban', 'nobannowall', 'immigration', 'tntweeter', 'uslatino', 'nomuslimban']",255,3,"['muslimban', 'nobannowall', 'muslim', 'refugee', 'trump']",10,"['nobannowall', 'muslimban', 'art_bxlart', 'refugeeswelcome', 'nomuslimban', 'ban']",2,"['muslimban', 'nobannowall', 'muslim', 'refugee', 'refugeeswelcome', 'ban', 'trump', 'people']","[3078355733, 826091470373404700, 826093225668726800, 826136373186936834, 826362538296123400, 826602456536797184, 826841987189862400]"
172,0,"['muslimban', 'trump', 'muslim', 'ban', 'nobannowall', 'refugee', 'refugeeswelcome', 'law', 'thcircuit', 'stand']",190,3,"['muslimban', 'nobannowall', 'muslim', 'refugee', 'trump']",6,"['muslimban', 'nobannowall', 'trump', 'muslim', 'refugee']",2,"['muslimban', 'nobannowall', 'muslim', 'refugee', 'refugeeswelcome', 'ban', 'trump', 'people']","[700661366064095200, 700661366064095232, 718561802787930100]"
173,0,"['muslimban', 'trump', 'muslim', 'ban', 'nobannowall', 'refugee', 'refugeeswelcome', 'law', 'thcircuit', 'stand']",191,3,"['muslimban', 'nobannowall', 'muslim', 'refugee', 'trump']",0,"['ban', 'trump', 'travel', 'trumps', 'donald', 'court', 'muslim', 'immigration', 'president', 'order', 'judge', 'white_house', 'appeal', 'federal']",2,"['muslimban', 'nobannowall', 'muslim', 'refugee', 'refugeeswelcome', 'ban', 'trump', 'people']","[1354570123, 815953820907958272, 818850758959493121]"
174,0,"['muslimban', 'trump', 'muslim', 'ban', 'nobannowall', 'refugee', 'refugeeswelcome', 'law', 'thcircuit', 'stand']",192,3,"['muslimban', 'nobannowall', 'muslim', 'refugee', 'trump']",6,"['muslimban', 'nobannowall', 'trump', 'muslim', 'refugee']",2,"['muslimban', 'nobannowall', 'muslim', 'refugee', 'refugeeswelcome', 'ban', 'trump', 'people']","[3359247453, 708895088416530400, 825317650481893376, 826864840010522624]"
175,11,"['ban', 'travel', 'trump', 'immigration', 'order', 'trumps', 'court', 'judge', 'president', 'appeal', 'federal', 'rule']",193,12,"['ban', 'trump', 'travel', 'immigration', 'trumps', 'order', 'court', 'muslim', 'judge', 'president', 'appeal', 'federal', 'block']",9,"['ban', 'travel', 'trump', 'immigration', 'order', 'court', 'trumps', 'president', 'judge', 'appeal', 'federal', 'halt']",3,"['ban', 'trump', 'travel', 'trumps', 'nomuslimban', 'protest', 'muslim']","[23477836, 700222688, 726770633867186176]"
176,11,"['ban', 'travel', 'trump', 'immigration', 'order', 'trumps', 'court', 'judge', 'president', 'appeal', 'federal', 'rule']",194,4,"['immigration', 'ban', 'order', 'travel', 'trump', 'president', 'judge', 'court', 'halt', 'executive', 'federal', 'country', 'poll', 'tweet']",4,"['ban', 'muslim', 'country', 'immigration', 'travelban', 'maga', 'order', 'comment_federal', 'tweet_message', 'judge', 'trump', 'refugee']",13,"['ban', 'travel', 'immigration', 'trump', 'order', 'judge', 'court', 'president', 'trumps']","[220565116, 356003130, 373018802]"
177,0,"['muslimban', 'trump', 'muslim', 'ban', 'nobannowall', 'refugee', 'refugeeswelcome', 'law', 'thcircuit', 'stand']",195,3,"['muslimban', 'nobannowall', 'muslim', 'refugee', 'trump']",10,"['nobannowall', 'muslimban', 'art_bxlart', 'refugeeswelcome', 'nomuslimban', 'ban']",1,"['ban', 'trump', 'travel', 'immigration', 'trumps', 'order', 'court', 'president', 'judge', 'muslim', 'white_house', 'appeal', 'federal', 'rule']","[489315957, 2786554249, 3313880639]"
178,11,"['ban', 'travel', 'trump', 'immigration', 'order', 'trumps', 'court', 'judge', 'president', 'appeal', 'federal', 'rule']",196,12,"['ban', 'trump', 'travel', 'immigration', 'trumps', 'order', 'court', 'muslim', 'judge', 'president', 'appeal', 'federal', 'block']",9,"['ban', 'travel', 'trump', 'immigration', 'order', 'court', 'trumps', 'president', 'judge', 'appeal', 'federal', 'halt']",1,"['ban', 'trump', 'travel', 'immigration', 'trumps', 'order', 'court', 'president', 'judge', 'muslim', 'white_house', 'appeal', 'federal', 'rule']","[111991658, 3111893971, 3300176232, 3532863973, 3607746313, 3886756453]"
179,0,"['muslimban', 'trump', 'muslim', 'ban', 'nobannowall', 'refugee', 'refugeeswelcome', 'law', 'thcircuit', 'stand']",197,0,"['resist', 'muslimban', 'theresistance', 'trumprussia', 'dworkinreport', 'trumpleak', 'trump', 'tie', 'nodapl', 'read', 'impeachtrump', 'flynn']",14,"['nobannowall', 'inmigracion_tntweeter', 'tntweeter', 'uslatino_heretostay', 'uslatino', 'uniteblue_notmore', 'immigration', 'uniteblue', 'heretostay', 'latism', 'inmigracion', 'nobannowall_latism', 'notmore', 'tntweeter_uslatino', 'theresistance', 'inmigracion_tntweeter_uslatino_heretostay', 'timeisnow_latism', 'niunomas', 'inmigracion_heretostay', 'uslatino_tntweeter', 'niunomas_nobannowall', 'resist', 'timeisnow', 'riseup', 'uniteblue_notmore_niunomas_nobannowall', 'neveragain_riseup']",0,"['muslimban', 'resist', 'theresistance', 'trumprussia', 'dworkinreport', 'trumpleak', 'trump', 'tie', 'read', 'nodapl', 'impeachtrump', 'flynn', 'resistance', 'amjoy']","[16156992, 17859339, 38995782, 824458268420476900]"
180,0,"['muslimban', 'trump', 'muslim', 'ban', 'nobannowall', 'refugee', 'refugeeswelcome', 'law', 'thcircuit', 'stand']",198,12,"['ban', 'trump', 'travel', 'immigration', 'trumps', 'order', 'court', 'muslim', 'judge', 'president', 'appeal', 'federal', 'block']",0,"['ban', 'trump', 'travel', 'trumps', 'donald', 'court', 'muslim', 'immigration', 'president', 'order', 'judge', 'white_house', 'appeal', 'federal']",13,"['ban', 'travel', 'immigration', 'trump', 'order', 'judge', 'court', 'president', 'trumps']","[18736204, 55622624, 733329383293751296]"
181,11,"['ban', 'travel', 'trump', 'immigration', 'order', 'trumps', 'court', 'judge', 'president', 'appeal', 'federal', 'rule']",199,12,"['ban', 'trump', 'travel', 'immigration', 'trumps', 'order', 'court', 'muslim', 'judge', 'president', 'appeal', 'federal', 'block']",9,"['ban', 'travel', 'trump', 'immigration', 'order', 'court', 'trumps', 'president', 'judge', 'appeal', 'federal', 'halt']",13,"['ban', 'travel', 'immigration', 'trump', 'order', 'judge', 'court', 'president', 'trumps']","[4362459267, 720548140986867700, 754501099533377536, 764493524154941440, 820733943137927200]"
182,11,"['ban', 'travel', 'trump', 'immigration', 'order', 'trumps', 'court', 'judge', 'president', 'appeal', 'federal', 'rule']",200,12,"['ban', 'trump', 'travel', 'immigration', 'trumps', 'order', 'court', 'muslim', 'judge', 'president', 'appeal', 'federal', 'block']",0,"['ban', 'trump', 'travel', 'trumps', 'donald', 'court', 'muslim', 'immigration', 'president', 'order', 'judge', 'white_house', 'appeal', 'federal']",1,"['ban', 'trump', 'travel', 'immigration', 'trumps', 'order', 'court', 'president', 'judge', 'muslim', 'white_house', 'appeal', 'federal', 'rule']","[34755143, 187670429, 326048983, 539296723]"
183,11,"['ban', 'travel', 'trump', 'immigration', 'order', 'trumps', 'court', 'judge', 'president', 'appeal', 'federal', 'rule']",201,12,"['ban', 'trump', 'travel', 'immigration', 'trumps', 'order', 'court', 'muslim', 'judge', 'president', 'appeal', 'federal', 'block']",9,"['ban', 'travel', 'trump', 'immigration', 'order', 'court', 'trumps', 'president', 'judge', 'appeal', 'federal', 'halt']",1,"['ban', 'trump', 'travel', 'immigration', 'trumps', 'order', 'court', 'president', 'judge', 'muslim', 'white_house', 'appeal', 'federal', 'rule']","[342789658, 1917411888, 2225149112, 3160436191, 785695115981357056]"
184,11,"['ban', 'travel', 'trump', 'immigration', 'order', 'trumps', 'court', 'judge', 'president', 'appeal', 'federal', 'rule']",202,12,"['ban', 'trump', 'travel', 'immigration', 'trumps', 'order', 'court', 'muslim', 'judge', 'president', 'appeal', 'federal', 'block']",4,"['ban', 'muslim', 'country', 'immigration', 'travelban', 'maga', 'order', 'comment_federal', 'tweet_message', 'judge', 'trump', 'refugee']",13,"['ban', 'travel', 'immigration', 'trump', 'order', 'judge', 'court', 'president', 'trumps']","[38126579, 716743071883341824, 814503149427826688]"
185,0,"['muslimban', 'trump', 'muslim', 'ban', 'nobannowall', 'refugee', 'refugeeswelcome', 'law', 'thcircuit', 'stand']",241,3,"['muslimban', 'nobannowall', 'muslim', 'refugee', 'trump']",10,"['nobannowall', 'muslimban', 'art_bxlart', 'refugeeswelcome', 'nomuslimban', 'ban']",2,"['muslimban', 'nobannowall', 'muslim', 'refugee', 'refugeeswelcome', 'ban', 'trump', 'people']","[18220818, 50168197, 1482677521, 816366184870219800, 818328964217249800]"
186,11,"['ban', 'travel', 'trump', 'immigration', 'order', 'trumps', 'court', 'judge', 'president', 'appeal', 'federal', 'rule']",204,12,"['ban', 'trump', 'travel', 'immigration', 'trumps', 'order', 'court', 'muslim', 'judge', 'president', 'appeal', 'federal', 'block']",4,"['ban', 'muslim', 'country', 'immigration', 'travelban', 'maga', 'order', 'comment_federal', 'tweet_message', 'judge', 'trump', 'refugee']",13,"['ban', 'travel', 'immigration', 'trump', 'order', 'judge', 'court', 'president', 'trumps']","[88951664, 720008230412410885, 720008230412410900]"
187,0,"['muslimban', 'trump', 'muslim', 'ban', 'nobannowall', 'refugee', 'refugeeswelcome', 'law', 'thcircuit', 'stand']",252,12,"['ban', 'trump', 'travel', 'immigration', 'trumps', 'order', 'court', 'muslim', 'judge', 'president', 'appeal', 'federal', 'block']",0,"['ban', 'trump', 'travel', 'trumps', 'donald', 'court', 'muslim', 'immigration', 'president', 'order', 'judge', 'white_house', 'appeal', 'federal']",2,"['muslimban', 'nobannowall', 'muslim', 'refugee', 'refugeeswelcome', 'ban', 'trump', 'people']","[76093, 24854898, 3220868690]"
188,0,"['muslimban', 'trump', 'muslim', 'ban', 'nobannowall', 'refugee', 'refugeeswelcome', 'law', 'thcircuit', 'stand']",206,3,"['muslimban', 'nobannowall', 'muslim', 'refugee', 'trump']",0,"['ban', 'trump', 'travel', 'trumps', 'donald', 'court', 'muslim', 'immigration', 'president', 'order', 'judge', 'white_house', 'appeal', 'federal']",8,"['travelban', 'maga', 'art_bxlart', 'trump', 'banislam_bansharia', 'immigrationban', 'payment', 'muslim', 'isis_sendthemback', 'banislam', 'noamnesty_deportterrorist', 'noamnesty']","[20738289, 782571303798771716, 823689986373455873]"
189,6,"['muslimban', 'nobannowall', 'immigration', 'tntweeter', 'uslatino', 'nomuslimban']",207,3,"['muslimban', 'nobannowall', 'muslim', 'refugee', 'trump']",4,"['ban', 'muslim', 'country', 'immigration', 'travelban', 'maga', 'order', 'comment_federal', 'tweet_message', 'judge', 'trump', 'refugee']",2,"['muslimban', 'nobannowall', 'muslim', 'refugee', 'refugeeswelcome', 'ban', 'trump', 'people']","[16174163, 48111419, 374932849]"
190,11,"['ban', 'travel', 'trump', 'immigration', 'order', 'trumps', 'court', 'judge', 'president', 'appeal', 'federal', 'rule']",208,12,"['ban', 'trump', 'travel', 'immigration', 'trumps', 'order', 'court', 'muslim', 'judge', 'president', 'appeal', 'federal', 'block']",9,"['ban', 'travel', 'trump', 'immigration', 'order', 'court', 'trumps', 'president', 'judge', 'appeal', 'federal', 'halt']",1,"['ban', 'trump', 'travel', 'immigration', 'trumps', 'order', 'court', 'president', 'judge', 'muslim', 'white_house', 'appeal', 'federal', 'rule']","[14085040, 15736836, 118362962]"
191,0,"['muslimban', 'trump', 'muslim', 'ban', 'nobannowall', 'refugee', 'refugeeswelcome', 'law', 'thcircuit', 'stand']",209,3,"['muslimban', 'nobannowall', 'muslim', 'refugee', 'trump']",6,"['muslimban', 'nobannowall', 'trump', 'muslim', 'refugee']",0,"['muslimban', 'resist', 'theresistance', 'trumprussia', 'dworkinreport', 'trumpleak', 'trump', 'tie', 'read', 'nodapl', 'impeachtrump', 'flynn', 'resistance', 'amjoy']","[100185915, 440724583, 1328672311]"
192,11,"['ban', 'travel', 'trump', 'immigration', 'order', 'trumps', 'court', 'judge', 'president', 'appeal', 'federal', 'rule']",239,12,"['ban', 'trump', 'travel', 'immigration', 'trumps', 'order', 'court', 'muslim', 'judge', 'president', 'appeal', 'federal', 'block']",9,"['ban', 'travel', 'trump', 'immigration', 'order', 'court', 'trumps', 'president', 'judge', 'appeal', 'federal', 'halt']",1,"['ban', 'trump', 'travel', 'immigration', 'trumps', 'order', 'court', 'president', 'judge', 'muslim', 'white_house', 'appeal', 'federal', 'rule']","[374102346, 544874430, 1327843160]"
193,11,"['ban', 'travel', 'trump', 'immigration', 'order', 'trumps', 'court', 'judge', 'president', 'appeal', 'federal', 'rule']",210,12,"['ban', 'trump', 'travel', 'immigration', 'trumps', 'order', 'court', 'muslim', 'judge', 'president', 'appeal', 'federal', 'block']",9,"['ban', 'travel', 'trump', 'immigration', 'order', 'court', 'trumps', 'president', 'judge', 'appeal', 'federal', 'halt']",13,"['ban', 'travel', 'immigration', 'trump', 'order', 'judge', 'court', 'president', 'trumps']","[938847229, 776108269526016000, 778699826636529672]"
194,0,"['muslimban', 'trump', 'muslim', 'ban', 'nobannowall', 'refugee', 'refugeeswelcome', 'law', 'thcircuit', 'stand']",211,3,"['muslimban', 'nobannowall', 'muslim', 'refugee', 'trump']",6,"['muslimban', 'nobannowall', 'trump', 'muslim', 'refugee']",2,"['muslimban', 'nobannowall', 'muslim', 'refugee', 'refugeeswelcome', 'ban', 'trump', 'people']","[24677397, 1619798160, 2577636960]"
195,11,"['ban', 'travel', 'trump', 'immigration', 'order', 'trumps', 'court', 'judge', 'president', 'appeal', 'federal', 'rule']",212,12,"['ban', 'trump', 'travel', 'immigration', 'trumps', 'order', 'court', 'muslim', 'judge', 'president', 'appeal', 'federal', 'block']",9,"['ban', 'travel', 'trump', 'immigration', 'order', 'court', 'trumps', 'president', 'judge', 'appeal', 'federal', 'halt']",1,"['ban', 'trump', 'travel', 'immigration', 'trumps', 'order', 'court', 'president', 'judge', 'muslim', 'white_house', 'appeal', 'federal', 'rule']","[294176860, 1017498714, 3948602175]"
196,0,"['muslimban', 'trump', 'muslim', 'ban', 'nobannowall', 'refugee', 'refugeeswelcome', 'law', 'thcircuit', 'stand']",213,3,"['muslimban', 'nobannowall', 'muslim', 'refugee', 'trump']",10,"['nobannowall', 'muslimban', 'art_bxlart', 'refugeeswelcome', 'nomuslimban', 'ban']",2,"['muslimban', 'nobannowall', 'muslim', 'refugee', 'refugeeswelcome', 'ban', 'trump', 'people']","[236494277, 2174771983, 806879544279871488]"
197,0,"['muslimban', 'trump', 'muslim', 'ban', 'nobannowall', 'refugee', 'refugeeswelcome', 'law', 'thcircuit', 'stand']",214,3,"['muslimban', 'nobannowall', 'muslim', 'refugee', 'trump']",10,"['nobannowall', 'muslimban', 'art_bxlart', 'refugeeswelcome', 'nomuslimban', 'ban']",3,"['ban', 'trump', 'travel', 'trumps', 'nomuslimban', 'protest', 'muslim']","[34324848, 1122139278, 1877233567, 3066762662]"
198,6,"['muslimban', 'nobannowall', 'immigration', 'tntweeter', 'uslatino', 'nomuslimban']",215,9,"['maga', 'muslimban', 'muslim', 'trump', 'travelban', 'americafirst', 'ban', 'country', 'islam', 'refugee', 'terrorist', 'usa', 'support', 'liberal', 'isis', 'immigrationban', 'tcot']",6,"['muslimban', 'nobannowall', 'trump', 'muslim', 'refugee']",2,"['muslimban', 'nobannowall', 'muslim', 'refugee', 'refugeeswelcome', 'ban', 'trump', 'people']","[194594772, 2240363596, 723177144470409216, 805968799031758849]"
199,11,"['ban', 'travel', 'trump', 'immigration', 'order', 'trumps', 'court', 'judge', 'president', 'appeal', 'federal', 'rule']",247,12,"['ban', 'trump', 'travel', 'immigration', 'trumps', 'order', 'court', 'muslim', 'judge', 'president', 'appeal', 'federal', 'block']",0,"['ban', 'trump', 'travel', 'trumps', 'donald', 'court', 'muslim', 'immigration', 'president', 'order', 'judge', 'white_house', 'appeal', 'federal']",1,"['ban', 'trump', 'travel', 'immigration', 'trumps', 'order', 'court', 'president', 'judge', 'muslim', 'white_house', 'appeal', 'federal', 'rule']","[20366290, 413407657, 815238459002654700]"
200,11,"['ban', 'travel', 'trump', 'immigration', 'order', 'trumps', 'court', 'judge', 'president', 'appeal', 'federal', 'rule']",235,12,"['ban', 'trump', 'travel', 'immigration', 'trumps', 'order', 'court', 'muslim', 'judge', 'president', 'appeal', 'federal', 'block']",0,"['ban', 'trump', 'travel', 'trumps', 'donald', 'court', 'muslim', 'immigration', 'president', 'order', 'judge', 'white_house', 'appeal', 'federal']",1,"['ban', 'trump', 'travel', 'immigration', 'trumps', 'order', 'court', 'president', 'judge', 'muslim', 'white_house', 'appeal', 'federal', 'rule']","[4862290919, 820618828103159800, 824089961905397800]"
201,11,"['ban', 'travel', 'trump', 'immigration', 'order', 'trumps', 'court', 'judge', 'president', 'appeal', 'federal', 'rule']",216,12,"['ban', 'trump', 'travel', 'immigration', 'trumps', 'order', 'court', 'muslim', 'judge', 'president', 'appeal', 'federal', 'block']",4,"['ban', 'muslim', 'country', 'immigration', 'travelban', 'maga', 'order', 'comment_federal', 'tweet_message', 'judge', 'trump', 'refugee']",13,"['ban', 'travel', 'immigration', 'trump', 'order', 'judge', 'court', 'president', 'trumps']","[2197192819, 2456233212, 3414404293]"
202,11,"['ban', 'travel', 'trump', 'immigration', 'order', 'trumps', 'court', 'judge', 'president', 'appeal', 'federal', 'rule']",218,3,"['muslimban', 'nobannowall', 'muslim', 'refugee', 'trump']",0,"['ban', 'trump', 'travel', 'trumps', 'donald', 'court', 'muslim', 'immigration', 'president', 'order', 'judge', 'white_house', 'appeal', 'federal']",2,"['muslimban', 'nobannowall', 'muslim', 'refugee', 'refugeeswelcome', 'ban', 'trump', 'people']","[473052225, 1957630069, 738743669801508900, 806483339729338368]"
203,0,"['muslimban', 'trump', 'muslim', 'ban', 'nobannowall', 'refugee', 'refugeeswelcome', 'law', 'thcircuit', 'stand']",220,3,"['muslimban', 'nobannowall', 'muslim', 'refugee', 'trump']",0,"['ban', 'trump', 'travel', 'trumps', 'donald', 'court', 'muslim', 'immigration', 'president', 'order', 'judge', 'white_house', 'appeal', 'federal']",1,"['ban', 'trump', 'travel', 'immigration', 'trumps', 'order', 'court', 'president', 'judge', 'muslim', 'white_house', 'appeal', 'federal', 'rule']","[30180284, 50816050, 2969992499]"
204,0,"['muslimban', 'trump', 'muslim', 'ban', 'nobannowall', 'refugee', 'refugeeswelcome', 'law', 'thcircuit', 'stand']",221,3,"['muslimban', 'nobannowall', 'muslim', 'refugee', 'trump']",10,"['nobannowall', 'muslimban', 'art_bxlart', 'refugeeswelcome', 'nomuslimban', 'ban']",1,"['ban', 'trump', 'travel', 'immigration', 'trumps', 'order', 'court', 'president', 'judge', 'muslim', 'white_house', 'appeal', 'federal', 'rule']","[301580029, 518740542, 1978549290, 816740064495620100]"
205,11,"['ban', 'travel', 'trump', 'immigration', 'order', 'trumps', 'court', 'judge', 'president', 'appeal', 'federal', 'rule']",223,12,"['ban', 'trump', 'travel', 'immigration', 'trumps', 'order', 'court', 'muslim', 'judge', 'president', 'appeal', 'federal', 'block']",9,"['ban', 'travel', 'trump', 'immigration', 'order', 'court', 'trumps', 'president', 'judge', 'appeal', 'federal', 'halt']",1,"['ban', 'trump', 'travel', 'immigration', 'trumps', 'order', 'court', 'president', 'judge', 'muslim', 'white_house', 'appeal', 'federal', 'rule']","[15375209, 15872418, 250529087]"
206,0,"['muslimban', 'trump', 'muslim', 'ban', 'nobannowall', 'refugee', 'refugeeswelcome', 'law', 'thcircuit', 'stand']",224,3,"['muslimban', 'nobannowall', 'muslim', 'refugee', 'trump']",10,"['nobannowall', 'muslimban', 'art_bxlart', 'refugeeswelcome', 'nomuslimban', 'ban']",2,"['muslimban', 'nobannowall', 'muslim', 'refugee', 'refugeeswelcome', 'ban', 'trump', 'people']","[2548751449, 3519523275, 822408697213239300]"
207,11,"['ban', 'travel', 'trump', 'immigration', 'order', 'trumps', 'court', 'judge', 'president', 'appeal', 'federal', 'rule']",225,12,"['ban', 'trump', 'travel', 'immigration', 'trumps', 'order', 'court', 'muslim', 'judge', 'president', 'appeal', 'federal', 'block']",0,"['ban', 'trump', 'travel', 'trumps', 'donald', 'court', 'muslim', 'immigration', 'president', 'order', 'judge', 'white_house', 'appeal', 'federal']",2,"['muslimban', 'nobannowall', 'muslim', 'refugee', 'refugeeswelcome', 'ban', 'trump', 'people']","[3402097235, 713564619483164672, 725870553853100032]"
208,0,"['muslimban', 'trump', 'muslim', 'ban', 'nobannowall', 'refugee', 'refugeeswelcome', 'law', 'thcircuit', 'stand']",226,3,"['muslimban', 'nobannowall', 'muslim', 'refugee', 'trump']",0,"['ban', 'trump', 'travel', 'trumps', 'donald', 'court', 'muslim', 'immigration', 'president', 'order', 'judge', 'white_house', 'appeal', 'federal']",2,"['muslimban', 'nobannowall', 'muslim', 'refugee', 'refugeeswelcome', 'ban', 'trump', 'people']","[3070465286, 3355995095, 4065570080, 813037940704153600]"
209,5,"['resist', 'muslimban', 'theresistance', 'trumprussia', 'dworkinreport', 'trumpleak', 'trump', 'tie', 'nodapl', 'read', 'impeachtrump', 'flynn']",227,0,"['resist', 'muslimban', 'theresistance', 'trumprussia', 'dworkinreport', 'trumpleak', 'trump', 'tie', 'nodapl', 'read', 'impeachtrump', 'flynn']",12,"['resist', 'muslimban', 'theresistance', 'trumprussia', 'dworkinreport', 'trumpleak', 'trump', 'tie', 'read', 'nodapl', 'impeachtrump', 'flynn', 'resistance']",0,"['muslimban', 'resist', 'theresistance', 'trumprussia', 'dworkinreport', 'trumpleak', 'trump', 'tie', 'read', 'nodapl', 'impeachtrump', 'flynn', 'resistance', 'amjoy']","[1659800905, 830373537110228995, 830373537110229000]"
210,11,"['ban', 'travel', 'trump', 'immigration', 'order', 'trumps', 'court', 'judge', 'president', 'appeal', 'federal', 'rule']",228,12,"['ban', 'trump', 'travel', 'immigration', 'trumps', 'order', 'court', 'muslim', 'judge', 'president', 'appeal', 'federal', 'block']",0,"['ban', 'trump', 'travel', 'trumps', 'donald', 'court', 'muslim', 'immigration', 'president', 'order', 'judge', 'white_house', 'appeal', 'federal']",1,"['ban', 'trump', 'travel', 'immigration', 'trumps', 'order', 'court', 'president', 'judge', 'muslim', 'white_house', 'appeal', 'federal', 'rule']","[378004583, 4898366206, 759999409178366000]"
211,11,"['ban', 'travel', 'trump', 'immigration', 'order', 'trumps', 'court', 'judge', 'president', 'appeal', 'federal', 'rule']",229,12,"['ban', 'trump', 'travel', 'immigration', 'trumps', 'order', 'court', 'muslim', 'judge', 'president', 'appeal', 'federal', 'block']",9,"['ban', 'travel', 'trump', 'immigration', 'order', 'court', 'trumps', 'president', 'judge', 'appeal', 'federal', 'halt']",1,"['ban', 'trump', 'travel', 'immigration', 'trumps', 'order', 'court', 'president', 'judge', 'muslim', 'white_house', 'appeal', 'federal', 'rule']","[26773353, 599857189, 4759057768]"
212,0,"['muslimban', 'trump', 'muslim', 'ban', 'nobannowall', 'refugee', 'refugeeswelcome', 'law', 'thcircuit', 'stand']",230,3,"['muslimban', 'nobannowall', 'muslim', 'refugee', 'trump']",6,"['muslimban', 'nobannowall', 'trump', 'muslim', 'refugee']",2,"['muslimban', 'nobannowall', 'muslim', 'refugee', 'refugeeswelcome', 'ban', 'trump', 'people']","[731118334561947600, 817862334614044672, 826812832582946817]"
213,0,"['muslimban', 'trump', 'muslim', 'ban', 'nobannowall', 'refugee', 'refugeeswelcome', 'law', 'thcircuit', 'stand']",231,3,"['muslimban', 'nobannowall', 'muslim', 'refugee', 'trump']",10,"['nobannowall', 'muslimban', 'art_bxlart', 'refugeeswelcome', 'nomuslimban', 'ban']",2,"['muslimban', 'nobannowall', 'muslim', 'refugee', 'refugeeswelcome', 'ban', 'trump', 'people']","[208711400, 242463076, 4699304792]"
214,0,"['muslimban', 'trump', 'muslim', 'ban', 'nobannowall', 'refugee', 'refugeeswelcome', 'law', 'thcircuit', 'stand']",233,3,"['muslimban', 'nobannowall', 'muslim', 'refugee', 'trump']",0,"['ban', 'trump', 'travel', 'trumps', 'donald', 'court', 'muslim', 'immigration', 'president', 'order', 'judge', 'white_house', 'appeal', 'federal']",2,"['muslimban', 'nobannowall', 'muslim', 'refugee', 'refugeeswelcome', 'ban', 'trump', 'people']","[585341968, 2876051585, 2876194565]"
215,0,"['muslimban', 'trump', 'muslim', 'ban', 'nobannowall', 'refugee', 'refugeeswelcome', 'law', 'thcircuit', 'stand']",234,3,"['muslimban', 'nobannowall', 'muslim', 'refugee', 'trump']",6,"['muslimban', 'nobannowall', 'trump', 'muslim', 'refugee']",2,"['muslimban', 'nobannowall', 'muslim', 'refugee', 'refugeeswelcome', 'ban', 'trump', 'people']","[1360077103, 2595075732, 3102592241]"
216,11,"['ban', 'travel', 'trump', 'immigration', 'order', 'trumps', 'court', 'judge', 'president', 'appeal', 'federal', 'rule']",240,3,"['muslimban', 'nobannowall', 'muslim', 'refugee', 'trump']",0,"['ban', 'trump', 'travel', 'trumps', 'donald', 'court', 'muslim', 'immigration', 'president', 'order', 'judge', 'white_house', 'appeal', 'federal']",13,"['ban', 'travel', 'immigration', 'trump', 'order', 'judge', 'court', 'president', 'trumps']","[1365245598, 721421306852298800, 737061962614329344, 743430370662617088]"
217,11,"['ban', 'travel', 'trump', 'immigration', 'order', 'trumps', 'court', 'judge', 'president', 'appeal', 'federal', 'rule']",244,12,"['ban', 'trump', 'travel', 'immigration', 'trumps', 'order', 'court', 'muslim', 'judge', 'president', 'appeal', 'federal', 'block']",0,"['ban', 'trump', 'travel', 'trumps', 'donald', 'court', 'muslim', 'immigration', 'president', 'order', 'judge', 'white_house', 'appeal', 'federal']",1,"['ban', 'trump', 'travel', 'immigration', 'trumps', 'order', 'court', 'president', 'judge', 'muslim', 'white_house', 'appeal', 'federal', 'rule']","[2530140846, 2816849778, 3577871723]"
218,0,"['muslimban', 'trump', 'muslim', 'ban', 'nobannowall', 'refugee', 'refugeeswelcome', 'law', 'thcircuit', 'stand']",245,12,"['ban', 'trump', 'travel', 'immigration', 'trumps', 'order', 'court', 'muslim', 'judge', 'president', 'appeal', 'federal', 'block']",0,"['ban', 'trump', 'travel', 'trumps', 'donald', 'court', 'muslim', 'immigration', 'president', 'order', 'judge', 'white_house', 'appeal', 'federal']",3,"['ban', 'trump', 'travel', 'trumps', 'nomuslimban', 'protest', 'muslim']","[2943704976, 777651801839378400, 828737973784948736]"
219,0,"['muslimban', 'trump', 'muslim', 'ban', 'nobannowall', 'refugee', 'refugeeswelcome', 'law', 'thcircuit', 'stand']",246,3,"['muslimban', 'nobannowall', 'muslim', 'refugee', 'trump']",6,"['muslimban', 'nobannowall', 'trump', 'muslim', 'refugee']",2,"['muslimban', 'nobannowall', 'muslim', 'refugee', 'refugeeswelcome', 'ban', 'trump', 'people']","[3249051822, 4585824614, 4882200414]"
220,11,"['ban', 'travel', 'trump', 'immigration', 'order', 'trumps', 'court', 'judge', 'president', 'appeal', 'federal', 'rule']",248,12,"['ban', 'trump', 'travel', 'immigration', 'trumps', 'order', 'court', 'muslim', 'judge', 'president', 'appeal', 'federal', 'block']",0,"['ban', 'trump', 'travel', 'trumps', 'donald', 'court', 'muslim', 'immigration', 'president', 'order', 'judge', 'white_house', 'appeal', 'federal']",1,"['ban', 'trump', 'travel', 'immigration', 'trumps', 'order', 'court', 'president', 'judge', 'muslim', 'white_house', 'appeal', 'federal', 'rule']","[2369186394, 2993167586, 3004622540]"
221,11,"['ban', 'travel', 'trump', 'immigration', 'order', 'trumps', 'court', 'judge', 'president', 'appeal', 'federal', 'rule']",249,12,"['ban', 'trump', 'travel', 'immigration', 'trumps', 'order', 'court', 'muslim', 'judge', 'president', 'appeal', 'federal', 'block']",9,"['ban', 'travel', 'trump', 'immigration', 'order', 'court', 'trumps', 'president', 'judge', 'appeal', 'federal', 'halt']",1,"['ban', 'trump', 'travel', 'immigration', 'trumps', 'order', 'court', 'president', 'judge', 'muslim', 'white_house', 'appeal', 'federal', 'rule']","[16248209, 1523670222, 747234744857825280]"
222,6,"['muslimban', 'nobannowall', 'immigration', 'tntweeter', 'uslatino', 'nomuslimban']",250,3,"['muslimban', 'nobannowall', 'muslim', 'refugee', 'trump']",10,"['nobannowall', 'muslimban', 'art_bxlart', 'refugeeswelcome', 'nomuslimban', 'ban']",3,"['ban', 'trump', 'travel', 'trumps', 'nomuslimban', 'protest', 'muslim']","[23236250, 2302866931, 762499712729526300]"
223,11,"['ban', 'travel', 'trump', 'immigration', 'order', 'trumps', 'court', 'judge', 'president', 'appeal', 'federal', 'rule']",253,12,"['ban', 'trump', 'travel', 'immigration', 'trumps', 'order', 'court', 'muslim', 'judge', 'president', 'appeal', 'federal', 'block']",0,"['ban', 'trump', 'travel', 'trumps', 'donald', 'court', 'muslim', 'immigration', 'president', 'order', 'judge', 'white_house', 'appeal', 'federal']",1,"['ban', 'trump', 'travel', 'immigration', 'trumps', 'order', 'court', 'president', 'judge', 'muslim', 'white_house', 'appeal', 'federal', 'rule']","[2304694279, 705297432444162048, 705304099588182018]"
224,6,"['muslimban', 'nobannowall', 'immigration', 'tntweeter', 'uslatino', 'nomuslimban']",254,3,"['muslimban', 'nobannowall', 'muslim', 'refugee', 'trump']",10,"['nobannowall', 'muslimban', 'art_bxlart', 'refugeeswelcome', 'nomuslimban', 'ban']",2,"['muslimban', 'nobannowall', 'muslim', 'refugee', 'refugeeswelcome', 'ban', 'trump', 'people']","[825290342891151360, 825684352545730600, 825741394723663900, 826091470373404672]"
