absolute_community,absolute_unigram_topic,absolute_unigram_keywords,weighted_community,weighted_unigram_topic,weighted_unigram_keywords,absolute_bigram_topic,absolute_bigram_keywords,weighted_bigram_topic,weighted_bigram_keywords,members,all_keywords,absolute_keywords,weighted_keywords,general_theme_gpt,general_theme_names,absolute_theme_gpt,absolute_theme_names,weighted_theme_gpt,weighted_theme_names
0,1,"['ban', 'trump', 'immigration', 'travel', 'trumps', 'donald', 'order', 'president', 'fire', 'muslim', 'state', 'general', 'attorney', 'defend', 'official']",0,11,"['trump', 'ban', 'resist', 'muslimban', 'immigration', 'trumpleak', 'travel', 'theresistance', 'trumps', 'order', 'nobannowall', 'impeachtrump', 'president', 'resistance', 'stopsession', 'muslim']",6,"['ban', 'travel', 'trump', 'trumps', 'immigration', 'president', 'order', 'executive_order', 'sally_yate', 'attorney_general', 'protest']",14,"['ban', 'trump', 'muslimban', 'immigration', 'muslim', 'trumps', 'travel', 'order', 'executive_order', 'protest', 'president']","[29442313, 773971417234890753, 777158905688449028]","ban,trump,immigration,travel,trumps,donald,order,president,fire,muslim,state,general,attorney,defend,official,executive_order,sally_yate,attorney_general,protest,resist,muslimban,trumpleak,theresistance,nobannowall,impeachtrump,resistance,stopsession","ban,trump,immigration,travel,trumps,donald,order,president,fire,muslim,state,general,attorney,defend,official,executive_order,sally_yate,attorney_general,protest","trump,ban,resist,muslimban,immigration,trumpleak,travel,theresistance,trumps,order,nobannowall,impeachtrump,president,resistance,stopsession,muslim,executive_order,protest","{'US Immigration Policy': ['ban', 'immigration', 'travel', 'order', 'executive_order', 'muslimban', 'nobannowall'], 'Trump Administration': ['trump', 'trumps', 'donald', 'president', 'fire', 'official', 'trumpleak', 'impeachtrump'], 'Legal and Political Resistance': ['state', 'general', 'attorney', 'defend', 'sally_yate', 'attorney_general', 'protest', 'resist', 'theresistance', 'resistance', 'stopsession']}",US Immigration Policy.Trump Administration.Legal and Political Resistance,"{""Trump's Immigration and Travel Ban"": ['ban', 'trump', 'immigration', 'travel', 'trumps', 'donald', 'order', 'president', 'executive_order'], 'Controversy and Legal Challenges': ['fire', 'muslim', 'state', 'general', 'attorney', 'defend', 'official', 'sally_yate', 'attorney_general', 'protest']}",Trump's Immigration and Travel Ban.Controversy and Legal Challenges,"{'US Immigration Policy and Protests': 'trump, ban, resist, muslimban, immigration, travel, theresistance, trumps, order, nobannowall, president, resistance, muslim, executive_order, protest', 'Political Opposition to Trump': 'trumpleak, impeachtrump, stopsession'}",US Immigration Policy and Protests.Political Opposition to Trump
4,7,"['short', 'muslimban', 'goal', 'leave', 'fake', 'bannon', 'guy', 'protester', 'tear', 'flashpoint', 'yrs', 'division', 'good', 'member', 'unconstitutional', 'draft', 'purpose']",69,14,"['ban', 'muslimban', 'muslim', 'trump', 'travel', 'trumps', 'immigration', 'order', 'refugee', 'support', 'country', 'people']",14,"['ban', 'muslim', 'americans_support', 'travel', 'trumps', 'do_not', 'support', 'americans']",14,"['ban', 'trump', 'muslimban', 'immigration', 'muslim', 'trumps', 'travel', 'order', 'executive_order', 'protest', 'president']","[15837659, 36538396, 58808888, 130617778, 134971995, 269348217, 1888341020, 2148326197, 2844693572, 2980312240, 768140059497365504, 803053854325542912]","short,muslimban,goal,leave,fake,bannon,guy,protester,tear,flashpoint,yrs,division,good,member,unconstitutional,draft,purpose,ban,muslim,americans_support,travel,trumps,do_not,support,americans,trump,immigration,order,refugee,country,people,executive_order,protest,president","short,muslimban,goal,leave,fake,bannon,guy,protester,tear,flashpoint,yrs,division,good,member,unconstitutional,draft,purpose,ban,muslim,americans_support,travel,trumps,do_not,support,americans","ban,muslimban,muslim,trump,travel,trumps,immigration,order,refugee,support,country,people,executive_order,protest,president","{""Theme: Trump's Immigration Policies"": 'muslimban, ban, travel, trumps, immigration, order, refugee, country, executive_order, president', 'Theme: Public Reaction and Division': 'protester, protest, americans_support, do_not, support, americans, division, unconstitutional, flashpoint', 'Theme: Key Figures and Controversies': 'bannon, fake, draft, purpose, short, goal, leave, guy, tear, yrs, good, member'}",Theme: Trump's Immigration Policies.Theme: Public Reaction and Division.Theme: Key Figures and Controversies,"{""Trump's Travel Ban Controversy"": ['muslimban', 'ban', 'muslim', 'travel', 'trumps', 'unconstitutional', 'americans_support', 'do_not', 'support', 'americans'], 'Political Division and Protest': ['protester', 'division', 'flashpoint', 'tear', 'bannon', 'fake', 'good', 'member', 'goal', 'leave', 'short', 'guy', 'yrs', 'draft', 'purpose']}",Trump's Travel Ban Controversy.Political Division and Protest,"{'US Immigration Policy and Controversy': ['ban', 'muslimban', 'muslim', 'trump', 'travel', 'trumps', 'immigration', 'order', 'refugee', 'support', 'country', 'people', 'executive_order', 'protest', 'president']}",US Immigration Policy and Controversy
10,3,"['muslimban', 'muslim', 'trump', 'ban', 'heartland', 'refuge', 'people', 'refugee', 'america', 'order', 'protest', 'vote', 'country']",6,14,"['ban', 'muslimban', 'muslim', 'trump', 'travel', 'trumps', 'immigration', 'order', 'refugee', 'support', 'country', 'people']",11,"['muslimban', 'studentban', 'nobannowall', 'notbanstudentvisa', 'worth_worldwide', 'iranian_student', 'notbanstudentvisa_studentban', 'studentban_plz', 'beautiful_mind', 'letthemin_respect', 'studentban_notbanstudentvisa', 'letthemin', 'notaterrorist_studentban', 'support', 'respect']",4,"['muslimban', 'ban', 'travel', 'muslim', 'trump', 'maga', 'migrant_europe', 'americans_support', 'trumps', 'foxnew_breitbart', 'maga_vet', 'refugee', 'support', 'americans']","[61374952, 1374510187, 1471218535, 1489867182, 2903325074, 4272870988, 756828470550859776, 766701225291251712, 790284844739629056, 812435736146350081, 824069683607310337]","muslimban,muslim,trump,ban,heartland,refuge,people,refugee,america,order,protest,vote,country,studentban,nobannowall,notbanstudentvisa,worth_worldwide,iranian_student,notbanstudentvisa_studentban,studentban_plz,beautiful_mind,letthemin_respect,studentban_notbanstudentvisa,letthemin,notaterrorist_studentban,support,respect,travel,trumps,immigration,maga,migrant_europe,americans_support,foxnew_breitbart,maga_vet,americans","muslimban,muslim,trump,ban,heartland,refuge,people,refugee,america,order,protest,vote,country,studentban,nobannowall,notbanstudentvisa,worth_worldwide,iranian_student,notbanstudentvisa_studentban,studentban_plz,beautiful_mind,letthemin_respect,studentban_notbanstudentvisa,letthemin,notaterrorist_studentban,support,respect","ban,muslimban,muslim,trump,travel,trumps,immigration,order,refugee,support,country,people,maga,migrant_europe,americans_support,foxnew_breitbart,maga_vet,americans","{'Travel Ban and Immigration Policies': 'muslimban, muslim, trump, ban, heartland, refuge, people, refugee, america, order, protest, vote, country, studentban, nobannowall, notbanstudentvisa, worth_worldwide, iranian_student, notbanstudentvisa_studentban, studentban_plz, beautiful_mind, letthemin_respect, studentban_notbanstudentvisa, letthemin, notaterrorist_studentban, support, respect, travel, trumps, immigration, maga, migrant_europe, americans_support, foxnew_breitbart, maga_vet, americans'}",Travel Ban and Immigration Policies,"{'Travel and Immigration Restrictions': ['muslimban', 'ban', 'studentban', 'studentban_notbanstudentvisa', 'notbanstudentvisa', 'notbanstudentvisa_studentban', 'studentban_plz', 'notaterrorist_studentban', 'iranian_student', 'letthemin', 'letthemin_respect', 'nobannowall'], 'Political and Social Response': ['trump', 'order', 'protest', 'vote', 'support', 'respect'], 'Impact on People and Communities': ['muslim', 'refuge', 'people', 'refugee', 'america', 'country', 'heartland', 'worth_worldwide', 'beautiful_mind']}",Travel and Immigration Restrictions.Political and Social Response.Impact on People and Communities,"{'US Immigration Policy': ['ban', 'muslimban', 'muslim', 'trump', 'travel', 'trumps', 'immigration', 'order', 'refugee', 'support', 'country', 'people', 'maga', 'americans_support', 'foxnew_breitbart', 'maga_vet', 'americans'], 'European Migration': ['migrant_europe']}",US Immigration Policy.European Migration
14,3,"['muslimban', 'muslim', 'trump', 'ban', 'heartland', 'refuge', 'people', 'refugee', 'america', 'order', 'protest', 'vote', 'country']",11,14,"['ban', 'muslimban', 'muslim', 'trump', 'travel', 'trumps', 'immigration', 'order', 'refugee', 'support', 'country', 'people']",3,"['muslim', 'america_heartland', 'ban', 'america', 'muslimban', 'trump', 'seek', 'heartland', 'refuge', 'seek_refuge', 'nobannowall', 'seek_refuge_america_heartland', 'people', 'refugee', 'executive_order', 'student']",14,"['ban', 'trump', 'muslimban', 'immigration', 'muslim', 'trumps', 'travel', 'order', 'executive_order', 'protest', 'president']","[121817564, 2396355364, 3391168425]","muslimban,muslim,trump,ban,heartland,refuge,people,refugee,america,order,protest,vote,country,america_heartland,seek,seek_refuge,nobannowall,seek_refuge_america_heartland,executive_order,student,travel,trumps,immigration,support,president","muslimban,muslim,trump,ban,heartland,refuge,people,refugee,america,order,protest,vote,country,america_heartland,seek,seek_refuge,nobannowall,seek_refuge_america_heartland,executive_order,student","ban,muslimban,muslim,trump,travel,trumps,immigration,order,refugee,support,country,people,executive_order,protest,president","{'US Immigration Policy': 'muslimban, muslim, trump, ban, executive_order, immigration, president, trumps', 'Public Reaction and Protest': 'protest, vote, support, nobannowall', 'Refuge and Asylum': 'refuge, people, refugee, seek, seek_refuge, seek_refuge_america_heartland', 'Impact on America': 'america, america_heartland, heartland, country', 'Travel and Education': 'student, travel, order'}",US Immigration Policy.Public Reaction and Protest.Refuge and Asylum.Impact on America.Travel and Education,"{'US Immigration Policy and Protests': ['muslimban', 'muslim', 'trump', 'ban', 'order', 'protest', 'vote', 'executive_order', 'nobannowall'], 'Refugees and Seeking Asylum': ['refuge', 'people', 'refugee', 'seek', 'seek_refuge', 'seek_refuge_america_heartland'], ""America's Heartland and Inclusivity"": ['heartland', 'america', 'country', 'america_heartland', 'student']}",US Immigration Policy and Protests.Refugees and Seeking Asylum.America's Heartland and Inclusivity,"{'US Immigration Policy and Controversy': ['ban', 'muslimban', 'muslim', 'trump', 'travel', 'trumps', 'immigration', 'order', 'refugee', 'support', 'country', 'people', 'executive_order', 'protest', 'president']}",US Immigration Policy and Controversy
15,3,"['muslimban', 'muslim', 'trump', 'ban', 'heartland', 'refuge', 'people', 'refugee', 'america', 'order', 'protest', 'vote', 'country']",13,3,"['muslim', 'seek', 'heartland', 'refuge', 'america', 'ban', 'ohio', 'trump', 'stab', 'state']",0,"['muslimban', 'migrant_europe', 'trump', 'foxnew_breitbart', 'maga_vet', 'europe']",4,"['muslimban', 'ban', 'travel', 'muslim', 'trump', 'maga', 'migrant_europe', 'americans_support', 'trumps', 'foxnew_breitbart', 'maga_vet', 'refugee', 'support', 'americans']","[18082945, 279425578, 414638265, 616260000, 1568656350, 2927222132, 3033123912, 3740303121, 4794182534]","muslimban,muslim,trump,ban,heartland,refuge,people,refugee,america,order,protest,vote,country,migrant_europe,foxnew_breitbart,maga_vet,europe,seek,ohio,stab,state,travel,maga,americans_support,trumps,support,americans","muslimban,muslim,trump,ban,heartland,refuge,people,refugee,america,order,protest,vote,country,migrant_europe,foxnew_breitbart,maga_vet,europe","muslim,seek,heartland,refuge,america,ban,ohio,trump,stab,state,muslimban,travel,maga,migrant_europe,americans_support,trumps,foxnew_breitbart,maga_vet,refugee,support,americans","{'US Immigration Policy': 'muslimban, muslim, trump, ban, america, order, protest, vote, country, travel, maga, americans_support, trumps, support, americans', 'Refugee and Migrant Issues': 'refuge, people, refugee, migrant_europe, europe, seek', 'Media and Public Opinion': 'foxnew_breitbart, maga_vet', 'Specific Events or Incidents': 'heartland, ohio, stab, state'}",US Immigration Policy.Refugee and Migrant Issues.Media and Public Opinion.Specific Events or Incidents,"{'US Immigration Policy': 'muslimban, muslim, trump, ban, america, order, protest, vote, country, refugee', 'Media and Political Influence': 'foxnew_breitbart, maga_vet', 'Migration and Refugees': 'refuge, people, migrant_europe, europe, heartland'}",US Immigration Policy.Media and Political Influence.Migration and Refugees,"{'US Immigration and Refugee Policy': ['muslim', 'refuge', 'america', 'ban', 'muslimban', 'travel', 'migrant_europe', 'refugee', 'support', 'americans_support', 'americans'], 'Trump Administration and Policies': ['trump', 'trumps', 'maga', 'maga_vet', 'foxnew_breitbart'], 'Incidents and Reactions in Ohio': ['seek', 'heartland', 'ohio', 'stab', 'state']}",US Immigration and Refugee Policy.Trump Administration and Policies.Incidents and Reactions in Ohio
16,13,"['muslimban', 'canada', 'breitbart', 'lax', 'january', 'muslim', 'faith', 'target', 'people', 'ambulance', 'passport', 'break', 'lawyer', 'record', 'degree']",21,14,"['ban', 'muslimban', 'muslim', 'trump', 'travel', 'trumps', 'immigration', 'order', 'refugee', 'support', 'country', 'people']",0,"['muslimban', 'migrant_europe', 'trump', 'foxnew_breitbart', 'maga_vet', 'europe']",14,"['ban', 'trump', 'muslimban', 'immigration', 'muslim', 'trumps', 'travel', 'order', 'executive_order', 'protest', 'president']","[21159536, 24443584, 50636372, 62065766, 130139655, 150708880, 293750409, 293795578, 342034927, 414783141, 473630309, 554223879, 729264218, 848478188, 851376192, 1101298442, 1322873018, 1336902607, 1489325107, 1626294277, 2555055486, 2734172982, 2804138785, 2914421262, 2930948224, 2960637632, 3426731170, 709492573421764608, 757659763928866816, 806394851822551040, 817142310588841984, 825010900277014528, 825159194751881216]","muslimban,canada,breitbart,lax,january,muslim,faith,target,people,ambulance,passport,break,lawyer,record,degree,migrant_europe,trump,foxnew_breitbart,maga_vet,europe,ban,travel,trumps,immigration,order,refugee,support,country,executive_order,protest,president","muslimban,canada,breitbart,lax,january,muslim,faith,target,people,ambulance,passport,break,lawyer,record,degree,migrant_europe,trump,foxnew_breitbart,maga_vet,europe","ban,muslimban,muslim,trump,travel,trumps,immigration,order,refugee,support,country,people,executive_order,protest,president","{'US Immigration Policy': ['muslimban', 'trump', 'ban', 'travel', 'immigration', 'order', 'refugee', 'executive_order', 'protest', 'president'], 'Media and Public Opinion': ['breitbart', 'foxnew_breitbart', 'maga_vet', 'support'], 'International Relations': ['canada', 'europe', 'migrant_europe', 'country'], 'Legal and Social Impact': ['lawyer', 'record', 'degree', 'passport', 'target', 'people', 'faith', 'muslim', 'ambulance', 'break']}",US Immigration Policy.Media and Public Opinion.International Relations.Legal and Social Impact,"{'Travel and Immigration Restrictions': ['muslimban', 'passport', 'migrant_europe', 'trump', 'muslim', 'target'], 'Media and Politics': ['breitbart', 'foxnew_breitbart', 'trump', 'maga_vet'], 'Legal and Social Issues': ['lawyer', 'record', 'break', 'faith', 'people'], 'International Relations': ['canada', 'europe', 'migrant_europe'], 'Emergency and Security': ['ambulance', 'lax', 'target']}",Travel and Immigration Restrictions.Media and Politics.Legal and Social Issues.International Relations.Emergency and Security,"{'US Immigration Policy and Controversy': ['ban', 'muslimban', 'muslim', 'trump', 'travel', 'trumps', 'immigration', 'order', 'refugee', 'support', 'country', 'people', 'executive_order', 'protest', 'president']}",US Immigration Policy and Controversy
17,1,"['ban', 'trump', 'immigration', 'travel', 'trumps', 'donald', 'order', 'president', 'fire', 'muslim', 'state', 'general', 'attorney', 'defend', 'official']",14,14,"['ban', 'muslimban', 'muslim', 'trump', 'travel', 'trumps', 'immigration', 'order', 'refugee', 'support', 'country', 'people']",12,"['ban', 'donald', 'trump', 'trumps', 'immigration', 'stock', 'travel', 'fire', 'dissent_memo', 'fire_attorney', 'muslim']",10,"['ban', 'trump', 'vote_deliver', 'big_majority', 'sign_petition', 'vote', 'immigration', 'terror_attack', 'silent_majority', 'americans']","[35228624, 90182089, 107794703, 132549988, 452995365, 458341983, 473519962, 573953385, 592877327, 857892534, 1083749497, 1125937411, 1300838640, 1725725448, 2225747204, 2858541770, 4105901787]","ban,trump,immigration,travel,trumps,donald,order,president,fire,muslim,state,general,attorney,defend,official,stock,dissent_memo,fire_attorney,muslimban,refugee,support,country,people,vote_deliver,big_majority,sign_petition,vote,terror_attack,silent_majority,americans","ban,trump,immigration,travel,trumps,donald,order,president,fire,muslim,state,general,attorney,defend,official,stock,dissent_memo,fire_attorney","ban,muslimban,muslim,trump,travel,trumps,immigration,order,refugee,support,country,people,vote_deliver,big_majority,sign_petition,vote,terror_attack,silent_majority,americans","{'US Immigration Policy': ['ban', 'immigration', 'travel', 'order', 'refugee', 'country', 'people', 'muslimban'], 'Trump Administration Actions': ['trump', 'trumps', 'donald', 'president', 'fire', 'state', 'general', 'attorney', 'defend', 'official', 'fire_attorney'], 'Public and Political Response': ['stock', 'dissent_memo', 'support', 'vote_deliver', 'big_majority', 'sign_petition', 'vote', 'silent_majority', 'americans'], 'National Security Concerns': ['terror_attack', 'muslim']}",US Immigration Policy.Trump Administration Actions.Public and Political Response.National Security Concerns,"{'US Immigration Policy': 'ban, immigration, travel, order, muslim', 'Trump Administration Actions': 'trump, trumps, donald, president, fire, state, general, attorney, defend, official, dissent_memo, fire_attorney', 'Political and Legal Controversies': 'stock, dissent_memo, fire_attorney'}",US Immigration Policy.Trump Administration Actions.Political and Legal Controversies,"{'Theme: US Immigration Policy and Public Reaction': 'ban, muslimban, muslim, trump, travel, trumps, immigration, order, refugee, support, country, people, vote_deliver, big_majority, sign_petition, vote, terror_attack, silent_majority, americans'}",Theme: US Immigration Policy and Public Reaction
18,7,"['short', 'muslimban', 'goal', 'leave', 'fake', 'bannon', 'guy', 'protester', 'tear', 'flashpoint', 'yrs', 'division', 'good', 'member', 'unconstitutional', 'draft', 'purpose']",15,3,"['muslim', 'seek', 'heartland', 'refuge', 'america', 'ban', 'ohio', 'trump', 'stab', 'state']",10,"['leave', 'national_security', 'good_righteous', 'protester_unknowingly', 'serve_bannon', 'align_perceive', 'leave_dog', 'flashpoint_leave', 'flashpoint', 'division_protester', 'bannon_choose', 'action_infer', 'purpose_suit']",9,"['america_heartland', 'muslim', 'heartland', 'refuge', 'seek', 'america', 'seek_refuge', 'seek_refuge_america_heartland', 'start_help', 'heartland_kill', 'ban', 'ohio', 'trump', 'stab', 'ohio_state', 'father_seek', 'refugee_admission', 'state']","[19915594, 47379354, 47866792, 164037186, 174771928, 355028519, 1952510090, 2256033301, 2790977262, 2866639611, 822479723959844865]","short,muslimban,goal,leave,fake,bannon,guy,protester,tear,flashpoint,yrs,division,good,member,unconstitutional,draft,purpose,national_security,good_righteous,protester_unknowingly,serve_bannon,align_perceive,leave_dog,flashpoint_leave,division_protester,bannon_choose,action_infer,purpose_suit,muslim,seek,heartland,refuge,america,ban,ohio,trump,stab,state,america_heartland,seek_refuge,seek_refuge_america_heartland,start_help,heartland_kill,ohio_state,father_seek,refugee_admission","short,muslimban,goal,leave,fake,bannon,guy,protester,tear,flashpoint,yrs,division,good,member,unconstitutional,draft,purpose,national_security,good_righteous,protester_unknowingly,serve_bannon,align_perceive,leave_dog,flashpoint_leave,division_protester,bannon_choose,action_infer,purpose_suit","muslim,seek,heartland,refuge,america,ban,ohio,trump,stab,state,america_heartland,seek_refuge,seek_refuge_america_heartland,start_help,heartland_kill,ohio_state,father_seek,refugee_admission","{'US Immigration Policy and Controversies': ['muslimban', 'unconstitutional', 'national_security', 'ban', 'refugee_admission', 'trump', 'america', 'seek_refuge', 'america_heartland', 'heartland', 'ohio', 'ohio_state', 'protester', 'division_protester', 'flashpoint', 'flashpoint_leave', 'protester_unknowingly', 'bannon', 'serve_bannon', 'bannon_choose', 'action_infer', 'purpose_suit', 'draft', 'purpose', 'good_righteous', 'leave', 'leave_dog', 'stab', 'state', 'heartland_kill', 'father_seek', 'seek', 'refuge', 'start_help', 'good', 'member', 'division', 'fake', 'short', 'goal', 'guy', 'tear']}",US Immigration Policy and Controversies,"{'Political Controversy': ['muslimban', 'bannon', 'unconstitutional', 'national_security', 'protester', 'division', 'flashpoint', 'protester_unknowingly', 'serve_bannon', 'align_perceive', 'flashpoint_leave', 'division_protester', 'bannon_choose', 'action_infer', 'purpose_suit']}",Political Controversy,"{'Immigration and Refugee Policies': 'muslim, seek, refuge, america, ban, trump, seek_refuge, seek_refuge_america_heartland, refugee_admission', 'Violence and Safety Concerns': 'stab, heartland_kill, ohio_state', 'Political and Social Issues in America': 'heartland, america_heartland, ohio, state, start_help, father_seek'}",Immigration and Refugee Policies.Violence and Safety Concerns.Political and Social Issues in America
19,12,"['end', 'columbus', 'crowd', 'statehouse', 'ppl', 'themarchcontinue', 'atlanta', 'pepperspray', 'chant', 'medical', 'demilitarizecpd', 'pepperspraye', 'marching']",16,6,"['muslimban', 'nobannowall', 'studentban', 'notbanstudentvisa', 'student', 'pressure', 'weak', 'iranian', 'letthemin', 'plz', 'york']",12,"['ban', 'donald', 'trump', 'trumps', 'immigration', 'stock', 'travel', 'fire', 'dissent_memo', 'fire_attorney', 'muslim']",14,"['ban', 'trump', 'muslimban', 'immigration', 'muslim', 'trumps', 'travel', 'order', 'executive_order', 'protest', 'president']","[65698096, 239664892, 1566650000, 818655030970617857]","end,columbus,crowd,statehouse,ppl,themarchcontinue,atlanta,pepperspray,chant,medical,demilitarizecpd,pepperspraye,marching,ban,donald,trump,trumps,immigration,stock,travel,fire,dissent_memo,fire_attorney,muslim,muslimban,nobannowall,studentban,notbanstudentvisa,student,pressure,weak,iranian,letthemin,plz,york,order,executive_order,protest,president","end,columbus,crowd,statehouse,ppl,themarchcontinue,atlanta,pepperspray,chant,medical,demilitarizecpd,pepperspraye,marching,ban,donald,trump,trumps,immigration,stock,travel,fire,dissent_memo,fire_attorney,muslim","muslimban,nobannowall,studentban,notbanstudentvisa,student,pressure,weak,iranian,letthemin,plz,york,ban,trump,immigration,muslim,trumps,travel,order,executive_order,protest,president","{'Protest Against Immigration Policies': ['columbus', 'crowd', 'statehouse', 'ppl', 'themarchcontinue', 'atlanta', 'pepperspray', 'chant', 'medical', 'demilitarizecpd', 'pepperspraye', 'marching', 'ban', 'donald', 'trump', 'trumps', 'immigration', 'stock', 'travel', 'fire', 'dissent_memo', 'fire_attorney', 'muslim', 'muslimban', 'nobannowall', 'studentban', 'notbanstudentvisa', 'student', 'pressure', 'weak', 'iranian', 'letthemin', 'plz', 'york', 'order', 'executive_order', 'protest', 'president']}",Protest Against Immigration Policies,"{'Protest and Civil Unrest': 'end, columbus, crowd, statehouse, ppl, themarchcontinue, atlanta, pepperspray, chant, medical, demilitarizecpd, pepperspraye, marching, ban', 'Political Actions and Controversies': 'donald, trump, trumps, immigration, stock, travel, fire, dissent_memo, fire_attorney, muslim'}",Protest and Civil Unrest.Political Actions and Controversies,"{'US Immigration Policies': 'muslimban, nobannowall, studentban, notbanstudentvisa, ban, immigration, travel, order, executive_order', 'Protests and Public Response': 'pressure, weak, letthemin, plz, protest', 'Trump Administration Actions': 'trump, trumps, president', 'Affected Groups and Locations': 'student, iranian, muslim, york'}",US Immigration Policies.Protests and Public Response.Trump Administration Actions.Affected Groups and Locations
20,3,"['muslimban', 'muslim', 'trump', 'ban', 'heartland', 'refuge', 'people', 'refugee', 'america', 'order', 'protest', 'vote', 'country']",59,14,"['ban', 'muslimban', 'muslim', 'trump', 'travel', 'trumps', 'immigration', 'order', 'refugee', 'support', 'country', 'people']",3,"['muslim', 'america_heartland', 'ban', 'america', 'muslimban', 'trump', 'seek', 'heartland', 'refuge', 'seek_refuge', 'nobannowall', 'seek_refuge_america_heartland', 'people', 'refugee', 'executive_order', 'student']",14,"['ban', 'trump', 'muslimban', 'immigration', 'muslim', 'trumps', 'travel', 'order', 'executive_order', 'protest', 'president']","[22799750, 824270573203292200, 826037707084279809]","muslimban,muslim,trump,ban,heartland,refuge,people,refugee,america,order,protest,vote,country,america_heartland,seek,seek_refuge,nobannowall,seek_refuge_america_heartland,executive_order,student,travel,trumps,immigration,support,president","muslimban,muslim,trump,ban,heartland,refuge,people,refugee,america,order,protest,vote,country,america_heartland,seek,seek_refuge,nobannowall,seek_refuge_america_heartland,executive_order,student","ban,muslimban,muslim,trump,travel,trumps,immigration,order,refugee,support,country,people,executive_order,protest,president","{'US Immigration Policy': 'muslimban, muslim, trump, ban, executive_order, immigration, president, trumps', 'Public Reaction and Protest': 'protest, vote, support, nobannowall', 'Refuge and Asylum': 'refuge, people, refugee, seek, seek_refuge, seek_refuge_america_heartland', 'Impact on America': 'america, america_heartland, heartland, country', 'Travel and Education': 'student, travel, order'}",US Immigration Policy.Public Reaction and Protest.Refuge and Asylum.Impact on America.Travel and Education,"{'US Immigration Policy and Protests': ['muslimban', 'muslim', 'trump', 'ban', 'order', 'protest', 'vote', 'executive_order', 'nobannowall'], 'Refugees and Seeking Asylum': ['refuge', 'people', 'refugee', 'seek', 'seek_refuge', 'seek_refuge_america_heartland'], ""America's Heartland and Inclusivity"": ['heartland', 'america', 'country', 'america_heartland', 'student']}",US Immigration Policy and Protests.Refugees and Seeking Asylum.America's Heartland and Inclusivity,"{'US Immigration Policy and Controversy': ['ban', 'muslimban', 'muslim', 'trump', 'travel', 'trumps', 'immigration', 'order', 'refugee', 'support', 'country', 'people', 'executive_order', 'protest', 'president']}",US Immigration Policy and Controversy
21,1,"['ban', 'trump', 'immigration', 'travel', 'trumps', 'donald', 'order', 'president', 'fire', 'muslim', 'state', 'general', 'attorney', 'defend', 'official']",17,12,"['ban', 'donald', 'trump', 'trumps', 'travel', 'immigration', 'fire', 'general', 'attorney', 'cnn', 'state', 'muslim', 'defiance']",12,"['ban', 'donald', 'trump', 'trumps', 'immigration', 'stock', 'travel', 'fire', 'dissent_memo', 'fire_attorney', 'muslim']",3,"['ban', 'donald', 'trump', 'trumps', 'travel', 'immigration', 'dissent_memo', 'fire', 'fire_attorney', 'barack_obama', 'state_department']","[863001163, 863191454, 870859134, 870865213, 870872898, 870876488, 870879266, 870881976, 870882342, 870886394, 870886453, 870889484, 870892134, 870893084, 870895488, 870898004, 870898051, 870899796, 870901164, 870903090, 870903534, 870906686, 870907736, 870911347, 870912794, 870912895, 896433678, 896440986, 896449622, 915468734, 915656912, 915722492, 915760574, 915807048, 915807342, 915812143, 915896065, 915915606, 915932196, 915975206, 915986017, 916004004, 916006585, 916017960, 916037102, 916051280, 916141712, 916185487, 916342638, 916490078, 929528022, 929532313, 951795330, 951798776, 951825942, 953096516, 1091967787, 1091969084, 1091988979, 1092580321, 1092968340, 1093086042, 1093122954, 1093140967, 1094795100, 4431576263, 4496932162, 4501456696, 4506488051, 4577589252, 4697031619, 4697675496, 4698236432, 4699061804, 705010088587739136, 708109929941495809, 708153637780979712, 708204345469345792, 753111979355701248, 753118526911737856, 753124449491283968, 753135483530649600, 753146433897922560, 753150029808951297, 753245086503276545, 753257017985343488, 753261223056211968, 754526264065744896, 755773802613792769, 755801917125779457, 755807795702890496, 755808480037105664, 755814710847602688, 755820797202137088, 755848821448511488, 755853320858763264, 756235895880179712, 756249866553192448, 756264959336669184, 756271610244526080, 756286894376415232, 756303624167362560, 756337577960046593, 756369439541583872, 756385096224108544, 756397841925435392, 756399335533846528, 756423469265481728, 756482440215072768, 756727573401534464, 756773426640121856, 756842252295700480, 756867598743109632, 756875453483319296, 756881732826193921, 756891080294039553, 756891507173580800, 756891633086566400, 756893436091961345, 756896667174043648, 756904523189346304, 756905542979813376, 756909373197254656, 756911892535336960, 756912977866002433, 756915457672769536, 756916488829796352, 756919296312344576, 756922206555410432, 756925310289973249, 765572460586696704, 765676559256711168, 765807721782411264, 765809493590564864, 765812133221236736, 765838829454499841, 765857763712966657, 765869743328915456, 765875465114492928, 765877629308301312, 765881369943764992, 765890902317563904, 765895476755464192, 765907582259167233, 765909919019196416, 765910052708421632, 765914327887085568, 784263169996836900]","ban,trump,immigration,travel,trumps,donald,order,president,fire,muslim,state,general,attorney,defend,official,stock,dissent_memo,fire_attorney,cnn,defiance,barack_obama,state_department","ban,trump,immigration,travel,trumps,donald,order,president,fire,muslim,state,general,attorney,defend,official,stock,dissent_memo,fire_attorney","ban,donald,trump,trumps,travel,immigration,fire,general,attorney,cnn,state,muslim,defiance,dissent_memo,fire_attorney,barack_obama,state_department","{'US Immigration Policy and Executive Orders': ['ban', 'trump', 'immigration', 'travel', 'trumps', 'donald', 'order', 'president', 'muslim', 'state', 'general', 'attorney', 'defend', 'official', 'dissent_memo', 'defiance', 'barack_obama', 'state_department'], 'Political and Legal Controversies': ['fire', 'fire_attorney', 'cnn', 'stock']}",US Immigration Policy and Executive Orders.Political and Legal Controversies,"{'US Immigration Policy': 'ban, immigration, travel, order, muslim', 'Trump Administration Actions': 'trump, trumps, donald, president, fire, state, general, attorney, defend, official, dissent_memo, fire_attorney', 'Political and Legal Controversies': 'stock, dissent_memo, fire_attorney'}",US Immigration Policy.Trump Administration Actions.Political and Legal Controversies,"{'US Immigration Policy': ['ban', 'travel', 'immigration', 'muslim'], 'Trump Administration Controversies': ['donald', 'trump', 'trumps', 'fire', 'general', 'attorney', 'fire_attorney'], 'Media and Political Response': ['cnn', 'defiance', 'dissent_memo', 'state', 'state_department'], 'Obama Administration Legacy': ['barack_obama']}",US Immigration Policy.Trump Administration Controversies.Media and Political Response.Obama Administration Legacy
22,3,"['muslimban', 'muslim', 'trump', 'ban', 'heartland', 'refuge', 'people', 'refugee', 'america', 'order', 'protest', 'vote', 'country']",18,14,"['ban', 'muslimban', 'muslim', 'trump', 'travel', 'trumps', 'immigration', 'order', 'refugee', 'support', 'country', 'people']",3,"['muslim', 'america_heartland', 'ban', 'america', 'muslimban', 'trump', 'seek', 'heartland', 'refuge', 'seek_refuge', 'nobannowall', 'seek_refuge_america_heartland', 'people', 'refugee', 'executive_order', 'student']",14,"['ban', 'trump', 'muslimban', 'immigration', 'muslim', 'trumps', 'travel', 'order', 'executive_order', 'protest', 'president']","[15311722, 20290608, 42176166]","muslimban,muslim,trump,ban,heartland,refuge,people,refugee,america,order,protest,vote,country,america_heartland,seek,seek_refuge,nobannowall,seek_refuge_america_heartland,executive_order,student,travel,trumps,immigration,support,president","muslimban,muslim,trump,ban,heartland,refuge,people,refugee,america,order,protest,vote,country,america_heartland,seek,seek_refuge,nobannowall,seek_refuge_america_heartland,executive_order,student","ban,muslimban,muslim,trump,travel,trumps,immigration,order,refugee,support,country,people,executive_order,protest,president","{'US Immigration Policy': 'muslimban, muslim, trump, ban, refugee, america, order, protest, vote, country, executive_order, travel, trumps, immigration, support, president', 'Public Reaction and Protest': 'protest, vote, nobannowall, support', 'Refuge and Seeking Safety': 'refuge, people, refugee, seek, seek_refuge, seek_refuge_america_heartland', 'Impact on Education': 'student, travel', 'American Heartland': 'heartland, america_heartland'}",US Immigration Policy.Public Reaction and Protest.Refuge and Seeking Safety.Impact on Education.American Heartland,"{'US Immigration Policy and Protests': ['muslimban', 'muslim', 'trump', 'ban', 'order', 'protest', 'vote', 'executive_order', 'nobannowall'], 'Refugees and Seeking Asylum': ['refuge', 'people', 'refugee', 'seek', 'seek_refuge', 'seek_refuge_america_heartland'], ""America's Heartland and Inclusivity"": ['heartland', 'america', 'country', 'america_heartland', 'student']}",US Immigration Policy and Protests.Refugees and Seeking Asylum.America's Heartland and Inclusivity,"{'US Immigration Policy and Controversy': ['ban', 'muslimban', 'muslim', 'trump', 'travel', 'trumps', 'immigration', 'order', 'refugee', 'support', 'country', 'people', 'executive_order', 'protest', 'president']}",US Immigration Policy and Controversy
23,3,"['muslimban', 'muslim', 'trump', 'ban', 'heartland', 'refuge', 'people', 'refugee', 'america', 'order', 'protest', 'vote', 'country']",19,14,"['ban', 'muslimban', 'muslim', 'trump', 'travel', 'trumps', 'immigration', 'order', 'refugee', 'support', 'country', 'people']",3,"['muslim', 'america_heartland', 'ban', 'america', 'muslimban', 'trump', 'seek', 'heartland', 'refuge', 'seek_refuge', 'nobannowall', 'seek_refuge_america_heartland', 'people', 'refugee', 'executive_order', 'student']",14,"['ban', 'trump', 'muslimban', 'immigration', 'muslim', 'trumps', 'travel', 'order', 'executive_order', 'protest', 'president']","[16002085, 24623545, 2316383071]","muslimban,muslim,trump,ban,heartland,refuge,people,refugee,america,order,protest,vote,country,america_heartland,seek,seek_refuge,nobannowall,seek_refuge_america_heartland,executive_order,student,travel,trumps,immigration,support,president","muslimban,muslim,trump,ban,heartland,refuge,people,refugee,america,order,protest,vote,country,america_heartland,seek,seek_refuge,nobannowall,seek_refuge_america_heartland,executive_order,student","ban,muslimban,muslim,trump,travel,trumps,immigration,order,refugee,support,country,people,executive_order,protest,president","{'US Immigration Policy': 'muslimban, muslim, trump, ban, executive_order, immigration, president, trumps', 'Public Reaction and Protest': 'protest, vote, support, nobannowall', 'Refuge and Asylum': 'refuge, people, refugee, seek, seek_refuge, seek_refuge_america_heartland', 'American Identity and Values': 'america, america_heartland, heartland, country', 'Travel and Education': 'student, travel, order'}",US Immigration Policy.Public Reaction and Protest.Refuge and Asylum.American Identity and Values.Travel and Education,"{'US Immigration Policy and Protests': ['muslimban', 'muslim', 'trump', 'ban', 'order', 'protest', 'vote', 'executive_order', 'nobannowall'], 'Refugees and Seeking Asylum': ['refuge', 'people', 'refugee', 'seek', 'seek_refuge', 'seek_refuge_america_heartland'], ""America's Heartland and Inclusivity"": ['heartland', 'america', 'country', 'america_heartland', 'student']}",US Immigration Policy and Protests.Refugees and Seeking Asylum.America's Heartland and Inclusivity,"{'US Immigration Policy and Controversy': ['ban', 'muslimban', 'muslim', 'trump', 'travel', 'trumps', 'immigration', 'order', 'refugee', 'support', 'country', 'people', 'executive_order', 'protest', 'president']}",US Immigration Policy and Controversy
24,1,"['ban', 'trump', 'immigration', 'travel', 'trumps', 'donald', 'order', 'president', 'fire', 'muslim', 'state', 'general', 'attorney', 'defend', 'official']",20,14,"['ban', 'muslimban', 'muslim', 'trump', 'travel', 'trumps', 'immigration', 'order', 'refugee', 'support', 'country', 'people']",6,"['ban', 'travel', 'trump', 'trumps', 'immigration', 'president', 'order', 'executive_order', 'sally_yate', 'attorney_general', 'protest']",14,"['ban', 'trump', 'muslimban', 'immigration', 'muslim', 'trumps', 'travel', 'order', 'executive_order', 'protest', 'president']","[375721095, 623102879, 2878831764, 747537404031082496]","ban,trump,immigration,travel,trumps,donald,order,president,fire,muslim,state,general,attorney,defend,official,executive_order,sally_yate,attorney_general,protest,muslimban,refugee,support,country,people","ban,trump,immigration,travel,trumps,donald,order,president,fire,muslim,state,general,attorney,defend,official,executive_order,sally_yate,attorney_general,protest","ban,muslimban,muslim,trump,travel,trumps,immigration,order,refugee,support,country,people,executive_order,protest,president","{'US Immigration Policy': ['ban', 'immigration', 'travel', 'order', 'executive_order', 'refugee', 'country', 'people'], 'Trump Administration Actions': ['trump', 'trumps', 'donald', 'president', 'fire', 'state', 'official', 'support'], 'Muslim Ban Controversy': ['muslim', 'muslimban', 'protest'], 'Sally Yates and Legal Challenges': ['general', 'attorney', 'defend', 'sally_yate', 'attorney_general']}",US Immigration Policy.Trump Administration Actions.Muslim Ban Controversy.Sally Yates and Legal Challenges,"{""Trump's Immigration and Travel Ban"": ['ban', 'trump', 'immigration', 'travel', 'trumps', 'donald', 'order', 'president', 'executive_order'], 'Controversy and Legal Challenges': ['fire', 'muslim', 'state', 'general', 'attorney', 'defend', 'official', 'sally_yate', 'attorney_general', 'protest']}",Trump's Immigration and Travel Ban.Controversy and Legal Challenges,"{'US Immigration Policy and Controversy': ['ban', 'muslimban', 'muslim', 'trump', 'travel', 'trumps', 'immigration', 'order', 'refugee', 'support', 'country', 'people', 'executive_order', 'protest', 'president']}",US Immigration Policy and Controversy
27,1,"['ban', 'trump', 'immigration', 'travel', 'trumps', 'donald', 'order', 'president', 'fire', 'muslim', 'state', 'general', 'attorney', 'defend', 'official']",22,11,"['trump', 'ban', 'resist', 'muslimban', 'immigration', 'trumpleak', 'travel', 'theresistance', 'trumps', 'order', 'nobannowall', 'impeachtrump', 'president', 'resistance', 'stopsession', 'muslim']",12,"['ban', 'donald', 'trump', 'trumps', 'immigration', 'stock', 'travel', 'fire', 'dissent_memo', 'fire_attorney', 'muslim']",14,"['ban', 'trump', 'muslimban', 'immigration', 'muslim', 'trumps', 'travel', 'order', 'executive_order', 'protest', 'president']","[5914832, 247077085, 319939901, 4091551984, 803377497828106241]","ban,trump,immigration,travel,trumps,donald,order,president,fire,muslim,state,general,attorney,defend,official,stock,dissent_memo,fire_attorney,resist,muslimban,trumpleak,theresistance,nobannowall,impeachtrump,resistance,stopsession,executive_order,protest","ban,trump,immigration,travel,trumps,donald,order,president,fire,muslim,state,general,attorney,defend,official,stock,dissent_memo,fire_attorney","trump,ban,resist,muslimban,immigration,trumpleak,travel,theresistance,trumps,order,nobannowall,impeachtrump,president,resistance,stopsession,muslim,executive_order,protest","{""Trump's Immigration Policies"": ['ban', 'trump', 'immigration', 'travel', 'trumps', 'donald', 'order', 'president', 'muslim', 'muslimban', 'executive_order', 'nobannowall'], 'Political Resistance and Protests': ['fire', 'state', 'general', 'attorney', 'defend', 'official', 'dissent_memo', 'fire_attorney', 'resist', 'trumpleak', 'theresistance', 'impeachtrump', 'resistance', 'stopsession', 'protest']}",Trump's Immigration Policies.Political Resistance and Protests,"{'US Immigration Policy': 'ban, immigration, travel, order, muslim', 'Trump Administration Actions': 'trump, trumps, donald, president, fire, state, general, attorney, defend, official, dissent_memo, fire_attorney', 'Political and Legal Controversies': 'stock, dissent_memo, fire_attorney'}",US Immigration Policy.Trump Administration Actions.Political and Legal Controversies,"{'US Immigration Policy and Protests': 'trump, ban, resist, muslimban, immigration, travel, theresistance, trumps, order, nobannowall, president, resistance, muslim, executive_order, protest', 'Political Opposition to Trump': 'trumpleak, impeachtrump, stopsession'}",US Immigration Policy and Protests.Political Opposition to Trump
29,9,"['podcast', 'muslimban', 'live']",23,1,"['podcast', 'muslimban', 'live', 'trumpban']",7,['podcast'],6,"['muslimban', 'podcast']","[379463455, 394321115, 446152771, 574305212, 706717872, 2759493606, 3274836912, 4538687428, 711649894402928600, 714472739407532032, 714562213516685312, 715245592058978305, 716102970773999616, 724711124893990912, 732667678620409856, 734864156122329092, 738425324422107136, 743187808366518272, 743189445491494912, 746441692845309953, 759054028147859457, 763115371817738240, 776542522642268160, 792119664277069826, 793932599567810560, 794286055675543552, 800106603336769536, 813626233208655872, 818367612723703809, 818586359673651200, 819308323107389441, 819707795574497280]","podcast,muslimban,live,trumpban","podcast,muslimban,live","podcast,muslimban,live,trumpban","{'Media and Broadcasting': 'podcast, live', 'Political and Social Issues': 'muslimban, trumpban'}",Media and Broadcasting.Political and Social Issues,"{'Media and Current Events': 'podcast, muslimban, live'}",Media and Current Events,"{'Media and Communication': 'podcast, live', 'Political and Social Issues': 'muslimban, trumpban'}",Media and Communication.Political and Social Issues
31,3,"['muslimban', 'muslim', 'trump', 'ban', 'heartland', 'refuge', 'people', 'refugee', 'america', 'order', 'protest', 'vote', 'country']",24,14,"['ban', 'muslimban', 'muslim', 'trump', 'travel', 'trumps', 'immigration', 'order', 'refugee', 'support', 'country', 'people']",3,"['muslim', 'america_heartland', 'ban', 'america', 'muslimban', 'trump', 'seek', 'heartland', 'refuge', 'seek_refuge', 'nobannowall', 'seek_refuge_america_heartland', 'people', 'refugee', 'executive_order', 'student']",4,"['muslimban', 'ban', 'travel', 'muslim', 'trump', 'maga', 'migrant_europe', 'americans_support', 'trumps', 'foxnew_breitbart', 'maga_vet', 'refugee', 'support', 'americans']","[461162710, 3178290264, 4853875997]","muslimban,muslim,trump,ban,heartland,refuge,people,refugee,america,order,protest,vote,country,america_heartland,seek,seek_refuge,nobannowall,seek_refuge_america_heartland,executive_order,student,travel,trumps,immigration,support,maga,migrant_europe,americans_support,foxnew_breitbart,maga_vet,americans","muslimban,muslim,trump,ban,heartland,refuge,people,refugee,america,order,protest,vote,country,america_heartland,seek,seek_refuge,nobannowall,seek_refuge_america_heartland,executive_order,student","ban,muslimban,muslim,trump,travel,trumps,immigration,order,refugee,support,country,people,maga,migrant_europe,americans_support,foxnew_breitbart,maga_vet,americans","{'US Immigration Policy': 'muslimban, muslim, trump, ban, executive_order, immigration, travel, trumps, order', 'Public Reaction and Protest': 'protest, vote, nobannowall, americans_support, americans', 'Refugees and Migration': 'refuge, people, refugee, seek, seek_refuge, seek_refuge_america_heartland, migrant_europe', 'American Identity and Politics': 'america, country, america_heartland, heartland, maga, maga_vet, foxnew_breitbart, student, support'}",US Immigration Policy.Public Reaction and Protest.Refugees and Migration.American Identity and Politics,"{'US Immigration Policy and Protests': ['muslimban', 'muslim', 'trump', 'ban', 'order', 'protest', 'vote', 'executive_order', 'nobannowall'], 'Refugees and Seeking Asylum': ['refuge', 'people', 'refugee', 'seek', 'seek_refuge', 'seek_refuge_america_heartland'], ""America's Heartland and Inclusivity"": ['heartland', 'america', 'country', 'america_heartland', 'student']}",US Immigration Policy and Protests.Refugees and Seeking Asylum.America's Heartland and Inclusivity,"{'US Immigration Policy': ['ban', 'muslimban', 'muslim', 'trump', 'travel', 'trumps', 'immigration', 'order', 'refugee', 'support', 'country', 'people', 'maga', 'americans_support', 'foxnew_breitbart', 'maga_vet', 'americans'], 'European Migration': ['migrant_europe']}",US Immigration Policy.European Migration
32,3,"['muslimban', 'muslim', 'trump', 'ban', 'heartland', 'refuge', 'people', 'refugee', 'america', 'order', 'protest', 'vote', 'country']",25,14,"['ban', 'muslimban', 'muslim', 'trump', 'travel', 'trumps', 'immigration', 'order', 'refugee', 'support', 'country', 'people']",3,"['muslim', 'america_heartland', 'ban', 'america', 'muslimban', 'trump', 'seek', 'heartland', 'refuge', 'seek_refuge', 'nobannowall', 'seek_refuge_america_heartland', 'people', 'refugee', 'executive_order', 'student']",14,"['ban', 'trump', 'muslimban', 'immigration', 'muslim', 'trumps', 'travel', 'order', 'executive_order', 'protest', 'president']","[2758089935, 823679509320777729, 825902308340940800]","muslimban,muslim,trump,ban,heartland,refuge,people,refugee,america,order,protest,vote,country,america_heartland,seek,seek_refuge,nobannowall,seek_refuge_america_heartland,executive_order,student,travel,trumps,immigration,support,president","muslimban,muslim,trump,ban,heartland,refuge,people,refugee,america,order,protest,vote,country,america_heartland,seek,seek_refuge,nobannowall,seek_refuge_america_heartland,executive_order,student","ban,muslimban,muslim,trump,travel,trumps,immigration,order,refugee,support,country,people,executive_order,protest,president","{'US Immigration Policy': 'muslimban, muslim, trump, ban, executive_order, immigration, president, trumps', 'Public Reaction and Protest': 'protest, vote, support, nobannowall', 'Refuge and Asylum': 'refuge, people, refugee, seek, seek_refuge, seek_refuge_america_heartland', 'Impact on America': 'america, america_heartland, heartland, country', 'Travel and Education': 'student, travel, order'}",US Immigration Policy.Public Reaction and Protest.Refuge and Asylum.Impact on America.Travel and Education,"{'US Immigration Policy and Protests': ['muslimban', 'muslim', 'trump', 'ban', 'order', 'protest', 'vote', 'executive_order', 'nobannowall'], 'Refugees and Seeking Asylum': ['refuge', 'people', 'refugee', 'seek', 'seek_refuge', 'seek_refuge_america_heartland'], ""America's Heartland and Inclusivity"": ['heartland', 'america', 'country', 'america_heartland', 'student']}",US Immigration Policy and Protests.Refugees and Seeking Asylum.America's Heartland and Inclusivity,"{'US Immigration Policy and Controversy': ['ban', 'muslimban', 'muslim', 'trump', 'travel', 'trumps', 'immigration', 'order', 'refugee', 'support', 'country', 'people', 'executive_order', 'protest', 'president']}",US Immigration Policy and Controversy
33,3,"['muslimban', 'muslim', 'trump', 'ban', 'heartland', 'refuge', 'people', 'refugee', 'america', 'order', 'protest', 'vote', 'country']",26,14,"['ban', 'muslimban', 'muslim', 'trump', 'travel', 'trumps', 'immigration', 'order', 'refugee', 'support', 'country', 'people']",3,"['muslim', 'america_heartland', 'ban', 'america', 'muslimban', 'trump', 'seek', 'heartland', 'refuge', 'seek_refuge', 'nobannowall', 'seek_refuge_america_heartland', 'people', 'refugee', 'executive_order', 'student']",14,"['ban', 'trump', 'muslimban', 'immigration', 'muslim', 'trumps', 'travel', 'order', 'executive_order', 'protest', 'president']","[420053339, 2163076560, 721321693092913153]","muslimban,muslim,trump,ban,heartland,refuge,people,refugee,america,order,protest,vote,country,america_heartland,seek,seek_refuge,nobannowall,seek_refuge_america_heartland,executive_order,student,travel,trumps,immigration,support,president","muslimban,muslim,trump,ban,heartland,refuge,people,refugee,america,order,protest,vote,country,america_heartland,seek,seek_refuge,nobannowall,seek_refuge_america_heartland,executive_order,student","ban,muslimban,muslim,trump,travel,trumps,immigration,order,refugee,support,country,people,executive_order,protest,president","{'US Immigration Policy': 'muslimban, muslim, trump, ban, executive_order, immigration, president, trumps', 'Public Reaction and Protest': 'protest, vote, support, nobannowall', 'Refuge and Asylum': 'refuge, people, refugee, seek, seek_refuge, seek_refuge_america_heartland', 'Impact on America': 'america, america_heartland, heartland, country', 'Travel and Education': 'student, travel, order'}",US Immigration Policy.Public Reaction and Protest.Refuge and Asylum.Impact on America.Travel and Education,"{'US Immigration Policy and Protests': ['muslimban', 'muslim', 'trump', 'ban', 'order', 'protest', 'vote', 'executive_order', 'nobannowall'], 'Refugees and Seeking Asylum': ['refuge', 'people', 'refugee', 'seek', 'seek_refuge', 'seek_refuge_america_heartland'], ""America's Heartland and Inclusivity"": ['heartland', 'america', 'country', 'america_heartland', 'student']}",US Immigration Policy and Protests.Refugees and Seeking Asylum.America's Heartland and Inclusivity,"{'US Immigration Policy and Controversy': ['ban', 'muslimban', 'muslim', 'trump', 'travel', 'trumps', 'immigration', 'order', 'refugee', 'support', 'country', 'people', 'executive_order', 'protest', 'president']}",US Immigration Policy and Controversy
34,4,"['maga', 'muslimban', 'trump', 'migrant', 'europe', 'vet']",27,14,"['ban', 'muslimban', 'muslim', 'trump', 'travel', 'trumps', 'immigration', 'order', 'refugee', 'support', 'country', 'people']",2,"['muslimban', 'maga', 'terror_attack', 'refugee', 'trump']",4,"['muslimban', 'ban', 'travel', 'muslim', 'trump', 'maga', 'migrant_europe', 'americans_support', 'trumps', 'foxnew_breitbart', 'maga_vet', 'refugee', 'support', 'americans']","[102862980, 109188899, 297795505, 2435495792]","maga,muslimban,trump,migrant,europe,vet,terror_attack,refugee,ban,muslim,travel,trumps,immigration,order,support,country,people,migrant_europe,americans_support,foxnew_breitbart,maga_vet,americans","maga,muslimban,trump,migrant,europe,vet,terror_attack,refugee","ban,muslimban,muslim,trump,travel,trumps,immigration,order,refugee,support,country,people,maga,migrant_europe,americans_support,foxnew_breitbart,maga_vet,americans","{'US Immigration Policies': ['maga', 'muslimban', 'trump', 'migrant', 'ban', 'muslim', 'travel', 'trumps', 'immigration', 'order', 'support', 'americans_support', 'americans'], 'European Migration Issues': ['migrant_europe', 'europe', 'refugee', 'migrant'], 'Media and Public Opinion': ['foxnew_breitbart', 'maga_vet', 'vet', 'terror_attack', 'country', 'people']}",US Immigration Policies.European Migration Issues.Media and Public Opinion,"{'US Immigration and National Security Policies': ['maga', 'muslimban', 'trump', 'migrant', 'vet', 'terror_attack', 'refugee'], 'European Migration and Refugee Crisis': ['migrant', 'europe', 'refugee']}",US Immigration and National Security Policies.European Migration and Refugee Crisis,"{'US Immigration Policy': ['ban', 'muslimban', 'muslim', 'trump', 'travel', 'trumps', 'immigration', 'order', 'refugee', 'support', 'country', 'people', 'maga', 'americans_support', 'foxnew_breitbart', 'maga_vet', 'americans'], 'European Migration': ['migrant_europe']}",US Immigration Policy.European Migration
35,3,"['muslimban', 'muslim', 'trump', 'ban', 'heartland', 'refuge', 'people', 'refugee', 'america', 'order', 'protest', 'vote', 'country']",28,11,"['trump', 'ban', 'resist', 'muslimban', 'immigration', 'trumpleak', 'travel', 'theresistance', 'trumps', 'order', 'nobannowall', 'impeachtrump', 'president', 'resistance', 'stopsession', 'muslim']",3,"['muslim', 'america_heartland', 'ban', 'america', 'muslimban', 'trump', 'seek', 'heartland', 'refuge', 'seek_refuge', 'nobannowall', 'seek_refuge_america_heartland', 'people', 'refugee', 'executive_order', 'student']",14,"['ban', 'trump', 'muslimban', 'immigration', 'muslim', 'trumps', 'travel', 'order', 'executive_order', 'protest', 'president']","[5405222, 369602017, 2209638102]","muslimban,muslim,trump,ban,heartland,refuge,people,refugee,america,order,protest,vote,country,america_heartland,seek,seek_refuge,nobannowall,seek_refuge_america_heartland,executive_order,student,resist,immigration,trumpleak,travel,theresistance,trumps,impeachtrump,president,resistance,stopsession","muslimban,muslim,trump,ban,heartland,refuge,people,refugee,america,order,protest,vote,country,america_heartland,seek,seek_refuge,nobannowall,seek_refuge_america_heartland,executive_order,student","trump,ban,resist,muslimban,immigration,trumpleak,travel,theresistance,trumps,order,nobannowall,impeachtrump,president,resistance,stopsession,muslim,executive_order,protest","{'US Immigration Policy and Protests': ['muslimban', 'muslim', 'trump', 'ban', 'refuge', 'people', 'refugee', 'america', 'order', 'protest', 'vote', 'country', 'executive_order', 'resist', 'immigration', 'travel', 'theresistance', 'resistance', 'nobannowall'], 'Political Opposition to Trump': ['trumpleak', 'trumps', 'impeachtrump', 'president', 'resistance', 'stopsession'], 'Seeking Refuge in America': ['heartland', 'america_heartland', 'seek', 'seek_refuge', 'seek_refuge_america_heartland', 'student']}",US Immigration Policy and Protests.Political Opposition to Trump.Seeking Refuge in America,"{'US Immigration Policy and Protests': ['muslimban', 'muslim', 'trump', 'ban', 'order', 'protest', 'vote', 'executive_order', 'nobannowall'], 'Refugees and Seeking Asylum': ['refuge', 'people', 'refugee', 'seek', 'seek_refuge', 'seek_refuge_america_heartland'], ""America's Heartland and Inclusivity"": ['heartland', 'america', 'country', 'america_heartland', 'student']}",US Immigration Policy and Protests.Refugees and Seeking Asylum.America's Heartland and Inclusivity,"{'US Immigration Policy and Protests': 'trump, ban, resist, muslimban, immigration, travel, theresistance, trumps, order, nobannowall, president, resistance, muslim, executive_order, protest', 'Political Opposition to Trump': 'trumpleak, impeachtrump, stopsession'}",US Immigration Policy and Protests.Political Opposition to Trump
36,1,"['ban', 'trump', 'immigration', 'travel', 'trumps', 'donald', 'order', 'president', 'fire', 'muslim', 'state', 'general', 'attorney', 'defend', 'official']",30,14,"['ban', 'muslimban', 'muslim', 'trump', 'travel', 'trumps', 'immigration', 'order', 'refugee', 'support', 'country', 'people']",6,"['ban', 'travel', 'trump', 'trumps', 'immigration', 'president', 'order', 'executive_order', 'sally_yate', 'attorney_general', 'protest']",14,"['ban', 'trump', 'muslimban', 'immigration', 'muslim', 'trumps', 'travel', 'order', 'executive_order', 'protest', 'president']","[18510860, 34553489, 799017600621641728]","ban,trump,immigration,travel,trumps,donald,order,president,fire,muslim,state,general,attorney,defend,official,executive_order,sally_yate,attorney_general,protest,muslimban,refugee,support,country,people","ban,trump,immigration,travel,trumps,donald,order,president,fire,muslim,state,general,attorney,defend,official,executive_order,sally_yate,attorney_general,protest","ban,muslimban,muslim,trump,travel,trumps,immigration,order,refugee,support,country,people,executive_order,protest,president","{'US Immigration Policy': ['ban', 'immigration', 'travel', 'order', 'executive_order', 'refugee', 'country', 'people'], 'Trump Administration Actions': ['trump', 'trumps', 'donald', 'president', 'fire', 'state', 'official', 'support'], 'Muslim Ban Controversy': ['muslim', 'muslimban', 'protest', 'defend'], 'Sally Yates and Legal Challenges': ['general', 'attorney', 'sally_yate', 'attorney_general']}",US Immigration Policy.Trump Administration Actions.Muslim Ban Controversy.Sally Yates and Legal Challenges,"{""Trump's Immigration and Travel Ban"": ['ban', 'trump', 'immigration', 'travel', 'trumps', 'donald', 'order', 'president', 'executive_order'], 'Controversy and Legal Challenges': ['fire', 'muslim', 'state', 'general', 'attorney', 'defend', 'official', 'sally_yate', 'attorney_general', 'protest']}",Trump's Immigration and Travel Ban.Controversy and Legal Challenges,"{'US Immigration Policy and Controversy': ['ban', 'muslimban', 'muslim', 'trump', 'travel', 'trumps', 'immigration', 'order', 'refugee', 'support', 'country', 'people', 'executive_order', 'protest', 'president']}",US Immigration Policy and Controversy
38,3,"['muslimban', 'muslim', 'trump', 'ban', 'heartland', 'refuge', 'people', 'refugee', 'america', 'order', 'protest', 'vote', 'country']",32,14,"['ban', 'muslimban', 'muslim', 'trump', 'travel', 'trumps', 'immigration', 'order', 'refugee', 'support', 'country', 'people']",3,"['muslim', 'america_heartland', 'ban', 'america', 'muslimban', 'trump', 'seek', 'heartland', 'refuge', 'seek_refuge', 'nobannowall', 'seek_refuge_america_heartland', 'people', 'refugee', 'executive_order', 'student']",14,"['ban', 'trump', 'muslimban', 'immigration', 'muslim', 'trumps', 'travel', 'order', 'executive_order', 'protest', 'president']","[24190981, 38605662, 120153772, 497768440, 954338588]","muslimban,muslim,trump,ban,heartland,refuge,people,refugee,america,order,protest,vote,country,america_heartland,seek,seek_refuge,nobannowall,seek_refuge_america_heartland,executive_order,student,travel,trumps,immigration,support,president","muslimban,muslim,trump,ban,heartland,refuge,people,refugee,america,order,protest,vote,country,america_heartland,seek,seek_refuge,nobannowall,seek_refuge_america_heartland,executive_order,student","ban,muslimban,muslim,trump,travel,trumps,immigration,order,refugee,support,country,people,executive_order,protest,president","{'US Immigration Policy': 'muslimban, muslim, trump, ban, executive_order, immigration, president, trumps', 'Public Reaction and Protest': 'protest, vote, support, nobannowall', 'Refuge and Asylum': 'refuge, people, refugee, seek, seek_refuge, seek_refuge_america_heartland', 'Impact on America': 'america, america_heartland, heartland, country', 'Travel and Education': 'student, travel'}",US Immigration Policy.Public Reaction and Protest.Refuge and Asylum.Impact on America.Travel and Education,"{'US Immigration Policy and Protests': ['muslimban', 'muslim', 'trump', 'ban', 'order', 'protest', 'vote', 'executive_order', 'nobannowall'], 'Refugees and Seeking Asylum': ['refuge', 'people', 'refugee', 'seek', 'seek_refuge', 'seek_refuge_america_heartland'], ""America's Heartland and Inclusivity"": ['heartland', 'america', 'country', 'america_heartland', 'student']}",US Immigration Policy and Protests.Refugees and Seeking Asylum.America's Heartland and Inclusivity,"{'US Immigration Policy and Controversy': ['ban', 'muslimban', 'muslim', 'trump', 'travel', 'trumps', 'immigration', 'order', 'refugee', 'support', 'country', 'people', 'executive_order', 'protest', 'president']}",US Immigration Policy and Controversy
39,3,"['muslimban', 'muslim', 'trump', 'ban', 'heartland', 'refuge', 'people', 'refugee', 'america', 'order', 'protest', 'vote', 'country']",33,14,"['ban', 'muslimban', 'muslim', 'trump', 'travel', 'trumps', 'immigration', 'order', 'refugee', 'support', 'country', 'people']",11,"['muslimban', 'studentban', 'nobannowall', 'notbanstudentvisa', 'worth_worldwide', 'iranian_student', 'notbanstudentvisa_studentban', 'studentban_plz', 'beautiful_mind', 'letthemin_respect', 'studentban_notbanstudentvisa', 'letthemin', 'notaterrorist_studentban', 'support', 'respect']",4,"['muslimban', 'ban', 'travel', 'muslim', 'trump', 'maga', 'migrant_europe', 'americans_support', 'trumps', 'foxnew_breitbart', 'maga_vet', 'refugee', 'support', 'americans']","[2744552070, 3266563146, 4355797094, 727161588457857024, 758009417111576577, 804155175145533440]","muslimban,muslim,trump,ban,heartland,refuge,people,refugee,america,order,protest,vote,country,studentban,nobannowall,notbanstudentvisa,worth_worldwide,iranian_student,notbanstudentvisa_studentban,studentban_plz,beautiful_mind,letthemin_respect,studentban_notbanstudentvisa,letthemin,notaterrorist_studentban,support,respect,travel,trumps,immigration,maga,migrant_europe,americans_support,foxnew_breitbart,maga_vet,americans","muslimban,muslim,trump,ban,heartland,refuge,people,refugee,america,order,protest,vote,country,studentban,nobannowall,notbanstudentvisa,worth_worldwide,iranian_student,notbanstudentvisa_studentban,studentban_plz,beautiful_mind,letthemin_respect,studentban_notbanstudentvisa,letthemin,notaterrorist_studentban,support,respect","ban,muslimban,muslim,trump,travel,trumps,immigration,order,refugee,support,country,people,maga,migrant_europe,americans_support,foxnew_breitbart,maga_vet,americans","{'US Immigration Policies': ['muslimban', 'trump', 'ban', 'order', 'protest', 'vote', 'studentban', 'nobannowall', 'notbanstudentvisa', 'studentban_notbanstudentvisa', 'notbanstudentvisa_studentban', 'studentban_plz', 'letthemin_respect', 'letthemin', 'notaterrorist_studentban', 'support', 'respect', 'travel', 'trumps', 'immigration', 'maga', 'americans_support', 'foxnew_breitbart', 'maga_vet', 'americans'], 'Impact on Refugees and Migrants': ['muslim', 'heartland', 'refuge', 'people', 'refugee', 'america', 'country', 'worth_worldwide', 'iranian_student', 'beautiful_mind', 'migrant_europe']}",US Immigration Policies.Impact on Refugees and Migrants,"{'Travel and Immigration Restrictions': ['muslimban', 'ban', 'studentban', 'studentban_notbanstudentvisa', 'notbanstudentvisa', 'notbanstudentvisa_studentban', 'studentban_plz', 'notaterrorist_studentban', 'iranian_student', 'letthemin', 'letthemin_respect', 'nobannowall'], 'Political and Social Response': ['trump', 'order', 'protest', 'vote', 'support', 'respect'], 'Impact on People and Communities': ['muslim', 'refuge', 'people', 'refugee', 'america', 'country', 'heartland', 'worth_worldwide', 'beautiful_mind']}",Travel and Immigration Restrictions.Political and Social Response.Impact on People and Communities,"{'US Immigration Policy': ['ban', 'muslimban', 'muslim', 'trump', 'travel', 'trumps', 'immigration', 'order', 'refugee', 'support', 'country', 'people', 'maga', 'americans_support', 'foxnew_breitbart', 'maga_vet', 'americans'], 'European Migration': ['migrant_europe']}",US Immigration Policy.European Migration
40,3,"['muslimban', 'muslim', 'trump', 'ban', 'heartland', 'refuge', 'people', 'refugee', 'america', 'order', 'protest', 'vote', 'country']",34,14,"['ban', 'muslimban', 'muslim', 'trump', 'travel', 'trumps', 'immigration', 'order', 'refugee', 'support', 'country', 'people']",3,"['muslim', 'america_heartland', 'ban', 'america', 'muslimban', 'trump', 'seek', 'heartland', 'refuge', 'seek_refuge', 'nobannowall', 'seek_refuge_america_heartland', 'people', 'refugee', 'executive_order', 'student']",14,"['ban', 'trump', 'muslimban', 'immigration', 'muslim', 'trumps', 'travel', 'order', 'executive_order', 'protest', 'president']","[16935292, 546289246, 1382627982, 2891477268]","muslimban,muslim,trump,ban,heartland,refuge,people,refugee,america,order,protest,vote,country,america_heartland,seek,seek_refuge,nobannowall,seek_refuge_america_heartland,executive_order,student,travel,trumps,immigration,support,president","muslimban,muslim,trump,ban,heartland,refuge,people,refugee,america,order,protest,vote,country,america_heartland,seek,seek_refuge,nobannowall,seek_refuge_america_heartland,executive_order,student","ban,muslimban,muslim,trump,travel,trumps,immigration,order,refugee,support,country,people,executive_order,protest,president","{'US Immigration Policy': 'muslimban, muslim, trump, ban, executive_order, immigration, president, trumps', 'Public Reaction and Protest': 'protest, vote, support, nobannowall', 'Refuge and Asylum': 'refuge, people, refugee, seek, seek_refuge, seek_refuge_america_heartland', 'Impact on America': 'america, america_heartland, heartland, country', 'Travel and Education': 'student, travel'}",US Immigration Policy.Public Reaction and Protest.Refuge and Asylum.Impact on America.Travel and Education,"{'US Immigration Policy and Protests': ['muslimban', 'muslim', 'trump', 'ban', 'order', 'protest', 'vote', 'executive_order', 'nobannowall'], 'Refugees and Seeking Asylum': ['refuge', 'people', 'refugee', 'seek', 'seek_refuge', 'seek_refuge_america_heartland'], ""America's Heartland and Inclusivity"": ['heartland', 'america', 'country', 'america_heartland', 'student']}",US Immigration Policy and Protests.Refugees and Seeking Asylum.America's Heartland and Inclusivity,"{'US Immigration Policy and Controversy': ['ban', 'muslimban', 'muslim', 'trump', 'travel', 'trumps', 'immigration', 'order', 'refugee', 'support', 'country', 'people', 'executive_order', 'protest', 'president']}",US Immigration Policy and Controversy
41,3,"['muslimban', 'muslim', 'trump', 'ban', 'heartland', 'refuge', 'people', 'refugee', 'america', 'order', 'protest', 'vote', 'country']",105,14,"['ban', 'muslimban', 'muslim', 'trump', 'travel', 'trumps', 'immigration', 'order', 'refugee', 'support', 'country', 'people']",3,"['muslim', 'america_heartland', 'ban', 'america', 'muslimban', 'trump', 'seek', 'heartland', 'refuge', 'seek_refuge', 'nobannowall', 'seek_refuge_america_heartland', 'people', 'refugee', 'executive_order', 'student']",14,"['ban', 'trump', 'muslimban', 'immigration', 'muslim', 'trumps', 'travel', 'order', 'executive_order', 'protest', 'president']","[115050842, 2271663888, 2347762888]","muslimban,muslim,trump,ban,heartland,refuge,people,refugee,america,order,protest,vote,country,america_heartland,seek,seek_refuge,nobannowall,seek_refuge_america_heartland,executive_order,student,travel,trumps,immigration,support,president","muslimban,muslim,trump,ban,heartland,refuge,people,refugee,america,order,protest,vote,country,america_heartland,seek,seek_refuge,nobannowall,seek_refuge_america_heartland,executive_order,student","ban,muslimban,muslim,trump,travel,trumps,immigration,order,refugee,support,country,people,executive_order,protest,president","{'US Immigration Policy': 'muslimban, muslim, trump, ban, executive_order, immigration, president, trumps', 'Public Reaction and Protest': 'protest, vote, support, nobannowall', 'Refuge and Asylum': 'refuge, people, refugee, seek, seek_refuge, seek_refuge_america_heartland', 'Impact on America': 'america, america_heartland, heartland, country', 'Travel and Education': 'student, travel, order'}",US Immigration Policy.Public Reaction and Protest.Refuge and Asylum.Impact on America.Travel and Education,"{'US Immigration Policy and Protests': ['muslimban', 'muslim', 'trump', 'ban', 'order', 'protest', 'vote', 'executive_order', 'nobannowall'], 'Refugees and Seeking Asylum': ['refuge', 'people', 'refugee', 'seek', 'seek_refuge', 'seek_refuge_america_heartland'], ""America's Heartland and Inclusivity"": ['heartland', 'america', 'country', 'america_heartland', 'student']}",US Immigration Policy and Protests.Refugees and Seeking Asylum.America's Heartland and Inclusivity,"{'US Immigration Policy and Controversy': ['ban', 'muslimban', 'muslim', 'trump', 'travel', 'trumps', 'immigration', 'order', 'refugee', 'support', 'country', 'people', 'executive_order', 'protest', 'president']}",US Immigration Policy and Controversy
43,3,"['muslimban', 'muslim', 'trump', 'ban', 'heartland', 'refuge', 'people', 'refugee', 'america', 'order', 'protest', 'vote', 'country']",36,14,"['ban', 'muslimban', 'muslim', 'trump', 'travel', 'trumps', 'immigration', 'order', 'refugee', 'support', 'country', 'people']",6,"['ban', 'travel', 'trump', 'trumps', 'immigration', 'president', 'order', 'executive_order', 'sally_yate', 'attorney_general', 'protest']",14,"['ban', 'trump', 'muslimban', 'immigration', 'muslim', 'trumps', 'travel', 'order', 'executive_order', 'protest', 'president']","[580312540, 2997809143, 772316186507812864]","muslimban,muslim,trump,ban,heartland,refuge,people,refugee,america,order,protest,vote,country,travel,trumps,immigration,president,executive_order,sally_yate,attorney_general,support","muslimban,muslim,trump,ban,heartland,refuge,people,refugee,america,order,protest,vote,country,travel,trumps,immigration,president,executive_order,sally_yate,attorney_general","ban,muslimban,muslim,trump,travel,trumps,immigration,order,refugee,support,country,people,executive_order,protest,president","{'US Immigration Policy and Muslim Ban': ['muslimban', 'muslim', 'trump', 'ban', 'america', 'order', 'travel', 'trumps', 'immigration', 'president', 'executive_order', 'sally_yate', 'attorney_general'], 'Public Reaction and Protest': ['protest', 'vote', 'support'], 'Refugees and Asylum Seekers': ['refuge', 'people', 'refugee', 'country'], 'Heartland America': ['heartland']}",US Immigration Policy and Muslim Ban.Public Reaction and Protest.Refugees and Asylum Seekers.Heartland America,"{'US Immigration Policy and Controversy': 'muslimban, muslim, trump, ban, heartland, refuge, people, refugee, america, order, protest, vote, country, travel, trumps, immigration, president, executive_order, sally_yate, attorney_general'}",US Immigration Policy and Controversy,"{'US Immigration Policy and Controversy': ['ban', 'muslimban', 'muslim', 'trump', 'travel', 'trumps', 'immigration', 'order', 'refugee', 'support', 'country', 'people', 'executive_order', 'protest', 'president']}",US Immigration Policy and Controversy
44,3,"['muslimban', 'muslim', 'trump', 'ban', 'heartland', 'refuge', 'people', 'refugee', 'america', 'order', 'protest', 'vote', 'country']",37,14,"['ban', 'muslimban', 'muslim', 'trump', 'travel', 'trumps', 'immigration', 'order', 'refugee', 'support', 'country', 'people']",3,"['muslim', 'america_heartland', 'ban', 'america', 'muslimban', 'trump', 'seek', 'heartland', 'refuge', 'seek_refuge', 'nobannowall', 'seek_refuge_america_heartland', 'people', 'refugee', 'executive_order', 'student']",14,"['ban', 'trump', 'muslimban', 'immigration', 'muslim', 'trumps', 'travel', 'order', 'executive_order', 'protest', 'president']","[78686211, 4261318354, 817354613619707904]","muslimban,muslim,trump,ban,heartland,refuge,people,refugee,america,order,protest,vote,country,america_heartland,seek,seek_refuge,nobannowall,seek_refuge_america_heartland,executive_order,student,travel,trumps,immigration,support,president","muslimban,muslim,trump,ban,heartland,refuge,people,refugee,america,order,protest,vote,country,america_heartland,seek,seek_refuge,nobannowall,seek_refuge_america_heartland,executive_order,student","ban,muslimban,muslim,trump,travel,trumps,immigration,order,refugee,support,country,people,executive_order,protest,president","{'US Immigration Policy': 'muslimban, muslim, trump, ban, executive_order, immigration, travel, trumps, president', 'Public Reaction and Protest': 'protest, vote, support, nobannowall', 'Refuge and Asylum': 'refuge, people, refugee, seek, seek_refuge, seek_refuge_america_heartland', 'American Identity and Values': 'america, america_heartland, heartland, country, student'}",US Immigration Policy.Public Reaction and Protest.Refuge and Asylum.American Identity and Values,"{'US Immigration Policy and Protests': ['muslimban', 'muslim', 'trump', 'ban', 'order', 'protest', 'vote', 'executive_order', 'nobannowall'], 'Refugees and Seeking Asylum': ['refuge', 'people', 'refugee', 'seek', 'seek_refuge', 'seek_refuge_america_heartland'], ""America's Heartland and Inclusivity"": ['heartland', 'america', 'country', 'america_heartland', 'student']}",US Immigration Policy and Protests.Refugees and Seeking Asylum.America's Heartland and Inclusivity,"{'US Immigration Policy and Controversy': ['ban', 'muslimban', 'muslim', 'trump', 'travel', 'trumps', 'immigration', 'order', 'refugee', 'support', 'country', 'people', 'executive_order', 'protest', 'president']}",US Immigration Policy and Controversy
45,1,"['ban', 'trump', 'immigration', 'travel', 'trumps', 'donald', 'order', 'president', 'fire', 'muslim', 'state', 'general', 'attorney', 'defend', 'official']",38,11,"['trump', 'ban', 'resist', 'muslimban', 'immigration', 'trumpleak', 'travel', 'theresistance', 'trumps', 'order', 'nobannowall', 'impeachtrump', 'president', 'resistance', 'stopsession', 'muslim']",6,"['ban', 'travel', 'trump', 'trumps', 'immigration', 'president', 'order', 'executive_order', 'sally_yate', 'attorney_general', 'protest']",14,"['ban', 'trump', 'muslimban', 'immigration', 'muslim', 'trumps', 'travel', 'order', 'executive_order', 'protest', 'president']","[18956073, 2178494170, 777784879832526848, 810975726090457088, 813877904933199873]","ban,trump,immigration,travel,trumps,donald,order,president,fire,muslim,state,general,attorney,defend,official,executive_order,sally_yate,attorney_general,protest,resist,muslimban,trumpleak,theresistance,nobannowall,impeachtrump,resistance,stopsession","ban,trump,immigration,travel,trumps,donald,order,president,fire,muslim,state,general,attorney,defend,official,executive_order,sally_yate,attorney_general,protest","trump,ban,resist,muslimban,immigration,trumpleak,travel,theresistance,trumps,order,nobannowall,impeachtrump,president,resistance,stopsession,muslim,executive_order,protest","{""Trump's Immigration Policies"": ['ban', 'trump', 'immigration', 'travel', 'trumps', 'donald', 'order', 'president', 'executive_order', 'muslimban'], 'Controversial Executive Orders': ['order', 'executive_order', 'muslimban', 'trumpleak'], 'Political Resistance and Protests': ['protest', 'resist', 'theresistance', 'nobannowall', 'impeachtrump', 'resistance'], 'Legal and Governmental Actions': ['fire', 'state', 'general', 'attorney', 'defend', 'official', 'sally_yate', 'attorney_general', 'stopsession']}",Trump's Immigration Policies.Controversial Executive Orders.Political Resistance and Protests.Legal and Governmental Actions,"{""Trump's Immigration and Travel Ban"": ['ban', 'trump', 'immigration', 'travel', 'trumps', 'donald', 'order', 'president', 'executive_order'], 'Controversy and Legal Challenges': ['fire', 'muslim', 'state', 'general', 'attorney', 'defend', 'official', 'sally_yate', 'attorney_general', 'protest']}",Trump's Immigration and Travel Ban.Controversy and Legal Challenges,"{'US Immigration Policy and Protests': 'trump, ban, resist, muslimban, immigration, travel, theresistance, trumps, order, nobannowall, president, resistance, muslim, executive_order, protest', 'Political Opposition to Trump': 'trumpleak, impeachtrump, stopsession'}",US Immigration Policy and Protests.Political Opposition to Trump
46,5,"['nobannowall', 'muslimban', 'student', 'iranian', 'letthemin', 'support', 'standuptotrump']",39,14,"['ban', 'muslimban', 'muslim', 'trump', 'travel', 'trumps', 'immigration', 'order', 'refugee', 'support', 'country', 'people']",11,"['muslimban', 'studentban', 'nobannowall', 'notbanstudentvisa', 'worth_worldwide', 'iranian_student', 'notbanstudentvisa_studentban', 'studentban_plz', 'beautiful_mind', 'letthemin_respect', 'studentban_notbanstudentvisa', 'letthemin', 'notaterrorist_studentban', 'support', 'respect']",14,"['ban', 'trump', 'muslimban', 'immigration', 'muslim', 'trumps', 'travel', 'order', 'executive_order', 'protest', 'president']","[402690551, 4146661151, 4209814889, 749400964000612352, 749534144246480896, 789458841360535552, 789672101036822528]","nobannowall,muslimban,student,iranian,letthemin,support,standuptotrump,studentban,notbanstudentvisa,worth_worldwide,iranian_student,notbanstudentvisa_studentban,studentban_plz,beautiful_mind,letthemin_respect,studentban_notbanstudentvisa,notaterrorist_studentban,respect,ban,muslim,trump,travel,trumps,immigration,order,refugee,country,people,executive_order,protest,president","nobannowall,muslimban,student,iranian,letthemin,support,standuptotrump,studentban,notbanstudentvisa,worth_worldwide,iranian_student,notbanstudentvisa_studentban,studentban_plz,beautiful_mind,letthemin_respect,studentban_notbanstudentvisa,notaterrorist_studentban,respect","ban,muslimban,muslim,trump,travel,trumps,immigration,order,refugee,support,country,people,executive_order,protest,president","{'Travel Ban Protest': ['nobannowall', 'muslimban', 'studentban', 'notbanstudentvisa', 'studentban_notbanstudentvisa', 'notaterrorist_studentban', 'studentban_plz', 'letthemin', 'letthemin_respect', 'support', 'standuptotrump', 'protest', 'respect', 'ban', 'muslim', 'trump', 'trumps', 'immigration', 'order', 'executive_order', 'refugee', 'country', 'people', 'president'], 'Iranian Student Impact': ['student', 'iranian', 'iranian_student', 'notbanstudentvisa_studentban', 'beautiful_mind', 'studentban', 'notbanstudentvisa']}",Travel Ban Protest.Iranian Student Impact,"{'Immigration and Travel Ban Protests': ['nobannowall', 'muslimban', 'letthemin', 'support', 'standuptotrump', 'notbanstudentvisa', 'worth_worldwide', 'letthemin_respect', 'respect'], 'Iranian Students and Visa Issues': ['student', 'iranian', 'iranian_student', 'studentban', 'notbanstudentvisa', 'studentban_notbanstudentvisa', 'notaterrorist_studentban', 'studentban_plz', 'beautiful_mind']}",Immigration and Travel Ban Protests.Iranian Students and Visa Issues,"{'US Immigration Policy and Controversy': ['ban', 'muslimban', 'muslim', 'trump', 'travel', 'trumps', 'immigration', 'order', 'refugee', 'support', 'country', 'people', 'executive_order', 'protest', 'president']}",US Immigration Policy and Controversy
47,3,"['muslimban', 'muslim', 'trump', 'ban', 'heartland', 'refuge', 'people', 'refugee', 'america', 'order', 'protest', 'vote', 'country']",40,14,"['ban', 'muslimban', 'muslim', 'trump', 'travel', 'trumps', 'immigration', 'order', 'refugee', 'support', 'country', 'people']",3,"['muslim', 'america_heartland', 'ban', 'america', 'muslimban', 'trump', 'seek', 'heartland', 'refuge', 'seek_refuge', 'nobannowall', 'seek_refuge_america_heartland', 'people', 'refugee', 'executive_order', 'student']",4,"['muslimban', 'ban', 'travel', 'muslim', 'trump', 'maga', 'migrant_europe', 'americans_support', 'trumps', 'foxnew_breitbart', 'maga_vet', 'refugee', 'support', 'americans']","[39689218, 121191757, 2167042661, 2554692524]","muslimban,muslim,trump,ban,heartland,refuge,people,refugee,america,order,protest,vote,country,america_heartland,seek,seek_refuge,nobannowall,seek_refuge_america_heartland,executive_order,student,travel,trumps,immigration,support,maga,migrant_europe,americans_support,foxnew_breitbart,maga_vet,americans","muslimban,muslim,trump,ban,heartland,refuge,people,refugee,america,order,protest,vote,country,america_heartland,seek,seek_refuge,nobannowall,seek_refuge_america_heartland,executive_order,student","ban,muslimban,muslim,trump,travel,trumps,immigration,order,refugee,support,country,people,maga,migrant_europe,americans_support,foxnew_breitbart,maga_vet,americans","{'US Immigration Policy': ['muslimban', 'trump', 'ban', 'order', 'protest', 'vote', 'executive_order', 'immigration', 'support', 'maga', 'americans_support', 'foxnew_breitbart', 'maga_vet', 'americans'], 'Refugee and Migration Issues': ['muslim', 'refuge', 'people', 'refugee', 'america', 'country', 'seek', 'seek_refuge', 'nobannowall', 'seek_refuge_america_heartland', 'migrant_europe'], 'American Heartland': ['heartland', 'america_heartland'], 'Travel and Student Concerns': ['student', 'travel', 'trumps']}",US Immigration Policy.Refugee and Migration Issues.American Heartland.Travel and Student Concerns,"{'US Immigration Policy and Protests': ['muslimban', 'muslim', 'trump', 'ban', 'order', 'protest', 'vote', 'executive_order', 'nobannowall'], 'Refugees and Seeking Asylum': ['refuge', 'people', 'refugee', 'seek', 'seek_refuge', 'seek_refuge_america_heartland'], ""America's Heartland and Inclusivity"": ['heartland', 'america', 'country', 'america_heartland', 'student']}",US Immigration Policy and Protests.Refugees and Seeking Asylum.America's Heartland and Inclusivity,"{'US Immigration Policy': ['ban', 'muslimban', 'muslim', 'trump', 'travel', 'trumps', 'immigration', 'order', 'refugee', 'support', 'country', 'people', 'maga', 'americans_support', 'foxnew_breitbart', 'maga_vet', 'americans'], 'European Migration': ['migrant_europe']}",US Immigration Policy.European Migration
49,1,"['ban', 'trump', 'immigration', 'travel', 'trumps', 'donald', 'order', 'president', 'fire', 'muslim', 'state', 'general', 'attorney', 'defend', 'official']",67,11,"['trump', 'ban', 'resist', 'muslimban', 'immigration', 'trumpleak', 'travel', 'theresistance', 'trumps', 'order', 'nobannowall', 'impeachtrump', 'president', 'resistance', 'stopsession', 'muslim']",6,"['ban', 'travel', 'trump', 'trumps', 'immigration', 'president', 'order', 'executive_order', 'sally_yate', 'attorney_general', 'protest']",14,"['ban', 'trump', 'muslimban', 'immigration', 'muslim', 'trumps', 'travel', 'order', 'executive_order', 'protest', 'president']","[972651, 16815644, 18993395, 25053299, 36327407, 162437804, 193904555, 800676192, 2622227999, 821504432374501376]","ban,trump,immigration,travel,trumps,donald,order,president,fire,muslim,state,general,attorney,defend,official,executive_order,sally_yate,attorney_general,protest,resist,muslimban,trumpleak,theresistance,nobannowall,impeachtrump,resistance,stopsession","ban,trump,immigration,travel,trumps,donald,order,president,fire,muslim,state,general,attorney,defend,official,executive_order,sally_yate,attorney_general,protest","trump,ban,resist,muslimban,immigration,trumpleak,travel,theresistance,trumps,order,nobannowall,impeachtrump,president,resistance,stopsession,muslim,executive_order,protest","{'US Immigration Policy': ['ban', 'immigration', 'travel', 'order', 'executive_order', 'muslimban', 'nobannowall'], 'Trump Administration': ['trump', 'trumps', 'donald', 'president', 'fire', 'official', 'trumpleak', 'impeachtrump'], 'Legal and Political Resistance': ['state', 'general', 'attorney', 'defend', 'sally_yate', 'attorney_general', 'protest', 'resist', 'theresistance', 'resistance', 'stopsession']}",US Immigration Policy.Trump Administration.Legal and Political Resistance,"{""Trump's Immigration and Travel Ban"": ['ban', 'trump', 'immigration', 'travel', 'trumps', 'donald', 'order', 'president', 'executive_order'], 'Controversy and Legal Challenges': ['fire', 'muslim', 'state', 'general', 'attorney', 'defend', 'official', 'sally_yate', 'attorney_general', 'protest']}",Trump's Immigration and Travel Ban.Controversy and Legal Challenges,"{'US Immigration Policy and Protests': 'trump, ban, resist, muslimban, immigration, travel, theresistance, trumps, order, nobannowall, president, resistance, muslim, executive_order, protest', 'Political Opposition to Trump': 'trumpleak, impeachtrump, stopsession'}",US Immigration Policy and Protests.Political Opposition to Trump
50,3,"['muslimban', 'muslim', 'trump', 'ban', 'heartland', 'refuge', 'people', 'refugee', 'america', 'order', 'protest', 'vote', 'country']",41,11,"['trump', 'ban', 'resist', 'muslimban', 'immigration', 'trumpleak', 'travel', 'theresistance', 'trumps', 'order', 'nobannowall', 'impeachtrump', 'president', 'resistance', 'stopsession', 'muslim']",3,"['muslim', 'america_heartland', 'ban', 'america', 'muslimban', 'trump', 'seek', 'heartland', 'refuge', 'seek_refuge', 'nobannowall', 'seek_refuge_america_heartland', 'people', 'refugee', 'executive_order', 'student']",14,"['ban', 'trump', 'muslimban', 'immigration', 'muslim', 'trumps', 'travel', 'order', 'executive_order', 'protest', 'president']","[27402668, 58619025, 138168339]","muslimban,muslim,trump,ban,heartland,refuge,people,refugee,america,order,protest,vote,country,america_heartland,seek,seek_refuge,nobannowall,seek_refuge_america_heartland,executive_order,student,resist,immigration,trumpleak,travel,theresistance,trumps,impeachtrump,president,resistance,stopsession","muslimban,muslim,trump,ban,heartland,refuge,people,refugee,america,order,protest,vote,country,america_heartland,seek,seek_refuge,nobannowall,seek_refuge_america_heartland,executive_order,student","trump,ban,resist,muslimban,immigration,trumpleak,travel,theresistance,trumps,order,nobannowall,impeachtrump,president,resistance,stopsession,muslim,executive_order,protest","{'US Immigration Policy and Protests': ['muslimban', 'muslim', 'trump', 'ban', 'refuge', 'people', 'refugee', 'america', 'order', 'protest', 'vote', 'country', 'america_heartland', 'seek', 'seek_refuge', 'nobannowall', 'seek_refuge_america_heartland', 'executive_order', 'resist', 'immigration', 'travel', 'theresistance', 'resistance'], 'Political Opposition to Trump': ['trumpleak', 'trumps', 'impeachtrump', 'president', 'stopsession']}",US Immigration Policy and Protests.Political Opposition to Trump,"{'US Immigration Policy and Protests': ['muslimban', 'muslim', 'trump', 'ban', 'order', 'protest', 'vote', 'executive_order', 'nobannowall'], 'Refugees and Seeking Asylum': ['refuge', 'people', 'refugee', 'seek', 'seek_refuge', 'seek_refuge_america_heartland'], ""America's Heartland and Inclusivity"": ['heartland', 'america', 'country', 'america_heartland', 'student']}",US Immigration Policy and Protests.Refugees and Seeking Asylum.America's Heartland and Inclusivity,"{'US Immigration Policy and Protests': 'trump, ban, resist, muslimban, immigration, travel, theresistance, trumps, order, nobannowall, president, resistance, muslim, executive_order, protest', 'Political Opposition to Trump': 'trumpleak, impeachtrump, stopsession'}",US Immigration Policy and Protests.Political Opposition to Trump
51,1,"['ban', 'trump', 'immigration', 'travel', 'trumps', 'donald', 'order', 'president', 'fire', 'muslim', 'state', 'general', 'attorney', 'defend', 'official']",90,11,"['trump', 'ban', 'resist', 'muslimban', 'immigration', 'trumpleak', 'travel', 'theresistance', 'trumps', 'order', 'nobannowall', 'impeachtrump', 'president', 'resistance', 'stopsession', 'muslim']",6,"['ban', 'travel', 'trump', 'trumps', 'immigration', 'president', 'order', 'executive_order', 'sally_yate', 'attorney_general', 'protest']",14,"['ban', 'trump', 'muslimban', 'immigration', 'muslim', 'trumps', 'travel', 'order', 'executive_order', 'protest', 'president']","[816653, 10876852, 275686563, 2474536224, 2722008668]","ban,trump,immigration,travel,trumps,donald,order,president,fire,muslim,state,general,attorney,defend,official,executive_order,sally_yate,attorney_general,protest,resist,muslimban,trumpleak,theresistance,nobannowall,impeachtrump,resistance,stopsession","ban,trump,immigration,travel,trumps,donald,order,president,fire,muslim,state,general,attorney,defend,official,executive_order,sally_yate,attorney_general,protest","trump,ban,resist,muslimban,immigration,trumpleak,travel,theresistance,trumps,order,nobannowall,impeachtrump,president,resistance,stopsession,muslim,executive_order,protest","{""Theme 1: Trump's Immigration Policies"": ['ban', 'trump', 'immigration', 'travel', 'trumps', 'donald', 'order', 'president', 'executive_order', 'muslimban', 'nobannowall'], 'Theme 2: Political Opposition and Resistance': ['protest', 'resist', 'theresistance', 'resistance', 'impeachtrump', 'stopsession'], 'Theme 3: Legal and Governmental Actions': ['fire', 'state', 'general', 'attorney', 'defend', 'official', 'sally_yate', 'attorney_general']}",Theme 1: Trump's Immigration Policies.Theme 2: Political Opposition and Resistance.Theme 3: Legal and Governmental Actions,"{""Trump's Immigration and Travel Ban"": ['ban', 'trump', 'immigration', 'travel', 'trumps', 'donald', 'order', 'president', 'executive_order'], 'Controversy and Legal Challenges': ['fire', 'muslim', 'state', 'general', 'attorney', 'defend', 'official', 'sally_yate', 'attorney_general', 'protest']}",Trump's Immigration and Travel Ban.Controversy and Legal Challenges,"{'US Immigration Policy and Protests': 'trump, ban, resist, muslimban, immigration, travel, theresistance, trumps, order, nobannowall, president, resistance, muslim, executive_order, protest', 'Political Opposition to Trump': 'trumpleak, impeachtrump, stopsession'}",US Immigration Policy and Protests.Political Opposition to Trump
52,3,"['muslimban', 'muslim', 'trump', 'ban', 'heartland', 'refuge', 'people', 'refugee', 'america', 'order', 'protest', 'vote', 'country']",42,14,"['ban', 'muslimban', 'muslim', 'trump', 'travel', 'trumps', 'immigration', 'order', 'refugee', 'support', 'country', 'people']",0,"['muslimban', 'migrant_europe', 'trump', 'foxnew_breitbart', 'maga_vet', 'europe']",14,"['ban', 'trump', 'muslimban', 'immigration', 'muslim', 'trumps', 'travel', 'order', 'executive_order', 'protest', 'president']","[4886682706, 4909739327, 759511561648140288, 759511561648140300]","muslimban,muslim,trump,ban,heartland,refuge,people,refugee,america,order,protest,vote,country,migrant_europe,foxnew_breitbart,maga_vet,europe,travel,trumps,immigration,support,executive_order,president","muslimban,muslim,trump,ban,heartland,refuge,people,refugee,america,order,protest,vote,country,migrant_europe,foxnew_breitbart,maga_vet,europe","ban,muslimban,muslim,trump,travel,trumps,immigration,order,refugee,support,country,people,executive_order,protest,president","{'US Immigration Policy': 'muslimban, muslim, trump, ban, america, order, protest, vote, country, travel, trumps, immigration, support, executive_order, president', 'Refugee and Migrant Issues': 'refuge, people, refugee, migrant_europe, europe', 'Media and Political Influence': 'heartland, foxnew_breitbart, maga_vet'}",US Immigration Policy.Refugee and Migrant Issues.Media and Political Influence,"{'US Immigration Policy': 'muslimban, muslim, trump, ban, america, order, protest, vote, country, refugee', 'Media and Political Influence': 'foxnew_breitbart, maga_vet', 'Migration and Refugees': 'refuge, people, migrant_europe, europe, heartland'}",US Immigration Policy.Media and Political Influence.Migration and Refugees,"{'US Immigration Policy and Controversy': ['ban', 'muslimban', 'muslim', 'trump', 'travel', 'trumps', 'immigration', 'order', 'refugee', 'support', 'country', 'people', 'executive_order', 'protest', 'president']}",US Immigration Policy and Controversy
53,3,"['muslimban', 'muslim', 'trump', 'ban', 'heartland', 'refuge', 'people', 'refugee', 'america', 'order', 'protest', 'vote', 'country']",43,14,"['ban', 'muslimban', 'muslim', 'trump', 'travel', 'trumps', 'immigration', 'order', 'refugee', 'support', 'country', 'people']",3,"['muslim', 'america_heartland', 'ban', 'america', 'muslimban', 'trump', 'seek', 'heartland', 'refuge', 'seek_refuge', 'nobannowall', 'seek_refuge_america_heartland', 'people', 'refugee', 'executive_order', 'student']",14,"['ban', 'trump', 'muslimban', 'immigration', 'muslim', 'trumps', 'travel', 'order', 'executive_order', 'protest', 'president']","[16153562, 1613211823, 773274076760551424]","muslimban,muslim,trump,ban,heartland,refuge,people,refugee,america,order,protest,vote,country,america_heartland,seek,seek_refuge,nobannowall,seek_refuge_america_heartland,executive_order,student,travel,trumps,immigration,support,president","muslimban,muslim,trump,ban,heartland,refuge,people,refugee,america,order,protest,vote,country,america_heartland,seek,seek_refuge,nobannowall,seek_refuge_america_heartland,executive_order,student","ban,muslimban,muslim,trump,travel,trumps,immigration,order,refugee,support,country,people,executive_order,protest,president","{'US Immigration Policy': 'muslimban, muslim, trump, ban, executive_order, immigration, president, trumps', 'Public Reaction and Protest': 'protest, vote, support, nobannowall', 'Refuge and Asylum': 'refuge, people, refugee, seek, seek_refuge, seek_refuge_america_heartland', 'Impact on America': 'america, america_heartland, heartland, country', 'Travel and Education': 'student, travel, order'}",US Immigration Policy.Public Reaction and Protest.Refuge and Asylum.Impact on America.Travel and Education,"{'US Immigration Policy and Protests': ['muslimban', 'muslim', 'trump', 'ban', 'order', 'protest', 'vote', 'executive_order', 'nobannowall'], 'Refugees and Seeking Asylum': ['refuge', 'people', 'refugee', 'seek', 'seek_refuge', 'seek_refuge_america_heartland'], ""America's Heartland and Inclusivity"": ['heartland', 'america', 'country', 'america_heartland', 'student']}",US Immigration Policy and Protests.Refugees and Seeking Asylum.America's Heartland and Inclusivity,"{'US Immigration Policy and Controversy': ['ban', 'muslimban', 'muslim', 'trump', 'travel', 'trumps', 'immigration', 'order', 'refugee', 'support', 'country', 'people', 'executive_order', 'protest', 'president']}",US Immigration Policy and Controversy
54,3,"['muslimban', 'muslim', 'trump', 'ban', 'heartland', 'refuge', 'people', 'refugee', 'america', 'order', 'protest', 'vote', 'country']",44,14,"['ban', 'muslimban', 'muslim', 'trump', 'travel', 'trumps', 'immigration', 'order', 'refugee', 'support', 'country', 'people']",3,"['muslim', 'america_heartland', 'ban', 'america', 'muslimban', 'trump', 'seek', 'heartland', 'refuge', 'seek_refuge', 'nobannowall', 'seek_refuge_america_heartland', 'people', 'refugee', 'executive_order', 'student']",14,"['ban', 'trump', 'muslimban', 'immigration', 'muslim', 'trumps', 'travel', 'order', 'executive_order', 'protest', 'president']","[119099353, 3349071273, 762409577681784832]","muslimban,muslim,trump,ban,heartland,refuge,people,refugee,america,order,protest,vote,country,america_heartland,seek,seek_refuge,nobannowall,seek_refuge_america_heartland,executive_order,student,travel,trumps,immigration,support,president","muslimban,muslim,trump,ban,heartland,refuge,people,refugee,america,order,protest,vote,country,america_heartland,seek,seek_refuge,nobannowall,seek_refuge_america_heartland,executive_order,student","ban,muslimban,muslim,trump,travel,trumps,immigration,order,refugee,support,country,people,executive_order,protest,president","{'US Immigration Policy': 'muslimban, muslim, trump, ban, order, protest, vote, country, executive_order, travel, trumps, immigration, support, president', 'Refugee and Asylum Seekers': 'refuge, people, refugee, seek, seek_refuge, seek_refuge_america_heartland', 'American Heartland Response': 'heartland, america, america_heartland, nobannowall, student'}",US Immigration Policy.Refugee and Asylum Seekers.American Heartland Response,"{'US Immigration Policy and Protests': ['muslimban', 'muslim', 'trump', 'ban', 'order', 'protest', 'vote', 'executive_order', 'nobannowall'], 'Refugees and Seeking Asylum': ['refuge', 'people', 'refugee', 'seek', 'seek_refuge', 'seek_refuge_america_heartland'], ""America's Heartland and Inclusivity"": ['heartland', 'america', 'country', 'america_heartland', 'student']}",US Immigration Policy and Protests.Refugees and Seeking Asylum.America's Heartland and Inclusivity,"{'US Immigration Policy and Controversy': ['ban', 'muslimban', 'muslim', 'trump', 'travel', 'trumps', 'immigration', 'order', 'refugee', 'support', 'country', 'people', 'executive_order', 'protest', 'president']}",US Immigration Policy and Controversy
55,12,"['end', 'columbus', 'crowd', 'statehouse', 'ppl', 'themarchcontinue', 'atlanta', 'pepperspray', 'chant', 'medical', 'demilitarizecpd', 'pepperspraye', 'marching']",45,6,"['muslimban', 'nobannowall', 'studentban', 'notbanstudentvisa', 'student', 'pressure', 'weak', 'iranian', 'letthemin', 'plz', 'york']",3,"['muslim', 'america_heartland', 'ban', 'america', 'muslimban', 'trump', 'seek', 'heartland', 'refuge', 'seek_refuge', 'nobannowall', 'seek_refuge_america_heartland', 'people', 'refugee', 'executive_order', 'student']",12,"['nobannowall', 'muslimban', 'studentban', 'notbanstudentvisa', 'worth_worldwide', 'iranian_student', 'student', 'notbanstudentvisa_studentban', 'studentban_notbanstudentvisa', 'letthemin_respect', 'beautiful_mind', 'studentban_plz', 'letthemin', 'march_york', 'notaterrorist_studentban', 'plz']","[2904163055, 3010711135, 3762884535, 728947876836089856, 728947876836089900, 822907599205105665]","end,columbus,crowd,statehouse,ppl,themarchcontinue,atlanta,pepperspray,chant,medical,demilitarizecpd,pepperspraye,marching,muslim,america_heartland,ban,america,muslimban,trump,seek,heartland,refuge,seek_refuge,nobannowall,seek_refuge_america_heartland,people,refugee,executive_order,student,studentban,notbanstudentvisa,pressure,weak,iranian,letthemin,plz,york,worth_worldwide,iranian_student,notbanstudentvisa_studentban,studentban_notbanstudentvisa,letthemin_respect,beautiful_mind,studentban_plz,march_york,notaterrorist_studentban","end,columbus,crowd,statehouse,ppl,themarchcontinue,atlanta,pepperspray,chant,medical,demilitarizecpd,pepperspraye,marching,muslim,america_heartland,ban,america,muslimban,trump,seek,heartland,refuge,seek_refuge,nobannowall,seek_refuge_america_heartland,people,refugee,executive_order,student","muslimban,nobannowall,studentban,notbanstudentvisa,student,pressure,weak,iranian,letthemin,plz,york,worth_worldwide,iranian_student,notbanstudentvisa_studentban,studentban_notbanstudentvisa,letthemin_respect,beautiful_mind,studentban_plz,march_york,notaterrorist_studentban","{'Protests and Demonstrations': ['end', 'columbus', 'crowd', 'statehouse', 'ppl', 'themarchcontinue', 'atlanta', 'pepperspray', 'chant', 'medical', 'demilitarizecpd', 'pepperspraye', 'marching'], 'Immigration and Refugee Issues': ['muslim', 'america_heartland', 'ban', 'america', 'muslimban', 'trump', 'seek', 'heartland', 'refuge', 'seek_refuge', 'nobannowall', 'seek_refuge_america_heartland', 'people', 'refugee', 'executive_order'], 'Student Visa and Immigration Policies': ['student', 'studentban', 'notbanstudentvisa', 'pressure', 'weak', 'iranian', 'letthemin', 'plz', 'york', 'worth_worldwide', 'iranian_student', 'notbanstudentvisa_studentban', 'studentban_notbanstudentvisa', 'letthemin_respect', 'beautiful_mind', 'studentban_plz', 'march_york', 'notaterrorist_studentban']}",Protests and Demonstrations.Immigration and Refugee Issues.Student Visa and Immigration Policies,"{'Protest and Demonstration': ['end', 'columbus', 'crowd', 'statehouse', 'ppl', 'themarchcontinue', 'atlanta', 'pepperspray', 'chant', 'medical', 'demilitarizecpd', 'pepperspraye', 'marching'], 'Immigration and Refugee Issues': ['muslim', 'america_heartland', 'ban', 'america', 'muslimban', 'trump', 'seek', 'heartland', 'refuge', 'seek_refuge', 'nobannowall', 'seek_refuge_america_heartland', 'people', 'refugee', 'executive_order', 'student']}",Protest and Demonstration.Immigration and Refugee Issues,"{'Travel and Immigration Restrictions': ['muslimban', 'nobannowall', 'studentban', 'notbanstudentvisa', 'letthemin', 'plz', 'worth_worldwide', 'notbanstudentvisa_studentban', 'studentban_notbanstudentvisa', 'letthemin_respect', 'studentban_plz', 'notaterrorist_studentban'], 'Iranian Students and Advocacy': ['iranian', 'iranian_student', 'student', 'beautiful_mind'], 'Protests and Demonstrations': ['march_york', 'york'], 'Public Sentiment and Reactions': ['pressure', 'weak']}",Travel and Immigration Restrictions.Iranian Students and Advocacy.Protests and Demonstrations.Public Sentiment and Reactions
56,3,"['muslimban', 'muslim', 'trump', 'ban', 'heartland', 'refuge', 'people', 'refugee', 'america', 'order', 'protest', 'vote', 'country']",46,14,"['ban', 'muslimban', 'muslim', 'trump', 'travel', 'trumps', 'immigration', 'order', 'refugee', 'support', 'country', 'people']",9,"['muslimban', 'resist', 'trumpleak', 'theresistance', 'trump', 'impeachtrump', 'resistance', 'nobannowall', 'resistance_theresistance', 'nodapl', 'break', 'session']",14,"['ban', 'trump', 'muslimban', 'immigration', 'muslim', 'trumps', 'travel', 'order', 'executive_order', 'protest', 'president']","[16163639, 595009255, 1607390360]","muslimban,muslim,trump,ban,heartland,refuge,people,refugee,america,order,protest,vote,country,resist,trumpleak,theresistance,impeachtrump,resistance,nobannowall,resistance_theresistance,nodapl,break,session,travel,trumps,immigration,support,executive_order,president","muslimban,muslim,trump,ban,heartland,refuge,people,refugee,america,order,protest,vote,country,resist,trumpleak,theresistance,impeachtrump,resistance,nobannowall,resistance_theresistance,nodapl,break,session","ban,muslimban,muslim,trump,travel,trumps,immigration,order,refugee,support,country,people,executive_order,protest,president","{'US Immigration Policy and Protests': ['muslimban', 'muslim', 'trump', 'ban', 'refuge', 'refugee', 'america', 'order', 'protest', 'resist', 'trumpleak', 'theresistance', 'impeachtrump', 'resistance', 'nobannowall', 'resistance_theresistance', 'nodapl', 'travel', 'trumps', 'immigration', 'executive_order', 'president'], 'Political Opposition and Activism': ['heartland', 'people', 'vote', 'country', 'break', 'session', 'support']}",US Immigration Policy and Protests.Political Opposition and Activism,"{'US Immigration Policy and Protests': 'muslimban, muslim, trump, ban, heartland, refuge, people, refugee, america, order, protest, vote, country, resist, trumpleak, theresistance, impeachtrump, resistance, nobannowall, resistance_theresistance, nodapl, break, session'}",US Immigration Policy and Protests,"{'US Immigration Policy and Controversy': ['ban', 'muslimban', 'muslim', 'trump', 'travel', 'trumps', 'immigration', 'order', 'refugee', 'support', 'country', 'people', 'executive_order', 'protest', 'president']}",US Immigration Policy and Controversy
57,1,"['ban', 'trump', 'immigration', 'travel', 'trumps', 'donald', 'order', 'president', 'fire', 'muslim', 'state', 'general', 'attorney', 'defend', 'official']",47,14,"['ban', 'muslimban', 'muslim', 'trump', 'travel', 'trumps', 'immigration', 'order', 'refugee', 'support', 'country', 'people']",3,"['muslim', 'america_heartland', 'ban', 'america', 'muslimban', 'trump', 'seek', 'heartland', 'refuge', 'seek_refuge', 'nobannowall', 'seek_refuge_america_heartland', 'people', 'refugee', 'executive_order', 'student']",14,"['ban', 'trump', 'muslimban', 'immigration', 'muslim', 'trumps', 'travel', 'order', 'executive_order', 'protest', 'president']","[15995155, 16887175, 130138925, 310535567, 2814758262]","ban,trump,immigration,travel,trumps,donald,order,president,fire,muslim,state,general,attorney,defend,official,america_heartland,america,muslimban,seek,heartland,refuge,seek_refuge,nobannowall,seek_refuge_america_heartland,people,refugee,executive_order,student,support,country,protest","ban,trump,immigration,travel,trumps,donald,order,president,fire,muslim,state,general,attorney,defend,official,america_heartland,america,muslimban,seek,heartland,refuge,seek_refuge,nobannowall,seek_refuge_america_heartland,people,refugee,executive_order,student","ban,muslimban,muslim,trump,travel,trumps,immigration,order,refugee,support,country,people,executive_order,protest,president","{'US Immigration Policy': ['ban', 'immigration', 'travel', 'order', 'executive_order', 'refugee', 'country', 'protest', 'support', 'student'], 'Trump Administration Actions': ['trump', 'trumps', 'donald', 'president', 'fire', 'state', 'general', 'attorney', 'defend', 'official'], 'Muslim Ban Controversy': ['muslim', 'muslimban', 'nobannowall', 'seek_refuge', 'seek_refuge_america_heartland', 'america_heartland', 'america', 'heartland', 'people', 'refuge']}",US Immigration Policy.Trump Administration Actions.Muslim Ban Controversy,"{'US Immigration Policy': ['ban', 'immigration', 'travel', 'order', 'muslim', 'muslimban', 'refuge', 'seek_refuge', 'nobannowall', 'seek_refuge_america_heartland', 'refugee', 'executive_order', 'student'], 'Trump Administration': ['trump', 'trumps', 'donald', 'president', 'fire', 'state', 'general', 'attorney', 'defend', 'official', 'america_heartland', 'america', 'people']}",US Immigration Policy.Trump Administration,"{'US Immigration Policy and Controversy': ['ban', 'muslimban', 'muslim', 'trump', 'travel', 'trumps', 'immigration', 'order', 'refugee', 'support', 'country', 'people', 'executive_order', 'protest', 'president']}",US Immigration Policy and Controversy
58,3,"['muslimban', 'muslim', 'trump', 'ban', 'heartland', 'refuge', 'people', 'refugee', 'america', 'order', 'protest', 'vote', 'country']",48,14,"['ban', 'muslimban', 'muslim', 'trump', 'travel', 'trumps', 'immigration', 'order', 'refugee', 'support', 'country', 'people']",3,"['muslim', 'america_heartland', 'ban', 'america', 'muslimban', 'trump', 'seek', 'heartland', 'refuge', 'seek_refuge', 'nobannowall', 'seek_refuge_america_heartland', 'people', 'refugee', 'executive_order', 'student']",14,"['ban', 'trump', 'muslimban', 'immigration', 'muslim', 'trumps', 'travel', 'order', 'executive_order', 'protest', 'president']","[14478814, 22657082, 49786037, 736642800, 905100619, 4488606077]","muslimban,muslim,trump,ban,heartland,refuge,people,refugee,america,order,protest,vote,country,america_heartland,seek,seek_refuge,nobannowall,seek_refuge_america_heartland,executive_order,student,travel,trumps,immigration,support,president","muslimban,muslim,trump,ban,heartland,refuge,people,refugee,america,order,protest,vote,country,america_heartland,seek,seek_refuge,nobannowall,seek_refuge_america_heartland,executive_order,student","ban,muslimban,muslim,trump,travel,trumps,immigration,order,refugee,support,country,people,executive_order,protest,president","{'US Immigration Policy': 'muslimban, muslim, trump, ban, executive_order, immigration, president, trumps', 'Public Reaction and Protest': 'protest, vote, support, nobannowall', 'Refuge and Asylum': 'refuge, people, refugee, seek, seek_refuge, seek_refuge_america_heartland', 'Impact on America': 'america, america_heartland, heartland, country', 'Travel and Education': 'student, travel, order'}",US Immigration Policy.Public Reaction and Protest.Refuge and Asylum.Impact on America.Travel and Education,"{'US Immigration Policy and Protests': ['muslimban', 'muslim', 'trump', 'ban', 'order', 'protest', 'vote', 'executive_order', 'nobannowall'], 'Refugees and Seeking Asylum': ['refuge', 'people', 'refugee', 'seek', 'seek_refuge', 'seek_refuge_america_heartland'], ""America's Heartland and Inclusivity"": ['heartland', 'america', 'country', 'america_heartland', 'student']}",US Immigration Policy and Protests.Refugees and Seeking Asylum.America's Heartland and Inclusivity,"{'US Immigration Policy and Controversy': ['ban', 'muslimban', 'muslim', 'trump', 'travel', 'trumps', 'immigration', 'order', 'refugee', 'support', 'country', 'people', 'executive_order', 'protest', 'president']}",US Immigration Policy and Controversy
59,3,"['muslimban', 'muslim', 'trump', 'ban', 'heartland', 'refuge', 'people', 'refugee', 'america', 'order', 'protest', 'vote', 'country']",49,14,"['ban', 'muslimban', 'muslim', 'trump', 'travel', 'trumps', 'immigration', 'order', 'refugee', 'support', 'country', 'people']",9,"['muslimban', 'resist', 'trumpleak', 'theresistance', 'trump', 'impeachtrump', 'resistance', 'nobannowall', 'resistance_theresistance', 'nodapl', 'break', 'session']",14,"['ban', 'trump', 'muslimban', 'immigration', 'muslim', 'trumps', 'travel', 'order', 'executive_order', 'protest', 'president']","[391082534, 2811909217, 799015223583719424]","muslimban,muslim,trump,ban,heartland,refuge,people,refugee,america,order,protest,vote,country,resist,trumpleak,theresistance,impeachtrump,resistance,nobannowall,resistance_theresistance,nodapl,break,session,travel,trumps,immigration,support,executive_order,president","muslimban,muslim,trump,ban,heartland,refuge,people,refugee,america,order,protest,vote,country,resist,trumpleak,theresistance,impeachtrump,resistance,nobannowall,resistance_theresistance,nodapl,break,session","ban,muslimban,muslim,trump,travel,trumps,immigration,order,refugee,support,country,people,executive_order,protest,president","{'US Immigration Policy and Protests': ['muslimban', 'muslim', 'trump', 'ban', 'refuge', 'refugee', 'america', 'order', 'protest', 'resist', 'trumpleak', 'theresistance', 'impeachtrump', 'resistance', 'nobannowall', 'resistance_theresistance', 'nodapl', 'travel', 'trumps', 'immigration', 'executive_order', 'president'], 'Political Opposition and Activism': ['heartland', 'people', 'vote', 'country', 'break', 'session', 'support']}",US Immigration Policy and Protests.Political Opposition and Activism,"{'US Immigration Policy and Protests': 'muslimban, muslim, trump, ban, heartland, refuge, people, refugee, america, order, protest, vote, country, resist, trumpleak, theresistance, impeachtrump, resistance, nobannowall, resistance_theresistance, nodapl, break, session'}",US Immigration Policy and Protests,"{'US Immigration Policy and Controversy': ['ban', 'muslimban', 'muslim', 'trump', 'travel', 'trumps', 'immigration', 'order', 'refugee', 'support', 'country', 'people', 'executive_order', 'protest', 'president']}",US Immigration Policy and Controversy
60,5,"['nobannowall', 'muslimban', 'student', 'iranian', 'letthemin', 'support', 'standuptotrump']",51,6,"['muslimban', 'nobannowall', 'studentban', 'notbanstudentvisa', 'student', 'pressure', 'weak', 'iranian', 'letthemin', 'plz', 'york']",3,"['muslim', 'america_heartland', 'ban', 'america', 'muslimban', 'trump', 'seek', 'heartland', 'refuge', 'seek_refuge', 'nobannowall', 'seek_refuge_america_heartland', 'people', 'refugee', 'executive_order', 'student']",14,"['ban', 'trump', 'muslimban', 'immigration', 'muslim', 'trumps', 'travel', 'order', 'executive_order', 'protest', 'president']","[15088481, 2192535276, 811561006702985216]","nobannowall,muslimban,student,iranian,letthemin,support,standuptotrump,muslim,america_heartland,ban,america,trump,seek,heartland,refuge,seek_refuge,seek_refuge_america_heartland,people,refugee,executive_order,studentban,notbanstudentvisa,pressure,weak,plz,york,immigration,trumps,travel,order,protest,president","nobannowall,muslimban,student,iranian,letthemin,support,standuptotrump,muslim,america_heartland,ban,america,trump,seek,heartland,refuge,seek_refuge,seek_refuge_america_heartland,people,refugee,executive_order","muslimban,nobannowall,studentban,notbanstudentvisa,student,pressure,weak,iranian,letthemin,plz,york,ban,trump,immigration,muslim,trumps,travel,order,executive_order,protest,president","{'Immigration and Travel Ban Protests': ['nobannowall', 'muslimban', 'letthemin', 'standuptotrump', 'ban', 'executive_order', 'studentban', 'notbanstudentvisa', 'pressure', 'protest', 'travel', 'order', 'president'], 'Impact on Students and Refugees': ['student', 'iranian', 'muslim', 'america_heartland', 'america', 'seek', 'heartland', 'refuge', 'seek_refuge', 'seek_refuge_america_heartland', 'people', 'refugee', 'york', 'immigration', 'trumps', 'weak', 'plz', 'support']}",Immigration and Travel Ban Protests.Impact on Students and Refugees,"{'Immigration and Refugee Policy': ['nobannowall', 'muslimban', 'letthemin', 'ban', 'refuge', 'seek_refuge', 'seek_refuge_america_heartland', 'refugee', 'executive_order'], 'Political Activism and Opposition': ['support', 'standuptotrump'], 'Affected Groups and Regions': ['student', 'iranian', 'muslim', 'america_heartland', 'people', 'america', 'trump', 'heartland']}",Immigration and Refugee Policy.Political Activism and Opposition.Affected Groups and Regions,"{'US Immigration Policies': 'muslimban, nobannowall, studentban, notbanstudentvisa, ban, immigration, travel, order, executive_order', 'Protests and Public Response': 'pressure, weak, letthemin, plz, protest', 'Trump Administration Actions': 'trump, trumps, president', 'Affected Groups and Locations': 'student, iranian, muslim, york'}",US Immigration Policies.Protests and Public Response.Trump Administration Actions.Affected Groups and Locations
61,1,"['ban', 'trump', 'immigration', 'travel', 'trumps', 'donald', 'order', 'president', 'fire', 'muslim', 'state', 'general', 'attorney', 'defend', 'official']",52,11,"['trump', 'ban', 'resist', 'muslimban', 'immigration', 'trumpleak', 'travel', 'theresistance', 'trumps', 'order', 'nobannowall', 'impeachtrump', 'president', 'resistance', 'stopsession', 'muslim']",6,"['ban', 'travel', 'trump', 'trumps', 'immigration', 'president', 'order', 'executive_order', 'sally_yate', 'attorney_general', 'protest']",14,"['ban', 'trump', 'muslimban', 'immigration', 'muslim', 'trumps', 'travel', 'order', 'executive_order', 'protest', 'president']","[862015052, 732515283902943200, 732515283902943232, 764293754954125313]","ban,trump,immigration,travel,trumps,donald,order,president,fire,muslim,state,general,attorney,defend,official,executive_order,sally_yate,attorney_general,protest,resist,muslimban,trumpleak,theresistance,nobannowall,impeachtrump,resistance,stopsession","ban,trump,immigration,travel,trumps,donald,order,president,fire,muslim,state,general,attorney,defend,official,executive_order,sally_yate,attorney_general,protest","trump,ban,resist,muslimban,immigration,trumpleak,travel,theresistance,trumps,order,nobannowall,impeachtrump,president,resistance,stopsession,muslim,executive_order,protest","{'Travel Ban Controversy': ['ban', 'immigration', 'travel', 'order', 'executive_order', 'muslim', 'muslimban', 'nobannowall'], 'Trump Administration Actions': ['trump', 'trumps', 'donald', 'president', 'fire', 'official', 'trumpleak', 'impeachtrump'], 'Legal and Political Resistance': ['state', 'general', 'attorney', 'defend', 'sally_yate', 'attorney_general', 'protest', 'resist', 'theresistance', 'resistance', 'stopsession']}",Travel Ban Controversy.Trump Administration Actions.Legal and Political Resistance,"{""Trump's Immigration and Travel Ban"": ['ban', 'trump', 'immigration', 'travel', 'trumps', 'donald', 'order', 'president', 'executive_order'], 'Controversy and Legal Challenges': ['fire', 'muslim', 'state', 'general', 'attorney', 'defend', 'official', 'sally_yate', 'attorney_general', 'protest']}",Trump's Immigration and Travel Ban.Controversy and Legal Challenges,"{'US Immigration Policy and Protests': 'trump, ban, resist, muslimban, immigration, travel, theresistance, trumps, order, nobannowall, president, resistance, muslim, executive_order, protest', 'Political Opposition to Trump': 'trumpleak, impeachtrump, stopsession'}",US Immigration Policy and Protests.Political Opposition to Trump
62,1,"['ban', 'trump', 'immigration', 'travel', 'trumps', 'donald', 'order', 'president', 'fire', 'muslim', 'state', 'general', 'attorney', 'defend', 'official']",54,14,"['ban', 'muslimban', 'muslim', 'trump', 'travel', 'trumps', 'immigration', 'order', 'refugee', 'support', 'country', 'people']",6,"['ban', 'travel', 'trump', 'trumps', 'immigration', 'president', 'order', 'executive_order', 'sally_yate', 'attorney_general', 'protest']",14,"['ban', 'trump', 'muslimban', 'immigration', 'muslim', 'trumps', 'travel', 'order', 'executive_order', 'protest', 'president']","[243541123, 380285402, 1608502766, 2804434682]","ban,trump,immigration,travel,trumps,donald,order,president,fire,muslim,state,general,attorney,defend,official,executive_order,sally_yate,attorney_general,protest,muslimban,refugee,support,country,people","ban,trump,immigration,travel,trumps,donald,order,president,fire,muslim,state,general,attorney,defend,official,executive_order,sally_yate,attorney_general,protest","ban,muslimban,muslim,trump,travel,trumps,immigration,order,refugee,support,country,people,executive_order,protest,president","{""Trump's Immigration Policy"": ['ban', 'trump', 'immigration', 'travel', 'trumps', 'donald', 'order', 'president', 'executive_order', 'muslimban', 'refugee', 'country', 'people'], 'Controversy and Legal Challenges': ['fire', 'state', 'general', 'attorney', 'defend', 'official', 'sally_yate', 'attorney_general', 'protest', 'support']}",Trump's Immigration Policy.Controversy and Legal Challenges,"{""Trump's Immigration and Travel Ban"": ['ban', 'trump', 'immigration', 'travel', 'trumps', 'donald', 'order', 'president', 'executive_order'], 'Controversy and Legal Challenges': ['fire', 'muslim', 'state', 'general', 'attorney', 'defend', 'official', 'sally_yate', 'attorney_general', 'protest']}",Trump's Immigration and Travel Ban.Controversy and Legal Challenges,"{'US Immigration Policy and Controversy': ['ban', 'muslimban', 'muslim', 'trump', 'travel', 'trumps', 'immigration', 'order', 'refugee', 'support', 'country', 'people', 'executive_order', 'protest', 'president']}",US Immigration Policy and Controversy
63,14,"['muslim', 'ban', 'seek', 'america', 'country']",55,12,"['ban', 'donald', 'trump', 'trumps', 'travel', 'immigration', 'fire', 'general', 'attorney', 'cnn', 'state', 'muslim', 'defiance']",12,"['ban', 'donald', 'trump', 'trumps', 'immigration', 'stock', 'travel', 'fire', 'dissent_memo', 'fire_attorney', 'muslim']",14,"['ban', 'trump', 'muslimban', 'immigration', 'muslim', 'trumps', 'travel', 'order', 'executive_order', 'protest', 'president']","[30554954, 196411725, 1500129642]","muslim,ban,seek,america,country,donald,trump,trumps,immigration,stock,travel,fire,dissent_memo,fire_attorney,general,attorney,cnn,state,defiance,muslimban,order,executive_order,protest,president","muslim,ban,seek,america,country,donald,trump,trumps,immigration,stock,travel,fire,dissent_memo,fire_attorney","ban,donald,trump,trumps,travel,immigration,fire,general,attorney,cnn,state,muslim,defiance,muslimban,order,executive_order,protest,president","{'Theme 1': 'Muslim travel ban and its implications', 'Keywords': ['muslim', 'ban', 'muslimban', 'travel', 'order', 'executive_order', 'protest', 'defiance']}",Theme 1.Keywords,"{'US Immigration Policy Under Trump Administration': ['muslim', 'ban', 'america', 'country', 'donald', 'trump', 'trumps', 'immigration', 'travel', 'dissent_memo', 'fire_attorney'], 'Impact on Economy and Legal System': ['stock', 'fire', 'dissent_memo', 'fire_attorney']}",US Immigration Policy Under Trump Administration.Impact on Economy and Legal System,"{'US Immigration Policy': ['ban', 'travel', 'immigration', 'muslim', 'muslimban', 'order', 'executive_order', 'protest'], 'Trump Administration': ['donald', 'trump', 'trumps', 'president'], 'Legal and Political Reactions': ['fire', 'general', 'attorney', 'defiance', 'state', 'cnn']}",US Immigration Policy.Trump Administration.Legal and Political Reactions
64,1,"['ban', 'trump', 'immigration', 'travel', 'trumps', 'donald', 'order', 'president', 'fire', 'muslim', 'state', 'general', 'attorney', 'defend', 'official']",56,14,"['ban', 'muslimban', 'muslim', 'trump', 'travel', 'trumps', 'immigration', 'order', 'refugee', 'support', 'country', 'people']",6,"['ban', 'travel', 'trump', 'trumps', 'immigration', 'president', 'order', 'executive_order', 'sally_yate', 'attorney_general', 'protest']",14,"['ban', 'trump', 'muslimban', 'immigration', 'muslim', 'trumps', 'travel', 'order', 'executive_order', 'protest', 'president']","[17672825, 38154280, 409116367, 897197394]","ban,trump,immigration,travel,trumps,donald,order,president,fire,muslim,state,general,attorney,defend,official,executive_order,sally_yate,attorney_general,protest,muslimban,refugee,support,country,people","ban,trump,immigration,travel,trumps,donald,order,president,fire,muslim,state,general,attorney,defend,official,executive_order,sally_yate,attorney_general,protest","ban,muslimban,muslim,trump,travel,trumps,immigration,order,refugee,support,country,people,executive_order,protest,president","{'US Immigration Policy': 'ban, immigration, travel, order, executive_order, refugee, country, people', 'Trump Administration': 'trump, donald, trumps, president, official', 'Controversial Executive Orders': 'muslim, muslimban, protest, support', 'Legal and Political Reactions': 'fire, state, general, attorney, defend, sally_yate, attorney_general'}",US Immigration Policy.Trump Administration.Controversial Executive Orders.Legal and Political Reactions,"{""Trump's Immigration and Travel Ban"": ['ban', 'trump', 'immigration', 'travel', 'trumps', 'donald', 'order', 'president', 'executive_order'], 'Controversy and Legal Challenges': ['fire', 'muslim', 'state', 'general', 'attorney', 'defend', 'official', 'sally_yate', 'attorney_general', 'protest']}",Trump's Immigration and Travel Ban.Controversy and Legal Challenges,"{'US Immigration Policy and Controversy': ['ban', 'muslimban', 'muslim', 'trump', 'travel', 'trumps', 'immigration', 'order', 'refugee', 'support', 'country', 'people', 'executive_order', 'protest', 'president']}",US Immigration Policy and Controversy
65,5,"['nobannowall', 'muslimban', 'student', 'iranian', 'letthemin', 'support', 'standuptotrump']",57,6,"['muslimban', 'nobannowall', 'studentban', 'notbanstudentvisa', 'student', 'pressure', 'weak', 'iranian', 'letthemin', 'plz', 'york']",3,"['muslim', 'america_heartland', 'ban', 'america', 'muslimban', 'trump', 'seek', 'heartland', 'refuge', 'seek_refuge', 'nobannowall', 'seek_refuge_america_heartland', 'people', 'refugee', 'executive_order', 'student']",14,"['ban', 'trump', 'muslimban', 'immigration', 'muslim', 'trumps', 'travel', 'order', 'executive_order', 'protest', 'president']","[85734914, 146720976, 822638917669240800]","nobannowall,muslimban,student,iranian,letthemin,support,standuptotrump,muslim,america_heartland,ban,america,trump,seek,heartland,refuge,seek_refuge,seek_refuge_america_heartland,people,refugee,executive_order,studentban,notbanstudentvisa,pressure,weak,plz,york,immigration,trumps,travel,order,protest,president","nobannowall,muslimban,student,iranian,letthemin,support,standuptotrump,muslim,america_heartland,ban,america,trump,seek,heartland,refuge,seek_refuge,seek_refuge_america_heartland,people,refugee,executive_order","muslimban,nobannowall,studentban,notbanstudentvisa,student,pressure,weak,iranian,letthemin,plz,york,ban,trump,immigration,muslim,trumps,travel,order,executive_order,protest,president","{'Immigration and Travel Ban': ['nobannowall', 'muslimban', 'ban', 'executive_order', 'studentban', 'notbanstudentvisa', 'immigration', 'travel', 'order', 'trumps', 'president'], 'Protest and Support': ['support', 'standuptotrump', 'protest', 'pressure', 'weak', 'plz'], 'Refuge and Asylum': ['seek', 'refuge', 'seek_refuge', 'seek_refuge_america_heartland', 'refugee', 'letthemin'], 'Impact on Students': ['student', 'iranian', 'studentban', 'notbanstudentvisa'], 'American Identity and Values': ['america_heartland', 'america', 'heartland', 'people', 'york']}",Immigration and Travel Ban.Protest and Support.Refuge and Asylum.Impact on Students.American Identity and Values,"{'Immigration and Refugee Policy': ['nobannowall', 'muslimban', 'letthemin', 'ban', 'refuge', 'seek_refuge', 'seek_refuge_america_heartland', 'refugee', 'executive_order'], 'Political Activism and Opposition': ['support', 'standuptotrump'], 'Affected Groups and Regions': ['student', 'iranian', 'muslim', 'america_heartland', 'people', 'america', 'trump', 'heartland']}",Immigration and Refugee Policy.Political Activism and Opposition.Affected Groups and Regions,"{'US Immigration Policies': 'muslimban, nobannowall, studentban, notbanstudentvisa, ban, immigration, travel, order, executive_order', 'Protests and Public Response': 'pressure, weak, letthemin, plz, protest', 'Trump Administration Actions': 'trump, trumps, president', 'Affected Groups and Locations': 'student, iranian, muslim, york'}",US Immigration Policies.Protests and Public Response.Trump Administration Actions.Affected Groups and Locations
66,1,"['ban', 'trump', 'immigration', 'travel', 'trumps', 'donald', 'order', 'president', 'fire', 'muslim', 'state', 'general', 'attorney', 'defend', 'official']",93,11,"['trump', 'ban', 'resist', 'muslimban', 'immigration', 'trumpleak', 'travel', 'theresistance', 'trumps', 'order', 'nobannowall', 'impeachtrump', 'president', 'resistance', 'stopsession', 'muslim']",6,"['ban', 'travel', 'trump', 'trumps', 'immigration', 'president', 'order', 'executive_order', 'sally_yate', 'attorney_general', 'protest']",14,"['ban', 'trump', 'muslimban', 'immigration', 'muslim', 'trumps', 'travel', 'order', 'executive_order', 'protest', 'president']","[17469289, 3031965847, 3034424365]","ban,trump,immigration,travel,trumps,donald,order,president,fire,muslim,state,general,attorney,defend,official,executive_order,sally_yate,attorney_general,protest,resist,muslimban,trumpleak,theresistance,nobannowall,impeachtrump,resistance,stopsession","ban,trump,immigration,travel,trumps,donald,order,president,fire,muslim,state,general,attorney,defend,official,executive_order,sally_yate,attorney_general,protest","trump,ban,resist,muslimban,immigration,trumpleak,travel,theresistance,trumps,order,nobannowall,impeachtrump,president,resistance,stopsession,muslim,executive_order,protest","{'Trump Administration Immigration Policy': ['ban', 'trump', 'immigration', 'travel', 'trumps', 'donald', 'order', 'president', 'executive_order', 'muslim', 'muslimban'], 'Legal and Political Opposition': ['fire', 'state', 'general', 'attorney', 'defend', 'official', 'sally_yate', 'attorney_general', 'protest', 'resist', 'theresistance', 'nobannowall', 'impeachtrump', 'resistance', 'stopsession'], 'Leaks and Controversies': ['trumpleak']}",Trump Administration Immigration Policy.Legal and Political Opposition.Leaks and Controversies,"{""Trump's Immigration and Travel Ban"": ['ban', 'trump', 'immigration', 'travel', 'trumps', 'donald', 'order', 'president', 'executive_order'], 'Controversy and Legal Challenges': ['fire', 'muslim', 'state', 'general', 'attorney', 'defend', 'official', 'sally_yate', 'attorney_general', 'protest']}",Trump's Immigration and Travel Ban.Controversy and Legal Challenges,"{'US Immigration Policy and Protests': 'trump, ban, resist, muslimban, immigration, travel, theresistance, trumps, order, nobannowall, president, resistance, muslim, executive_order, protest', 'Political Opposition to Trump': 'trumpleak, impeachtrump, stopsession'}",US Immigration Policy and Protests.Political Opposition to Trump
67,3,"['muslimban', 'muslim', 'trump', 'ban', 'heartland', 'refuge', 'people', 'refugee', 'america', 'order', 'protest', 'vote', 'country']",58,14,"['ban', 'muslimban', 'muslim', 'trump', 'travel', 'trumps', 'immigration', 'order', 'refugee', 'support', 'country', 'people']",3,"['muslim', 'america_heartland', 'ban', 'america', 'muslimban', 'trump', 'seek', 'heartland', 'refuge', 'seek_refuge', 'nobannowall', 'seek_refuge_america_heartland', 'people', 'refugee', 'executive_order', 'student']",14,"['ban', 'trump', 'muslimban', 'immigration', 'muslim', 'trumps', 'travel', 'order', 'executive_order', 'protest', 'president']","[2289770467, 2480490476, 4736690237, 4894095909, 762648535938412544, 812044920823234560]","muslimban,muslim,trump,ban,heartland,refuge,people,refugee,america,order,protest,vote,country,america_heartland,seek,seek_refuge,nobannowall,seek_refuge_america_heartland,executive_order,student,travel,trumps,immigration,support,president","muslimban,muslim,trump,ban,heartland,refuge,people,refugee,america,order,protest,vote,country,america_heartland,seek,seek_refuge,nobannowall,seek_refuge_america_heartland,executive_order,student","ban,muslimban,muslim,trump,travel,trumps,immigration,order,refugee,support,country,people,executive_order,protest,president","{'US Immigration Policy and Protests': ['muslimban', 'muslim', 'trump', 'ban', 'refuge', 'people', 'refugee', 'america', 'order', 'protest', 'vote', 'country', 'america_heartland', 'seek', 'seek_refuge', 'nobannowall', 'seek_refuge_america_heartland', 'executive_order', 'student', 'travel', 'trumps', 'immigration', 'support', 'president']}",US Immigration Policy and Protests,"{'US Immigration Policy and Protests': ['muslimban', 'muslim', 'trump', 'ban', 'order', 'protest', 'vote', 'executive_order', 'nobannowall'], 'Refugees and Seeking Asylum': ['refuge', 'people', 'refugee', 'seek', 'seek_refuge', 'seek_refuge_america_heartland'], ""America's Heartland and Inclusivity"": ['heartland', 'america', 'country', 'america_heartland', 'student']}",US Immigration Policy and Protests.Refugees and Seeking Asylum.America's Heartland and Inclusivity,"{'US Immigration Policy and Controversy': ['ban', 'muslimban', 'muslim', 'trump', 'travel', 'trumps', 'immigration', 'order', 'refugee', 'support', 'country', 'people', 'executive_order', 'protest', 'president']}",US Immigration Policy and Controversy
68,1,"['ban', 'trump', 'immigration', 'travel', 'trumps', 'donald', 'order', 'president', 'fire', 'muslim', 'state', 'general', 'attorney', 'defend', 'official']",60,14,"['ban', 'muslimban', 'muslim', 'trump', 'travel', 'trumps', 'immigration', 'order', 'refugee', 'support', 'country', 'people']",6,"['ban', 'travel', 'trump', 'trumps', 'immigration', 'president', 'order', 'executive_order', 'sally_yate', 'attorney_general', 'protest']",14,"['ban', 'trump', 'muslimban', 'immigration', 'muslim', 'trumps', 'travel', 'order', 'executive_order', 'protest', 'president']","[143225212, 255667282, 449600949]","ban,trump,immigration,travel,trumps,donald,order,president,fire,muslim,state,general,attorney,defend,official,executive_order,sally_yate,attorney_general,protest,muslimban,refugee,support,country,people","ban,trump,immigration,travel,trumps,donald,order,president,fire,muslim,state,general,attorney,defend,official,executive_order,sally_yate,attorney_general,protest","ban,muslimban,muslim,trump,travel,trumps,immigration,order,refugee,support,country,people,executive_order,protest,president","{'US Immigration Policy': 'ban, immigration, travel, executive_order, refugee, country, people', 'Trump Administration Actions': 'trump, donald, trumps, president, order, official, executive_order', 'Controversial Travel Ban': 'muslim, muslimban, protest, support', 'Sally Yates and Legal Challenges': 'fire, state, general, attorney, defend, sally_yate, attorney_general'}",US Immigration Policy.Trump Administration Actions.Controversial Travel Ban.Sally Yates and Legal Challenges,"{""Trump's Immigration and Travel Ban"": ['ban', 'trump', 'immigration', 'travel', 'trumps', 'donald', 'order', 'president', 'executive_order'], 'Controversy and Legal Challenges': ['fire', 'muslim', 'state', 'general', 'attorney', 'defend', 'official', 'sally_yate', 'attorney_general', 'protest']}",Trump's Immigration and Travel Ban.Controversy and Legal Challenges,"{'US Immigration Policy and Controversy': ['ban', 'muslimban', 'muslim', 'trump', 'travel', 'trumps', 'immigration', 'order', 'refugee', 'support', 'country', 'people', 'executive_order', 'protest', 'president']}",US Immigration Policy and Controversy
69,3,"['muslimban', 'muslim', 'trump', 'ban', 'heartland', 'refuge', 'people', 'refugee', 'america', 'order', 'protest', 'vote', 'country']",61,14,"['ban', 'muslimban', 'muslim', 'trump', 'travel', 'trumps', 'immigration', 'order', 'refugee', 'support', 'country', 'people']",3,"['muslim', 'america_heartland', 'ban', 'america', 'muslimban', 'trump', 'seek', 'heartland', 'refuge', 'seek_refuge', 'nobannowall', 'seek_refuge_america_heartland', 'people', 'refugee', 'executive_order', 'student']",14,"['ban', 'trump', 'muslimban', 'immigration', 'muslim', 'trumps', 'travel', 'order', 'executive_order', 'protest', 'president']","[23317891, 52141764, 975217231]","muslimban,muslim,trump,ban,heartland,refuge,people,refugee,america,order,protest,vote,country,america_heartland,seek,seek_refuge,nobannowall,seek_refuge_america_heartland,executive_order,student,travel,trumps,immigration,support,president","muslimban,muslim,trump,ban,heartland,refuge,people,refugee,america,order,protest,vote,country,america_heartland,seek,seek_refuge,nobannowall,seek_refuge_america_heartland,executive_order,student","ban,muslimban,muslim,trump,travel,trumps,immigration,order,refugee,support,country,people,executive_order,protest,president","{'US Immigration Policy': 'muslimban, muslim, trump, ban, refugee, america, order, protest, vote, country, executive_order, travel, trumps, immigration, support, president', 'Public Reaction and Protest': 'protest, nobannowall, vote, support', 'Refuge and Seeking Asylum': 'refuge, people, refugee, seek, seek_refuge, seek_refuge_america_heartland', 'Impact on Education': 'student, travel', 'American Heartland': 'heartland, america_heartland'}",US Immigration Policy.Public Reaction and Protest.Refuge and Seeking Asylum.Impact on Education.American Heartland,"{'US Immigration Policy and Protests': ['muslimban', 'muslim', 'trump', 'ban', 'order', 'protest', 'vote', 'executive_order', 'nobannowall'], 'Refugees and Seeking Asylum': ['refuge', 'people', 'refugee', 'seek', 'seek_refuge', 'seek_refuge_america_heartland'], ""America's Heartland and Inclusivity"": ['heartland', 'america', 'country', 'america_heartland', 'student']}",US Immigration Policy and Protests.Refugees and Seeking Asylum.America's Heartland and Inclusivity,"{'US Immigration Policy and Controversy': ['ban', 'muslimban', 'muslim', 'trump', 'travel', 'trumps', 'immigration', 'order', 'refugee', 'support', 'country', 'people', 'executive_order', 'protest', 'president']}",US Immigration Policy and Controversy
70,3,"['muslimban', 'muslim', 'trump', 'ban', 'heartland', 'refuge', 'people', 'refugee', 'america', 'order', 'protest', 'vote', 'country']",62,14,"['ban', 'muslimban', 'muslim', 'trump', 'travel', 'trumps', 'immigration', 'order', 'refugee', 'support', 'country', 'people']",3,"['muslim', 'america_heartland', 'ban', 'america', 'muslimban', 'trump', 'seek', 'heartland', 'refuge', 'seek_refuge', 'nobannowall', 'seek_refuge_america_heartland', 'people', 'refugee', 'executive_order', 'student']",4,"['muslimban', 'ban', 'travel', 'muslim', 'trump', 'maga', 'migrant_europe', 'americans_support', 'trumps', 'foxnew_breitbart', 'maga_vet', 'refugee', 'support', 'americans']","[17134268, 331211313, 3612178577]","muslimban,muslim,trump,ban,heartland,refuge,people,refugee,america,order,protest,vote,country,america_heartland,seek,seek_refuge,nobannowall,seek_refuge_america_heartland,executive_order,student,travel,trumps,immigration,support,maga,migrant_europe,americans_support,foxnew_breitbart,maga_vet,americans","muslimban,muslim,trump,ban,heartland,refuge,people,refugee,america,order,protest,vote,country,america_heartland,seek,seek_refuge,nobannowall,seek_refuge_america_heartland,executive_order,student","ban,muslimban,muslim,trump,travel,trumps,immigration,order,refugee,support,country,people,maga,migrant_europe,americans_support,foxnew_breitbart,maga_vet,americans","{'US Immigration Policy': ['muslimban', 'muslim', 'trump', 'ban', 'order', 'protest', 'vote', 'country', 'executive_order', 'immigration', 'support', 'maga', 'americans_support', 'foxnew_breitbart', 'maga_vet', 'americans'], 'Refugee and Migration Issues': ['heartland', 'refuge', 'people', 'refugee', 'america', 'america_heartland', 'seek', 'seek_refuge', 'nobannowall', 'seek_refuge_america_heartland', 'student', 'travel', 'migrant_europe']}",US Immigration Policy.Refugee and Migration Issues,"{'US Immigration Policy and Protests': ['muslimban', 'muslim', 'trump', 'ban', 'order', 'protest', 'vote', 'executive_order', 'nobannowall'], 'Refugees and Seeking Asylum': ['refuge', 'people', 'refugee', 'seek', 'seek_refuge', 'seek_refuge_america_heartland'], ""America's Heartland and Inclusivity"": ['heartland', 'america', 'country', 'america_heartland', 'student']}",US Immigration Policy and Protests.Refugees and Seeking Asylum.America's Heartland and Inclusivity,"{'US Immigration Policy': ['ban', 'muslimban', 'muslim', 'trump', 'travel', 'trumps', 'immigration', 'order', 'refugee', 'support', 'country', 'people', 'maga', 'americans_support', 'foxnew_breitbart', 'maga_vet', 'americans'], 'European Migration': ['migrant_europe']}",US Immigration Policy.European Migration
71,1,"['ban', 'trump', 'immigration', 'travel', 'trumps', 'donald', 'order', 'president', 'fire', 'muslim', 'state', 'general', 'attorney', 'defend', 'official']",63,11,"['trump', 'ban', 'resist', 'muslimban', 'immigration', 'trumpleak', 'travel', 'theresistance', 'trumps', 'order', 'nobannowall', 'impeachtrump', 'president', 'resistance', 'stopsession', 'muslim']",6,"['ban', 'travel', 'trump', 'trumps', 'immigration', 'president', 'order', 'executive_order', 'sally_yate', 'attorney_general', 'protest']",14,"['ban', 'trump', 'muslimban', 'immigration', 'muslim', 'trumps', 'travel', 'order', 'executive_order', 'protest', 'president']","[24733117, 67858240, 409451722, 428917289]","ban,trump,immigration,travel,trumps,donald,order,president,fire,muslim,state,general,attorney,defend,official,executive_order,sally_yate,attorney_general,protest,resist,muslimban,trumpleak,theresistance,nobannowall,impeachtrump,resistance,stopsession","ban,trump,immigration,travel,trumps,donald,order,president,fire,muslim,state,general,attorney,defend,official,executive_order,sally_yate,attorney_general,protest","trump,ban,resist,muslimban,immigration,trumpleak,travel,theresistance,trumps,order,nobannowall,impeachtrump,president,resistance,stopsession,muslim,executive_order,protest","{'US Immigration Policy': ['ban', 'immigration', 'travel', 'order', 'executive_order', 'muslimban', 'nobannowall'], 'Trump Administration': ['trump', 'trumps', 'donald', 'president', 'fire', 'official', 'trumpleak', 'impeachtrump'], 'Legal and Political Resistance': ['state', 'general', 'attorney', 'defend', 'sally_yate', 'attorney_general', 'protest', 'resist', 'theresistance', 'resistance', 'stopsession']}",US Immigration Policy.Trump Administration.Legal and Political Resistance,"{""Trump's Immigration and Travel Ban"": ['ban', 'trump', 'immigration', 'travel', 'trumps', 'donald', 'order', 'president', 'executive_order'], 'Controversy and Legal Challenges': ['fire', 'muslim', 'state', 'general', 'attorney', 'defend', 'official', 'sally_yate', 'attorney_general', 'protest']}",Trump's Immigration and Travel Ban.Controversy and Legal Challenges,"{'US Immigration Policy and Protests': 'trump, ban, resist, muslimban, immigration, travel, theresistance, trumps, order, nobannowall, president, resistance, muslim, executive_order, protest', 'Political Opposition to Trump': 'trumpleak, impeachtrump, stopsession'}",US Immigration Policy and Protests.Political Opposition to Trump
72,3,"['muslimban', 'muslim', 'trump', 'ban', 'heartland', 'refuge', 'people', 'refugee', 'america', 'order', 'protest', 'vote', 'country']",64,14,"['ban', 'muslimban', 'muslim', 'trump', 'travel', 'trumps', 'immigration', 'order', 'refugee', 'support', 'country', 'people']",11,"['muslimban', 'studentban', 'nobannowall', 'notbanstudentvisa', 'worth_worldwide', 'iranian_student', 'notbanstudentvisa_studentban', 'studentban_plz', 'beautiful_mind', 'letthemin_respect', 'studentban_notbanstudentvisa', 'letthemin', 'notaterrorist_studentban', 'support', 'respect']",14,"['ban', 'trump', 'muslimban', 'immigration', 'muslim', 'trumps', 'travel', 'order', 'executive_order', 'protest', 'president']","[61493186, 172699095, 209988094, 2189581818]","muslimban,muslim,trump,ban,heartland,refuge,people,refugee,america,order,protest,vote,country,studentban,nobannowall,notbanstudentvisa,worth_worldwide,iranian_student,notbanstudentvisa_studentban,studentban_plz,beautiful_mind,letthemin_respect,studentban_notbanstudentvisa,letthemin,notaterrorist_studentban,support,respect,travel,trumps,immigration,executive_order,president","muslimban,muslim,trump,ban,heartland,refuge,people,refugee,america,order,protest,vote,country,studentban,nobannowall,notbanstudentvisa,worth_worldwide,iranian_student,notbanstudentvisa_studentban,studentban_plz,beautiful_mind,letthemin_respect,studentban_notbanstudentvisa,letthemin,notaterrorist_studentban,support,respect","ban,muslimban,muslim,trump,travel,trumps,immigration,order,refugee,support,country,people,executive_order,protest,president","{'US Immigration Policies': ['muslimban', 'trump', 'ban', 'order', 'protest', 'vote', 'studentban', 'nobannowall', 'notbanstudentvisa', 'studentban_plz', 'studentban_notbanstudentvisa', 'notaterrorist_studentban', 'executive_order', 'president', 'trumps', 'immigration'], 'Impact on Refugees and Students': ['muslim', 'heartland', 'refuge', 'people', 'refugee', 'america', 'country', 'iranian_student', 'beautiful_mind', 'letthemin_respect', 'letthemin', 'support', 'respect', 'travel', 'worth_worldwide', 'notbanstudentvisa_studentban']}",US Immigration Policies.Impact on Refugees and Students,"{'Travel and Immigration Restrictions': ['muslimban', 'ban', 'studentban', 'studentban_notbanstudentvisa', 'notbanstudentvisa', 'notbanstudentvisa_studentban', 'studentban_plz', 'notaterrorist_studentban', 'iranian_student', 'letthemin', 'letthemin_respect', 'nobannowall'], 'Political and Social Response': ['trump', 'order', 'protest', 'vote', 'support', 'respect'], 'Impact on People and Communities': ['muslim', 'refuge', 'people', 'refugee', 'america', 'country', 'heartland', 'worth_worldwide', 'beautiful_mind']}",Travel and Immigration Restrictions.Political and Social Response.Impact on People and Communities,"{'US Immigration Policy and Controversy': ['ban', 'muslimban', 'muslim', 'trump', 'travel', 'trumps', 'immigration', 'order', 'refugee', 'support', 'country', 'people', 'executive_order', 'protest', 'president']}",US Immigration Policy and Controversy
73,3,"['muslimban', 'muslim', 'trump', 'ban', 'heartland', 'refuge', 'people', 'refugee', 'america', 'order', 'protest', 'vote', 'country']",65,14,"['ban', 'muslimban', 'muslim', 'trump', 'travel', 'trumps', 'immigration', 'order', 'refugee', 'support', 'country', 'people']",3,"['muslim', 'america_heartland', 'ban', 'america', 'muslimban', 'trump', 'seek', 'heartland', 'refuge', 'seek_refuge', 'nobannowall', 'seek_refuge_america_heartland', 'people', 'refugee', 'executive_order', 'student']",14,"['ban', 'trump', 'muslimban', 'immigration', 'muslim', 'trumps', 'travel', 'order', 'executive_order', 'protest', 'president']","[84653850, 113061485, 634912541]","muslimban,muslim,trump,ban,heartland,refuge,people,refugee,america,order,protest,vote,country,america_heartland,seek,seek_refuge,nobannowall,seek_refuge_america_heartland,executive_order,student,travel,trumps,immigration,support,president","muslimban,muslim,trump,ban,heartland,refuge,people,refugee,america,order,protest,vote,country,america_heartland,seek,seek_refuge,nobannowall,seek_refuge_america_heartland,executive_order,student","ban,muslimban,muslim,trump,travel,trumps,immigration,order,refugee,support,country,people,executive_order,protest,president","{'US Immigration Policy': 'muslimban, muslim, trump, ban, refugee, america, order, protest, vote, country, executive_order, travel, trumps, immigration, support, president', 'Public Reaction and Protest': 'protest, nobannowall, vote, support', 'Refuge and Seeking Asylum': 'refuge, people, refugee, seek, seek_refuge, seek_refuge_america_heartland', 'Impact on Education': 'student, travel', 'American Heartland': 'heartland, america_heartland'}",US Immigration Policy.Public Reaction and Protest.Refuge and Seeking Asylum.Impact on Education.American Heartland,"{'US Immigration Policy and Protests': ['muslimban', 'muslim', 'trump', 'ban', 'order', 'protest', 'vote', 'executive_order', 'nobannowall'], 'Refugees and Seeking Asylum': ['refuge', 'people', 'refugee', 'seek', 'seek_refuge', 'seek_refuge_america_heartland'], ""America's Heartland and Inclusivity"": ['heartland', 'america', 'country', 'america_heartland', 'student']}",US Immigration Policy and Protests.Refugees and Seeking Asylum.America's Heartland and Inclusivity,"{'US Immigration Policy and Controversy': ['ban', 'muslimban', 'muslim', 'trump', 'travel', 'trumps', 'immigration', 'order', 'refugee', 'support', 'country', 'people', 'executive_order', 'protest', 'president']}",US Immigration Policy and Controversy
74,4,"['maga', 'muslimban', 'trump', 'migrant', 'europe', 'vet']",66,11,"['trump', 'ban', 'resist', 'muslimban', 'immigration', 'trumpleak', 'travel', 'theresistance', 'trumps', 'order', 'nobannowall', 'impeachtrump', 'president', 'resistance', 'stopsession', 'muslim']",2,"['muslimban', 'maga', 'terror_attack', 'refugee', 'trump']",5,"['worth', 'womensmarch_democrats', 'maga_tcot', 'douchebag_nowall', 'liberals_pathetic', 'tcot', 'pathetic']","[408889456, 1021868336, 1666504591, 2411379535]","maga,muslimban,trump,migrant,europe,vet,terror_attack,refugee,ban,resist,immigration,trumpleak,travel,theresistance,trumps,order,nobannowall,impeachtrump,president,resistance,stopsession,muslim,worth,womensmarch_democrats,maga_tcot,douchebag_nowall,liberals_pathetic,tcot,pathetic","maga,muslimban,trump,migrant,europe,vet,terror_attack,refugee","trump,ban,resist,muslimban,immigration,trumpleak,travel,theresistance,trumps,order,nobannowall,impeachtrump,president,resistance,stopsession,muslim,worth,womensmarch_democrats,maga_tcot,douchebag_nowall,liberals_pathetic,tcot,pathetic","{'US Politics and Immigration Policies': ['maga', 'muslimban', 'trump', 'migrant', 'refugee', 'ban', 'immigration', 'travel', 'order', 'nobannowall', 'impeachtrump', 'president', 'resistance', 'stopsession', 'muslim', 'worth', 'womensmarch_democrats', 'maga_tcot', 'douchebag_nowall', 'liberals_pathetic', 'tcot', 'pathetic'], 'Political Resistance and Protests': ['resist', 'theresistance', 'womensmarch_democrats', 'resistance'], 'Security and Terrorism': ['terror_attack'], 'Leaks and Controversies': ['trumpleak']}",US Politics and Immigration Policies.Political Resistance and Protests.Security and Terrorism.Leaks and Controversies,"{'US Immigration and National Security Policies': ['maga', 'muslimban', 'trump', 'migrant', 'vet', 'terror_attack', 'refugee'], 'European Migration and Refugee Crisis': ['migrant', 'europe', 'refugee']}",US Immigration and National Security Policies.European Migration and Refugee Crisis,"{'US Political Resistance': ['trump', 'resist', 'theresistance', 'resistance', 'womensmarch_democrats', 'impeachtrump', 'liberals_pathetic', 'pathetic'], 'Immigration and Travel Ban': ['ban', 'muslimban', 'immigration', 'travel', 'order', 'nobannowall', 'muslim', 'stopsession', 'douchebag_nowall'], 'Leaks and Controversies': ['trumpleak', 'trumps'], 'Political Movements and Slogans': ['maga_tcot', 'tcot'], 'US Presidency': ['president']}",US Political Resistance.Immigration and Travel Ban.Leaks and Controversies.Political Movements and Slogans.US Presidency
76,3,"['muslimban', 'muslim', 'trump', 'ban', 'heartland', 'refuge', 'people', 'refugee', 'america', 'order', 'protest', 'vote', 'country']",68,14,"['ban', 'muslimban', 'muslim', 'trump', 'travel', 'trumps', 'immigration', 'order', 'refugee', 'support', 'country', 'people']",3,"['muslim', 'america_heartland', 'ban', 'america', 'muslimban', 'trump', 'seek', 'heartland', 'refuge', 'seek_refuge', 'nobannowall', 'seek_refuge_america_heartland', 'people', 'refugee', 'executive_order', 'student']",14,"['ban', 'trump', 'muslimban', 'immigration', 'muslim', 'trumps', 'travel', 'order', 'executive_order', 'protest', 'president']","[269199676, 818151340710969344, 818154258310844416, 818160035775873025]","muslimban,muslim,trump,ban,heartland,refuge,people,refugee,america,order,protest,vote,country,america_heartland,seek,seek_refuge,nobannowall,seek_refuge_america_heartland,executive_order,student,travel,trumps,immigration,support,president","muslimban,muslim,trump,ban,heartland,refuge,people,refugee,america,order,protest,vote,country,america_heartland,seek,seek_refuge,nobannowall,seek_refuge_america_heartland,executive_order,student","ban,muslimban,muslim,trump,travel,trumps,immigration,order,refugee,support,country,people,executive_order,protest,president","{'US Immigration Policy': 'muslimban, muslim, trump, ban, executive_order, immigration, president, trumps', 'Public Reaction and Protest': 'protest, vote, support, nobannowall', 'Refuge and Asylum': 'refuge, people, refugee, seek, seek_refuge, seek_refuge_america_heartland', 'Impact on America': 'america, america_heartland, heartland, country', 'Travel and Education': 'student, travel'}",US Immigration Policy.Public Reaction and Protest.Refuge and Asylum.Impact on America.Travel and Education,"{'US Immigration Policy and Protests': ['muslimban', 'muslim', 'trump', 'ban', 'order', 'protest', 'vote', 'executive_order', 'nobannowall'], 'Refugees and Seeking Asylum': ['refuge', 'people', 'refugee', 'seek', 'seek_refuge', 'seek_refuge_america_heartland'], ""America's Heartland and Inclusivity"": ['heartland', 'america', 'country', 'america_heartland', 'student']}",US Immigration Policy and Protests.Refugees and Seeking Asylum.America's Heartland and Inclusivity,"{'US Immigration Policy and Controversy': ['ban', 'muslimban', 'muslim', 'trump', 'travel', 'trumps', 'immigration', 'order', 'refugee', 'support', 'country', 'people', 'executive_order', 'protest', 'president']}",US Immigration Policy and Controversy
77,3,"['muslimban', 'muslim', 'trump', 'ban', 'heartland', 'refuge', 'people', 'refugee', 'america', 'order', 'protest', 'vote', 'country']",70,14,"['ban', 'muslimban', 'muslim', 'trump', 'travel', 'trumps', 'immigration', 'order', 'refugee', 'support', 'country', 'people']",3,"['muslim', 'america_heartland', 'ban', 'america', 'muslimban', 'trump', 'seek', 'heartland', 'refuge', 'seek_refuge', 'nobannowall', 'seek_refuge_america_heartland', 'people', 'refugee', 'executive_order', 'student']",14,"['ban', 'trump', 'muslimban', 'immigration', 'muslim', 'trumps', 'travel', 'order', 'executive_order', 'protest', 'president']","[20010422, 251509876, 380128157, 562063761, 1759891873]","muslimban,muslim,trump,ban,heartland,refuge,people,refugee,america,order,protest,vote,country,america_heartland,seek,seek_refuge,nobannowall,seek_refuge_america_heartland,executive_order,student,travel,trumps,immigration,support,president","muslimban,muslim,trump,ban,heartland,refuge,people,refugee,america,order,protest,vote,country,america_heartland,seek,seek_refuge,nobannowall,seek_refuge_america_heartland,executive_order,student","ban,muslimban,muslim,trump,travel,trumps,immigration,order,refugee,support,country,people,executive_order,protest,president","{'US Immigration Policy': 'muslimban, muslim, trump, ban, order, protest, vote, country, executive_order, travel, trumps, immigration, support, president', 'Refugee and Asylum Seekers': 'refuge, people, refugee, seek, seek_refuge, seek_refuge_america_heartland', 'American Heartland': 'heartland, america, america_heartland', 'Protest and Opposition': 'nobannowall, protest', 'Education and Students': 'student'}",US Immigration Policy.Refugee and Asylum Seekers.American Heartland.Protest and Opposition.Education and Students,"{'US Immigration Policy and Protests': ['muslimban', 'muslim', 'trump', 'ban', 'order', 'protest', 'vote', 'executive_order', 'nobannowall'], 'Refugees and Seeking Asylum': ['refuge', 'people', 'refugee', 'seek', 'seek_refuge', 'seek_refuge_america_heartland'], ""America's Heartland and Inclusivity"": ['heartland', 'america', 'country', 'america_heartland', 'student']}",US Immigration Policy and Protests.Refugees and Seeking Asylum.America's Heartland and Inclusivity,"{'US Immigration Policy and Controversy': ['ban', 'muslimban', 'muslim', 'trump', 'travel', 'trumps', 'immigration', 'order', 'refugee', 'support', 'country', 'people', 'executive_order', 'protest', 'president']}",US Immigration Policy and Controversy
78,3,"['muslimban', 'muslim', 'trump', 'ban', 'heartland', 'refuge', 'people', 'refugee', 'america', 'order', 'protest', 'vote', 'country']",71,11,"['trump', 'ban', 'resist', 'muslimban', 'immigration', 'trumpleak', 'travel', 'theresistance', 'trumps', 'order', 'nobannowall', 'impeachtrump', 'president', 'resistance', 'stopsession', 'muslim']",9,"['muslimban', 'resist', 'trumpleak', 'theresistance', 'trump', 'impeachtrump', 'resistance', 'nobannowall', 'resistance_theresistance', 'nodapl', 'break', 'session']",14,"['ban', 'trump', 'muslimban', 'immigration', 'muslim', 'trumps', 'travel', 'order', 'executive_order', 'protest', 'president']","[19879777, 78058860, 620489159, 2167938952, 743436854129790976, 784758951468412929]","muslimban,muslim,trump,ban,heartland,refuge,people,refugee,america,order,protest,vote,country,resist,trumpleak,theresistance,impeachtrump,resistance,nobannowall,resistance_theresistance,nodapl,break,session,immigration,travel,trumps,president,stopsession,executive_order","muslimban,muslim,trump,ban,heartland,refuge,people,refugee,america,order,protest,vote,country,resist,trumpleak,theresistance,impeachtrump,resistance,nobannowall,resistance_theresistance,nodapl,break,session","trump,ban,resist,muslimban,immigration,trumpleak,travel,theresistance,trumps,order,nobannowall,impeachtrump,president,resistance,stopsession,muslim,executive_order,protest","{'Travel Ban and Immigration Policies': ['muslimban', 'muslim', 'trump', 'ban', 'refuge', 'refugee', 'america', 'order', 'immigration', 'travel', 'executive_order'], 'Political Resistance and Protests': ['protest', 'vote', 'country', 'resist', 'trumpleak', 'theresistance', 'impeachtrump', 'resistance', 'nobannowall', 'resistance_theresistance', 'nodapl', 'break', 'session', 'stopsession'], 'Trump Administration': ['trumps', 'president']}",Travel Ban and Immigration Policies.Political Resistance and Protests.Trump Administration,"{'US Immigration Policy and Protests': 'muslimban, muslim, trump, ban, heartland, refuge, people, refugee, america, order, protest, vote, country, resist, trumpleak, theresistance, impeachtrump, resistance, nobannowall, resistance_theresistance, nodapl, break, session'}",US Immigration Policy and Protests,"{'US Immigration Policy and Protests': 'trump, ban, resist, muslimban, immigration, travel, theresistance, trumps, order, nobannowall, president, resistance, muslim, executive_order, protest', 'Political Opposition to Trump': 'trumpleak, impeachtrump, stopsession'}",US Immigration Policy and Protests.Political Opposition to Trump
79,1,"['ban', 'trump', 'immigration', 'travel', 'trumps', 'donald', 'order', 'president', 'fire', 'muslim', 'state', 'general', 'attorney', 'defend', 'official']",72,11,"['trump', 'ban', 'resist', 'muslimban', 'immigration', 'trumpleak', 'travel', 'theresistance', 'trumps', 'order', 'nobannowall', 'impeachtrump', 'president', 'resistance', 'stopsession', 'muslim']",6,"['ban', 'travel', 'trump', 'trumps', 'immigration', 'president', 'order', 'executive_order', 'sally_yate', 'attorney_general', 'protest']",14,"['ban', 'trump', 'muslimban', 'immigration', 'muslim', 'trumps', 'travel', 'order', 'executive_order', 'protest', 'president']","[184739178, 441457447, 1355218452]","ban,trump,immigration,travel,trumps,donald,order,president,fire,muslim,state,general,attorney,defend,official,executive_order,sally_yate,attorney_general,protest,resist,muslimban,trumpleak,theresistance,nobannowall,impeachtrump,resistance,stopsession","ban,trump,immigration,travel,trumps,donald,order,president,fire,muslim,state,general,attorney,defend,official,executive_order,sally_yate,attorney_general,protest","trump,ban,resist,muslimban,immigration,trumpleak,travel,theresistance,trumps,order,nobannowall,impeachtrump,president,resistance,stopsession,muslim,executive_order,protest","{'US Immigration Policy': ['ban', 'immigration', 'travel', 'muslim', 'muslimban', 'nobannowall'], 'Trump Administration': ['trump', 'trumps', 'donald', 'president', 'executive_order', 'impeachtrump'], 'Legal and Political Actions': ['order', 'fire', 'state', 'general', 'attorney', 'defend', 'official', 'sally_yate', 'attorney_general', 'stopsession'], 'Public Response and Protest': ['protest', 'resist', 'theresistance', 'resistance']}",US Immigration Policy.Trump Administration.Legal and Political Actions.Public Response and Protest,"{""Trump's Immigration and Travel Ban"": ['ban', 'trump', 'immigration', 'travel', 'trumps', 'donald', 'order', 'president', 'executive_order'], 'Controversy and Legal Challenges': ['fire', 'muslim', 'state', 'general', 'attorney', 'defend', 'official', 'sally_yate', 'attorney_general', 'protest']}",Trump's Immigration and Travel Ban.Controversy and Legal Challenges,"{'US Immigration Policy and Protests': 'trump, ban, resist, muslimban, immigration, travel, theresistance, trumps, order, nobannowall, president, resistance, muslim, executive_order, protest', 'Political Opposition to Trump': 'trumpleak, impeachtrump, stopsession'}",US Immigration Policy and Protests.Political Opposition to Trump
81,5,"['nobannowall', 'muslimban', 'student', 'iranian', 'letthemin', 'support', 'standuptotrump']",73,14,"['ban', 'muslimban', 'muslim', 'trump', 'travel', 'trumps', 'immigration', 'order', 'refugee', 'support', 'country', 'people']",11,"['muslimban', 'studentban', 'nobannowall', 'notbanstudentvisa', 'worth_worldwide', 'iranian_student', 'notbanstudentvisa_studentban', 'studentban_plz', 'beautiful_mind', 'letthemin_respect', 'studentban_notbanstudentvisa', 'letthemin', 'notaterrorist_studentban', 'support', 'respect']",14,"['ban', 'trump', 'muslimban', 'immigration', 'muslim', 'trumps', 'travel', 'order', 'executive_order', 'protest', 'president']","[34040803, 123910041, 1016864882]","nobannowall,muslimban,student,iranian,letthemin,support,standuptotrump,studentban,notbanstudentvisa,worth_worldwide,iranian_student,notbanstudentvisa_studentban,studentban_plz,beautiful_mind,letthemin_respect,studentban_notbanstudentvisa,notaterrorist_studentban,respect,ban,muslim,trump,travel,trumps,immigration,order,refugee,country,people,executive_order,protest,president","nobannowall,muslimban,student,iranian,letthemin,support,standuptotrump,studentban,notbanstudentvisa,worth_worldwide,iranian_student,notbanstudentvisa_studentban,studentban_plz,beautiful_mind,letthemin_respect,studentban_notbanstudentvisa,notaterrorist_studentban,respect","ban,muslimban,muslim,trump,travel,trumps,immigration,order,refugee,support,country,people,executive_order,protest,president","{'Travel Ban Protest': ['nobannowall', 'muslimban', 'studentban', 'notbanstudentvisa', 'studentban_notbanstudentvisa', 'notbanstudentvisa_studentban', 'studentban_plz', 'letthemin', 'letthemin_respect', 'notaterrorist_studentban', 'ban', 'muslim', 'trump', 'travel', 'trumps', 'immigration', 'order', 'executive_order', 'protest', 'president'], 'Iranian Students': ['student', 'iranian', 'iranian_student', 'notbanstudentvisa', 'studentban', 'notbanstudentvisa_studentban', 'studentban_notbanstudentvisa', 'notaterrorist_studentban'], 'Support and Respect': ['support', 'standuptotrump', 'worth_worldwide', 'beautiful_mind', 'respect', 'people', 'country', 'refugee']}",Travel Ban Protest.Iranian Students.Support and Respect,"{'Immigration and Travel Ban Protests': ['nobannowall', 'muslimban', 'letthemin', 'support', 'standuptotrump', 'notbanstudentvisa', 'worth_worldwide', 'letthemin_respect', 'respect'], 'Iranian Students and Visa Issues': ['student', 'iranian', 'iranian_student', 'studentban', 'notbanstudentvisa', 'studentban_notbanstudentvisa', 'notaterrorist_studentban', 'studentban_plz', 'beautiful_mind']}",Immigration and Travel Ban Protests.Iranian Students and Visa Issues,"{'US Immigration Policy and Controversy': ['ban', 'muslimban', 'muslim', 'trump', 'travel', 'trumps', 'immigration', 'order', 'refugee', 'support', 'country', 'people', 'executive_order', 'protest', 'president']}",US Immigration Policy and Controversy
82,3,"['muslimban', 'muslim', 'trump', 'ban', 'heartland', 'refuge', 'people', 'refugee', 'america', 'order', 'protest', 'vote', 'country']",74,14,"['ban', 'muslimban', 'muslim', 'trump', 'travel', 'trumps', 'immigration', 'order', 'refugee', 'support', 'country', 'people']",3,"['muslim', 'america_heartland', 'ban', 'america', 'muslimban', 'trump', 'seek', 'heartland', 'refuge', 'seek_refuge', 'nobannowall', 'seek_refuge_america_heartland', 'people', 'refugee', 'executive_order', 'student']",14,"['ban', 'trump', 'muslimban', 'immigration', 'muslim', 'trumps', 'travel', 'order', 'executive_order', 'protest', 'president']","[31310187, 2776711205, 807810340339744768, 807810340339744800]","muslimban,muslim,trump,ban,heartland,refuge,people,refugee,america,order,protest,vote,country,america_heartland,seek,seek_refuge,nobannowall,seek_refuge_america_heartland,executive_order,student,travel,trumps,immigration,support,president","muslimban,muslim,trump,ban,heartland,refuge,people,refugee,america,order,protest,vote,country,america_heartland,seek,seek_refuge,nobannowall,seek_refuge_america_heartland,executive_order,student","ban,muslimban,muslim,trump,travel,trumps,immigration,order,refugee,support,country,people,executive_order,protest,president","{'US Immigration Policy and Protests': ['muslimban', 'muslim', 'trump', 'ban', 'refuge', 'people', 'refugee', 'america', 'order', 'protest', 'vote', 'country', 'america_heartland', 'seek', 'seek_refuge', 'nobannowall', 'seek_refuge_america_heartland', 'executive_order', 'student', 'travel', 'trumps', 'immigration', 'support', 'president']}",US Immigration Policy and Protests,"{'US Immigration Policy and Protests': ['muslimban', 'muslim', 'trump', 'ban', 'order', 'protest', 'vote', 'executive_order', 'nobannowall'], 'Refugees and Seeking Asylum': ['refuge', 'people', 'refugee', 'seek', 'seek_refuge', 'seek_refuge_america_heartland'], ""America's Heartland and Inclusivity"": ['heartland', 'america', 'country', 'america_heartland', 'student']}",US Immigration Policy and Protests.Refugees and Seeking Asylum.America's Heartland and Inclusivity,"{'US Immigration Policy and Controversy': ['ban', 'muslimban', 'muslim', 'trump', 'travel', 'trumps', 'immigration', 'order', 'refugee', 'support', 'country', 'people', 'executive_order', 'protest', 'president']}",US Immigration Policy and Controversy
83,1,"['ban', 'trump', 'immigration', 'travel', 'trumps', 'donald', 'order', 'president', 'fire', 'muslim', 'state', 'general', 'attorney', 'defend', 'official']",75,14,"['ban', 'muslimban', 'muslim', 'trump', 'travel', 'trumps', 'immigration', 'order', 'refugee', 'support', 'country', 'people']",6,"['ban', 'travel', 'trump', 'trumps', 'immigration', 'president', 'order', 'executive_order', 'sally_yate', 'attorney_general', 'protest']",14,"['ban', 'trump', 'muslimban', 'immigration', 'muslim', 'trumps', 'travel', 'order', 'executive_order', 'protest', 'president']","[1494835716, 2712763860, 769380097359024100, 778929359826456577]","ban,trump,immigration,travel,trumps,donald,order,president,fire,muslim,state,general,attorney,defend,official,executive_order,sally_yate,attorney_general,protest,muslimban,refugee,support,country,people","ban,trump,immigration,travel,trumps,donald,order,president,fire,muslim,state,general,attorney,defend,official,executive_order,sally_yate,attorney_general,protest","ban,muslimban,muslim,trump,travel,trumps,immigration,order,refugee,support,country,people,executive_order,protest,president","{'US Immigration Policy': ['ban', 'immigration', 'travel', 'order', 'executive_order', 'refugee', 'country', 'people'], 'Trump Administration Actions': ['trump', 'trumps', 'donald', 'president', 'fire', 'state', 'official', 'support'], 'Muslim Ban Controversy': ['muslim', 'muslimban', 'protest'], 'Sally Yates and Legal Challenges': ['general', 'attorney', 'defend', 'sally_yate', 'attorney_general']}",US Immigration Policy.Trump Administration Actions.Muslim Ban Controversy.Sally Yates and Legal Challenges,"{""Trump's Immigration and Travel Ban"": ['ban', 'trump', 'immigration', 'travel', 'trumps', 'donald', 'order', 'president', 'executive_order'], 'Controversy and Legal Challenges': ['fire', 'muslim', 'state', 'general', 'attorney', 'defend', 'official', 'sally_yate', 'attorney_general', 'protest']}",Trump's Immigration and Travel Ban.Controversy and Legal Challenges,"{'US Immigration Policy and Controversy': ['ban', 'muslimban', 'muslim', 'trump', 'travel', 'trumps', 'immigration', 'order', 'refugee', 'support', 'country', 'people', 'executive_order', 'protest', 'president']}",US Immigration Policy and Controversy
84,3,"['muslimban', 'muslim', 'trump', 'ban', 'heartland', 'refuge', 'people', 'refugee', 'america', 'order', 'protest', 'vote', 'country']",76,14,"['ban', 'muslimban', 'muslim', 'trump', 'travel', 'trumps', 'immigration', 'order', 'refugee', 'support', 'country', 'people']",3,"['muslim', 'america_heartland', 'ban', 'america', 'muslimban', 'trump', 'seek', 'heartland', 'refuge', 'seek_refuge', 'nobannowall', 'seek_refuge_america_heartland', 'people', 'refugee', 'executive_order', 'student']",14,"['ban', 'trump', 'muslimban', 'immigration', 'muslim', 'trumps', 'travel', 'order', 'executive_order', 'protest', 'president']","[257824868, 745999425386885121, 782651518092611584]","muslimban,muslim,trump,ban,heartland,refuge,people,refugee,america,order,protest,vote,country,america_heartland,seek,seek_refuge,nobannowall,seek_refuge_america_heartland,executive_order,student,travel,trumps,immigration,support,president","muslimban,muslim,trump,ban,heartland,refuge,people,refugee,america,order,protest,vote,country,america_heartland,seek,seek_refuge,nobannowall,seek_refuge_america_heartland,executive_order,student","ban,muslimban,muslim,trump,travel,trumps,immigration,order,refugee,support,country,people,executive_order,protest,president","{'US Immigration Policy and Protests': ['muslimban', 'muslim', 'trump', 'ban', 'refuge', 'people', 'refugee', 'america', 'order', 'protest', 'vote', 'country', 'america_heartland', 'seek', 'seek_refuge', 'nobannowall', 'seek_refuge_america_heartland', 'executive_order', 'student', 'travel', 'trumps', 'immigration', 'support', 'president']}",US Immigration Policy and Protests,"{'US Immigration Policy and Protests': ['muslimban', 'muslim', 'trump', 'ban', 'order', 'protest', 'vote', 'executive_order', 'nobannowall'], 'Refugees and Seeking Asylum': ['refuge', 'people', 'refugee', 'seek', 'seek_refuge', 'seek_refuge_america_heartland'], ""America's Heartland and Inclusivity"": ['heartland', 'america', 'country', 'america_heartland', 'student']}",US Immigration Policy and Protests.Refugees and Seeking Asylum.America's Heartland and Inclusivity,"{'US Immigration Policy and Controversy': ['ban', 'muslimban', 'muslim', 'trump', 'travel', 'trumps', 'immigration', 'order', 'refugee', 'support', 'country', 'people', 'executive_order', 'protest', 'president']}",US Immigration Policy and Controversy
85,5,"['nobannowall', 'muslimban', 'student', 'iranian', 'letthemin', 'support', 'standuptotrump']",77,6,"['muslimban', 'nobannowall', 'studentban', 'notbanstudentvisa', 'student', 'pressure', 'weak', 'iranian', 'letthemin', 'plz', 'york']",3,"['muslim', 'america_heartland', 'ban', 'america', 'muslimban', 'trump', 'seek', 'heartland', 'refuge', 'seek_refuge', 'nobannowall', 'seek_refuge_america_heartland', 'people', 'refugee', 'executive_order', 'student']",14,"['ban', 'trump', 'muslimban', 'immigration', 'muslim', 'trumps', 'travel', 'order', 'executive_order', 'protest', 'president']","[2265661259, 2603032396, 2650905729]","nobannowall,muslimban,student,iranian,letthemin,support,standuptotrump,muslim,america_heartland,ban,america,trump,seek,heartland,refuge,seek_refuge,seek_refuge_america_heartland,people,refugee,executive_order,studentban,notbanstudentvisa,pressure,weak,plz,york,immigration,trumps,travel,order,protest,president","nobannowall,muslimban,student,iranian,letthemin,support,standuptotrump,muslim,america_heartland,ban,america,trump,seek,heartland,refuge,seek_refuge,seek_refuge_america_heartland,people,refugee,executive_order","muslimban,nobannowall,studentban,notbanstudentvisa,student,pressure,weak,iranian,letthemin,plz,york,ban,trump,immigration,muslim,trumps,travel,order,executive_order,protest,president","{'Immigration and Travel Ban Protests': ['nobannowall', 'muslimban', 'letthemin', 'standuptotrump', 'ban', 'executive_order', 'studentban', 'notbanstudentvisa', 'pressure', 'protest', 'travel', 'order', 'president'], 'Impact on Iranian and Muslim Communities': ['iranian', 'muslim', 'refuge', 'seek_refuge', 'seek_refuge_america_heartland', 'refugee', 'people'], 'American Political Climate': ['support', 'america_heartland', 'america', 'trump', 'trumps', 'weak', 'plz', 'york', 'heartland']}",Immigration and Travel Ban Protests.Impact on Iranian and Muslim Communities.American Political Climate,"{'Immigration and Refugee Policy': ['nobannowall', 'muslimban', 'letthemin', 'ban', 'refuge', 'seek_refuge', 'seek_refuge_america_heartland', 'refugee', 'executive_order'], 'Political Activism and Opposition': ['support', 'standuptotrump'], 'Affected Groups and Regions': ['student', 'iranian', 'muslim', 'america_heartland', 'people', 'america', 'trump', 'heartland']}",Immigration and Refugee Policy.Political Activism and Opposition.Affected Groups and Regions,"{'US Immigration Policies': 'muslimban, nobannowall, studentban, notbanstudentvisa, ban, immigration, travel, order, executive_order', 'Protests and Public Response': 'pressure, weak, letthemin, plz, protest', 'Trump Administration Actions': 'trump, trumps, president', 'Affected Groups and Locations': 'student, iranian, muslim, york'}",US Immigration Policies.Protests and Public Response.Trump Administration Actions.Affected Groups and Locations
86,1,"['ban', 'trump', 'immigration', 'travel', 'trumps', 'donald', 'order', 'president', 'fire', 'muslim', 'state', 'general', 'attorney', 'defend', 'official']",78,14,"['ban', 'muslimban', 'muslim', 'trump', 'travel', 'trumps', 'immigration', 'order', 'refugee', 'support', 'country', 'people']",3,"['muslim', 'america_heartland', 'ban', 'america', 'muslimban', 'trump', 'seek', 'heartland', 'refuge', 'seek_refuge', 'nobannowall', 'seek_refuge_america_heartland', 'people', 'refugee', 'executive_order', 'student']",14,"['ban', 'trump', 'muslimban', 'immigration', 'muslim', 'trumps', 'travel', 'order', 'executive_order', 'protest', 'president']","[172028905, 326788733, 618055731, 3235220435]","ban,trump,immigration,travel,trumps,donald,order,president,fire,muslim,state,general,attorney,defend,official,america_heartland,america,muslimban,seek,heartland,refuge,seek_refuge,nobannowall,seek_refuge_america_heartland,people,refugee,executive_order,student,support,country,protest","ban,trump,immigration,travel,trumps,donald,order,president,fire,muslim,state,general,attorney,defend,official,america_heartland,america,muslimban,seek,heartland,refuge,seek_refuge,nobannowall,seek_refuge_america_heartland,people,refugee,executive_order,student","ban,muslimban,muslim,trump,travel,trumps,immigration,order,refugee,support,country,people,executive_order,protest,president","{'Immigration Policy': ['ban', 'immigration', 'travel', 'order', 'muslim', 'muslimban', 'refuge', 'seek_refuge', 'nobannowall', 'seek_refuge_america_heartland', 'refugee', 'executive_order', 'country'], 'Trump Administration': ['trump', 'trumps', 'donald', 'president', 'fire', 'state', 'general', 'attorney', 'defend', 'official', 'america_heartland', 'america', 'people', 'student', 'support', 'protest']}",Immigration Policy.Trump Administration,"{'US Immigration Policy': ['ban', 'immigration', 'travel', 'order', 'muslim', 'muslimban', 'refuge', 'seek_refuge', 'nobannowall', 'seek_refuge_america_heartland', 'refugee', 'executive_order', 'student'], 'Trump Administration': ['trump', 'trumps', 'donald', 'president', 'fire', 'state', 'general', 'attorney', 'defend', 'official', 'america_heartland', 'america', 'people']}",US Immigration Policy.Trump Administration,"{'US Immigration Policy and Controversy': ['ban', 'muslimban', 'muslim', 'trump', 'travel', 'trumps', 'immigration', 'order', 'refugee', 'support', 'country', 'people', 'executive_order', 'protest', 'president']}",US Immigration Policy and Controversy
87,3,"['muslimban', 'muslim', 'trump', 'ban', 'heartland', 'refuge', 'people', 'refugee', 'america', 'order', 'protest', 'vote', 'country']",79,14,"['ban', 'muslimban', 'muslim', 'trump', 'travel', 'trumps', 'immigration', 'order', 'refugee', 'support', 'country', 'people']",3,"['muslim', 'america_heartland', 'ban', 'america', 'muslimban', 'trump', 'seek', 'heartland', 'refuge', 'seek_refuge', 'nobannowall', 'seek_refuge_america_heartland', 'people', 'refugee', 'executive_order', 'student']",14,"['ban', 'trump', 'muslimban', 'immigration', 'muslim', 'trumps', 'travel', 'order', 'executive_order', 'protest', 'president']","[3093553831, 3381540185, 4869201105, 721791807538012161, 734346147767148544, 771218637269049345, 792889476859174913, 817216481465405442]","muslimban,muslim,trump,ban,heartland,refuge,people,refugee,america,order,protest,vote,country,america_heartland,seek,seek_refuge,nobannowall,seek_refuge_america_heartland,executive_order,student,travel,trumps,immigration,support,president","muslimban,muslim,trump,ban,heartland,refuge,people,refugee,america,order,protest,vote,country,america_heartland,seek,seek_refuge,nobannowall,seek_refuge_america_heartland,executive_order,student","ban,muslimban,muslim,trump,travel,trumps,immigration,order,refugee,support,country,people,executive_order,protest,president","{'US Immigration Policy': 'muslimban, muslim, trump, ban, executive_order, immigration, travel, trumps, president', 'Public Reaction and Protest': 'protest, vote, support, nobannowall', 'Refuge and Asylum': 'refuge, people, refugee, seek, seek_refuge, seek_refuge_america_heartland', 'American Identity and Heartland': 'america, heartland, america_heartland, country, student'}",US Immigration Policy.Public Reaction and Protest.Refuge and Asylum.American Identity and Heartland,"{'US Immigration Policy and Protests': ['muslimban', 'muslim', 'trump', 'ban', 'order', 'protest', 'vote', 'executive_order', 'nobannowall'], 'Refugees and Seeking Asylum': ['refuge', 'people', 'refugee', 'seek', 'seek_refuge', 'seek_refuge_america_heartland'], ""America's Heartland and Inclusivity"": ['heartland', 'america', 'country', 'america_heartland', 'student']}",US Immigration Policy and Protests.Refugees and Seeking Asylum.America's Heartland and Inclusivity,"{'US Immigration Policy and Controversy': ['ban', 'muslimban', 'muslim', 'trump', 'travel', 'trumps', 'immigration', 'order', 'refugee', 'support', 'country', 'people', 'executive_order', 'protest', 'president']}",US Immigration Policy and Controversy
88,6,"['resist', 'muslimban', 'trumpleak', 'theresistance', 'trump', 'impeachtrump', 'resistance', 'nobannowall', 'stopsession', 'nodapl', 'break', 'stopdevos', 'company']",80,11,"['trump', 'ban', 'resist', 'muslimban', 'immigration', 'trumpleak', 'travel', 'theresistance', 'trumps', 'order', 'nobannowall', 'impeachtrump', 'president', 'resistance', 'stopsession', 'muslim']",9,"['muslimban', 'resist', 'trumpleak', 'theresistance', 'trump', 'impeachtrump', 'resistance', 'nobannowall', 'resistance_theresistance', 'nodapl', 'break', 'session']",8,"['trump', 'resist', 'trumpleak', 'muslimban', 'ban', 'immigration', 'resistance_theresistance', 'travel', 'theresistance', 'impeachtrump', 'trumps', 'resistance', 'nobannowall', 'order', 'president', 'stopsession', 'nodapl', 'stopdevos']","[85881268, 1665491648, 751283435382067200, 751283435382067202]","resist,muslimban,trumpleak,theresistance,trump,impeachtrump,resistance,nobannowall,stopsession,nodapl,break,stopdevos,company,resistance_theresistance,session,ban,immigration,travel,trumps,order,president,muslim","resist,muslimban,trumpleak,theresistance,trump,impeachtrump,resistance,nobannowall,stopsession,nodapl,break,stopdevos,company,resistance_theresistance,session","trump,ban,resist,muslimban,immigration,trumpleak,travel,theresistance,trumps,order,nobannowall,impeachtrump,president,resistance,stopsession,muslim,resistance_theresistance,nodapl,stopdevos","{'Political Resistance': ['resist', 'theresistance', 'resistance', 'resistance_theresistance'], 'Trump Administration Controversies': ['muslimban', 'trumpleak', 'trump', 'impeachtrump', 'nobannowall', 'stopsession', 'stopdevos', 'trumps', 'order', 'president'], 'Immigration and Travel Ban': ['ban', 'immigration', 'travel', 'muslim']}",Political Resistance.Trump Administration Controversies.Immigration and Travel Ban,"{'Political Resistance': ['resist', 'theresistance', 'resistance', 'resistance_theresistance'], 'Opposition to Trump Administration': ['muslimban', 'trumpleak', 'trump', 'impeachtrump', 'nobannowall', 'stopsession', 'stopdevos'], 'Environmental and Social Activism': ['nodapl']}",Political Resistance.Opposition to Trump Administration.Environmental and Social Activism,"{'US Political Resistance Movements': 'trump, resist, muslimban, immigration, trumpleak, travel, theresistance, trumps, order, nobannowall, impeachtrump, president, resistance, stopsession, muslim, resistance_theresistance, nodapl, stopdevos'}",US Political Resistance Movements
89,14,"['muslim', 'ban', 'seek', 'america', 'country']",81,14,"['ban', 'muslimban', 'muslim', 'trump', 'travel', 'trumps', 'immigration', 'order', 'refugee', 'support', 'country', 'people']",3,"['muslim', 'america_heartland', 'ban', 'america', 'muslimban', 'trump', 'seek', 'heartland', 'refuge', 'seek_refuge', 'nobannowall', 'seek_refuge_america_heartland', 'people', 'refugee', 'executive_order', 'student']",14,"['ban', 'trump', 'muslimban', 'immigration', 'muslim', 'trumps', 'travel', 'order', 'executive_order', 'protest', 'president']","[924027536, 2182901462, 2716396878, 4158185058, 770969328682434560, 796831328893222912]","muslim,ban,seek,america,country,america_heartland,muslimban,trump,heartland,refuge,seek_refuge,nobannowall,seek_refuge_america_heartland,people,refugee,executive_order,student,travel,trumps,immigration,order,support,protest,president","muslim,ban,seek,america,country,america_heartland,muslimban,trump,heartland,refuge,seek_refuge,nobannowall,seek_refuge_america_heartland,people,refugee,executive_order,student","ban,muslimban,muslim,trump,travel,trumps,immigration,order,refugee,support,country,people,executive_order,protest,president","{'Immigration and Refugee Policy': 'muslim, ban, seek, america, country, america_heartland, muslimban, trump, heartland, refuge, seek_refuge, nobannowall, seek_refuge_america_heartland, people, refugee, executive_order, student, travel, trumps, immigration, order, support, protest, president'}",Immigration and Refugee Policy,"{'US Immigration Policy': ['muslim', 'ban', 'muslimban', 'trump', 'executive_order', 'nobannowall'], 'Refugees Seeking Safety': ['seek', 'refuge', 'seek_refuge', 'refugee', 'seek_refuge_america_heartland'], ""America's Heartland"": ['america', 'country', 'america_heartland', 'heartland'], 'Impact on Individuals': ['people', 'student']}",US Immigration Policy.Refugees Seeking Safety.America's Heartland.Impact on Individuals,"{'US Immigration Policy and Controversy': ['ban', 'muslimban', 'muslim', 'trump', 'travel', 'trumps', 'immigration', 'order', 'refugee', 'support', 'country', 'people', 'executive_order', 'protest', 'president']}",US Immigration Policy and Controversy
90,1,"['ban', 'trump', 'immigration', 'travel', 'trumps', 'donald', 'order', 'president', 'fire', 'muslim', 'state', 'general', 'attorney', 'defend', 'official']",82,14,"['ban', 'muslimban', 'muslim', 'trump', 'travel', 'trumps', 'immigration', 'order', 'refugee', 'support', 'country', 'people']",6,"['ban', 'travel', 'trump', 'trumps', 'immigration', 'president', 'order', 'executive_order', 'sally_yate', 'attorney_general', 'protest']",14,"['ban', 'trump', 'muslimban', 'immigration', 'muslim', 'trumps', 'travel', 'order', 'executive_order', 'protest', 'president']","[16042794, 21374516, 1499091486]","ban,trump,immigration,travel,trumps,donald,order,president,fire,muslim,state,general,attorney,defend,official,executive_order,sally_yate,attorney_general,protest,muslimban,refugee,support,country,people","ban,trump,immigration,travel,trumps,donald,order,president,fire,muslim,state,general,attorney,defend,official,executive_order,sally_yate,attorney_general,protest","ban,muslimban,muslim,trump,travel,trumps,immigration,order,refugee,support,country,people,executive_order,protest,president","{'US Immigration Policy': ['ban', 'immigration', 'travel', 'order', 'executive_order', 'refugee', 'country', 'people'], 'Trump Administration Actions': ['trump', 'trumps', 'donald', 'president', 'fire', 'state', 'official', 'support'], 'Muslim Ban Controversy': ['muslim', 'muslimban', 'protest', 'defend', 'support'], 'Sally Yates and Legal Challenges': ['general', 'attorney', 'sally_yate', 'attorney_general', 'defend']}",US Immigration Policy.Trump Administration Actions.Muslim Ban Controversy.Sally Yates and Legal Challenges,"{""Trump's Immigration and Travel Ban"": ['ban', 'trump', 'immigration', 'travel', 'trumps', 'donald', 'order', 'president', 'executive_order'], 'Controversy and Legal Challenges': ['fire', 'muslim', 'state', 'general', 'attorney', 'defend', 'official', 'sally_yate', 'attorney_general', 'protest']}",Trump's Immigration and Travel Ban.Controversy and Legal Challenges,"{'US Immigration Policy and Controversy': ['ban', 'muslimban', 'muslim', 'trump', 'travel', 'trumps', 'immigration', 'order', 'refugee', 'support', 'country', 'people', 'executive_order', 'protest', 'president']}",US Immigration Policy and Controversy
91,5,"['nobannowall', 'muslimban', 'student', 'iranian', 'letthemin', 'support', 'standuptotrump']",83,6,"['muslimban', 'nobannowall', 'studentban', 'notbanstudentvisa', 'student', 'pressure', 'weak', 'iranian', 'letthemin', 'plz', 'york']",3,"['muslim', 'america_heartland', 'ban', 'america', 'muslimban', 'trump', 'seek', 'heartland', 'refuge', 'seek_refuge', 'nobannowall', 'seek_refuge_america_heartland', 'people', 'refugee', 'executive_order', 'student']",12,"['nobannowall', 'muslimban', 'studentban', 'notbanstudentvisa', 'worth_worldwide', 'iranian_student', 'student', 'notbanstudentvisa_studentban', 'studentban_notbanstudentvisa', 'letthemin_respect', 'beautiful_mind', 'studentban_plz', 'letthemin', 'march_york', 'notaterrorist_studentban', 'plz']","[255768621, 395438205, 452088908, 2158531212, 2269555050, 2374323116, 2982621783, 707125355602022400, 744522989731995648]","nobannowall,muslimban,student,iranian,letthemin,support,standuptotrump,muslim,america_heartland,ban,america,trump,seek,heartland,refuge,seek_refuge,seek_refuge_america_heartland,people,refugee,executive_order,studentban,notbanstudentvisa,pressure,weak,plz,york,worth_worldwide,iranian_student,notbanstudentvisa_studentban,studentban_notbanstudentvisa,letthemin_respect,beautiful_mind,studentban_plz,march_york,notaterrorist_studentban","nobannowall,muslimban,student,iranian,letthemin,support,standuptotrump,muslim,america_heartland,ban,america,trump,seek,heartland,refuge,seek_refuge,seek_refuge_america_heartland,people,refugee,executive_order","muslimban,nobannowall,studentban,notbanstudentvisa,student,pressure,weak,iranian,letthemin,plz,york,worth_worldwide,iranian_student,notbanstudentvisa_studentban,studentban_notbanstudentvisa,letthemin_respect,beautiful_mind,studentban_plz,march_york,notaterrorist_studentban","{'Travel and Immigration Restrictions': ['nobannowall', 'muslimban', 'ban', 'executive_order', 'studentban', 'notbanstudentvisa', 'studentban_notbanstudentvisa', 'notbanstudentvisa_studentban', 'studentban_plz', 'notaterrorist_studentban'], 'Protest and Support Movements': ['letthemin', 'support', 'standuptotrump', 'seek_refuge', 'seek_refuge_america_heartland', 'letthemin_respect', 'march_york'], 'Affected Groups and Individuals': ['student', 'iranian', 'muslim', 'refugee', 'people', 'iranian_student', 'beautiful_mind'], 'Geographical and Political Context': ['america_heartland', 'america', 'trump', 'heartland', 'york'], 'Public Sentiment and Reactions': ['pressure', 'weak', 'plz', 'worth_worldwide']}",Travel and Immigration Restrictions.Protest and Support Movements.Affected Groups and Individuals.Geographical and Political Context.Public Sentiment and Reactions,"{'Immigration and Refugee Policy': ['nobannowall', 'muslimban', 'letthemin', 'ban', 'refuge', 'seek_refuge', 'seek_refuge_america_heartland', 'refugee', 'executive_order'], 'Political Activism and Opposition': ['support', 'standuptotrump'], 'Affected Groups and Regions': ['student', 'iranian', 'muslim', 'america_heartland', 'people', 'america', 'trump', 'heartland']}",Immigration and Refugee Policy.Political Activism and Opposition.Affected Groups and Regions,"{'Travel and Immigration Restrictions': ['muslimban', 'nobannowall', 'studentban', 'notbanstudentvisa', 'letthemin', 'plz', 'worth_worldwide', 'notbanstudentvisa_studentban', 'studentban_notbanstudentvisa', 'letthemin_respect', 'studentban_plz', 'notaterrorist_studentban'], 'Iranian Students and Advocacy': ['iranian', 'iranian_student', 'student', 'beautiful_mind'], 'Protests and Demonstrations': ['march_york', 'york'], 'Public Sentiment and Reactions': ['pressure', 'weak']}",Travel and Immigration Restrictions.Iranian Students and Advocacy.Protests and Demonstrations.Public Sentiment and Reactions
92,1,"['ban', 'trump', 'immigration', 'travel', 'trumps', 'donald', 'order', 'president', 'fire', 'muslim', 'state', 'general', 'attorney', 'defend', 'official']",84,14,"['ban', 'muslimban', 'muslim', 'trump', 'travel', 'trumps', 'immigration', 'order', 'refugee', 'support', 'country', 'people']",12,"['ban', 'donald', 'trump', 'trumps', 'immigration', 'stock', 'travel', 'fire', 'dissent_memo', 'fire_attorney', 'muslim']",14,"['ban', 'trump', 'muslimban', 'immigration', 'muslim', 'trumps', 'travel', 'order', 'executive_order', 'protest', 'president']","[19424427, 2366034324, 701866563268378626]","ban,trump,immigration,travel,trumps,donald,order,president,fire,muslim,state,general,attorney,defend,official,stock,dissent_memo,fire_attorney,muslimban,refugee,support,country,people,executive_order,protest","ban,trump,immigration,travel,trumps,donald,order,president,fire,muslim,state,general,attorney,defend,official,stock,dissent_memo,fire_attorney","ban,muslimban,muslim,trump,travel,trumps,immigration,order,refugee,support,country,people,executive_order,protest,president","{'US Immigration Policy Controversy': 'ban, trump, immigration, travel, trumps, donald, order, president, muslim, state, general, attorney, defend, official, dissent_memo, muslimban, refugee, country, people, executive_order, protest', 'Political and Legal Repercussions': 'fire, stock, fire_attorney, support'}",US Immigration Policy Controversy.Political and Legal Repercussions,"{'US Immigration Policy': 'ban, immigration, travel, order, muslim', 'Trump Administration Actions': 'trump, trumps, donald, president, fire, state, general, attorney, defend, official, dissent_memo, fire_attorney', 'Political and Legal Controversies': 'stock, dissent_memo, fire_attorney'}",US Immigration Policy.Trump Administration Actions.Political and Legal Controversies,"{'US Immigration Policy and Controversy': ['ban', 'muslimban', 'muslim', 'trump', 'travel', 'trumps', 'immigration', 'order', 'refugee', 'support', 'country', 'people', 'executive_order', 'protest', 'president']}",US Immigration Policy and Controversy
93,3,"['muslimban', 'muslim', 'trump', 'ban', 'heartland', 'refuge', 'people', 'refugee', 'america', 'order', 'protest', 'vote', 'country']",106,14,"['ban', 'muslimban', 'muslim', 'trump', 'travel', 'trumps', 'immigration', 'order', 'refugee', 'support', 'country', 'people']",3,"['muslim', 'america_heartland', 'ban', 'america', 'muslimban', 'trump', 'seek', 'heartland', 'refuge', 'seek_refuge', 'nobannowall', 'seek_refuge_america_heartland', 'people', 'refugee', 'executive_order', 'student']",14,"['ban', 'trump', 'muslimban', 'immigration', 'muslim', 'trumps', 'travel', 'order', 'executive_order', 'protest', 'president']","[27453762, 32189132, 904519579]","muslimban,muslim,trump,ban,heartland,refuge,people,refugee,america,order,protest,vote,country,america_heartland,seek,seek_refuge,nobannowall,seek_refuge_america_heartland,executive_order,student,travel,trumps,immigration,support,president","muslimban,muslim,trump,ban,heartland,refuge,people,refugee,america,order,protest,vote,country,america_heartland,seek,seek_refuge,nobannowall,seek_refuge_america_heartland,executive_order,student","ban,muslimban,muslim,trump,travel,trumps,immigration,order,refugee,support,country,people,executive_order,protest,president","{'US Immigration Policy': 'muslimban, muslim, trump, ban, executive_order, immigration, president, trumps', 'Public Reaction and Protest': 'protest, vote, support, nobannowall', 'Refuge and Asylum': 'refuge, people, refugee, seek, seek_refuge, seek_refuge_america_heartland', 'Impact on America': 'america, america_heartland, country, heartland', 'Travel and Education': 'student, travel, order'}",US Immigration Policy.Public Reaction and Protest.Refuge and Asylum.Impact on America.Travel and Education,"{'US Immigration Policy and Protests': ['muslimban', 'muslim', 'trump', 'ban', 'order', 'protest', 'vote', 'executive_order', 'nobannowall'], 'Refugees and Seeking Asylum': ['refuge', 'people', 'refugee', 'seek', 'seek_refuge', 'seek_refuge_america_heartland'], ""America's Heartland and Inclusivity"": ['heartland', 'america', 'country', 'america_heartland', 'student']}",US Immigration Policy and Protests.Refugees and Seeking Asylum.America's Heartland and Inclusivity,"{'US Immigration Policy and Controversy': ['ban', 'muslimban', 'muslim', 'trump', 'travel', 'trumps', 'immigration', 'order', 'refugee', 'support', 'country', 'people', 'executive_order', 'protest', 'president']}",US Immigration Policy and Controversy
94,3,"['muslimban', 'muslim', 'trump', 'ban', 'heartland', 'refuge', 'people', 'refugee', 'america', 'order', 'protest', 'vote', 'country']",97,14,"['ban', 'muslimban', 'muslim', 'trump', 'travel', 'trumps', 'immigration', 'order', 'refugee', 'support', 'country', 'people']",3,"['muslim', 'america_heartland', 'ban', 'america', 'muslimban', 'trump', 'seek', 'heartland', 'refuge', 'seek_refuge', 'nobannowall', 'seek_refuge_america_heartland', 'people', 'refugee', 'executive_order', 'student']",14,"['ban', 'trump', 'muslimban', 'immigration', 'muslim', 'trumps', 'travel', 'order', 'executive_order', 'protest', 'president']","[28458650, 45573874, 245424983, 1385927946, 2174771983]","muslimban,muslim,trump,ban,heartland,refuge,people,refugee,america,order,protest,vote,country,america_heartland,seek,seek_refuge,nobannowall,seek_refuge_america_heartland,executive_order,student,travel,trumps,immigration,support,president","muslimban,muslim,trump,ban,heartland,refuge,people,refugee,america,order,protest,vote,country,america_heartland,seek,seek_refuge,nobannowall,seek_refuge_america_heartland,executive_order,student","ban,muslimban,muslim,trump,travel,trumps,immigration,order,refugee,support,country,people,executive_order,protest,president","{'US Immigration Policy': 'muslimban, muslim, trump, ban, order, protest, vote, country, executive_order, travel, trumps, immigration, support, president', 'Refugee and Asylum Seekers': 'refuge, people, refugee, seek, seek_refuge, seek_refuge_america_heartland', 'American Heartland Response': 'heartland, america, america_heartland, nobannowall, student'}",US Immigration Policy.Refugee and Asylum Seekers.American Heartland Response,"{'US Immigration Policy and Protests': ['muslimban', 'muslim', 'trump', 'ban', 'order', 'protest', 'vote', 'executive_order', 'nobannowall'], 'Refugees and Seeking Asylum': ['refuge', 'people', 'refugee', 'seek', 'seek_refuge', 'seek_refuge_america_heartland'], ""America's Heartland and Inclusivity"": ['heartland', 'america', 'country', 'america_heartland', 'student']}",US Immigration Policy and Protests.Refugees and Seeking Asylum.America's Heartland and Inclusivity,"{'US Immigration Policy and Controversy': ['ban', 'muslimban', 'muslim', 'trump', 'travel', 'trumps', 'immigration', 'order', 'refugee', 'support', 'country', 'people', 'executive_order', 'protest', 'president']}",US Immigration Policy and Controversy
95,3,"['muslimban', 'muslim', 'trump', 'ban', 'heartland', 'refuge', 'people', 'refugee', 'america', 'order', 'protest', 'vote', 'country']",85,14,"['ban', 'muslimban', 'muslim', 'trump', 'travel', 'trumps', 'immigration', 'order', 'refugee', 'support', 'country', 'people']",3,"['muslim', 'america_heartland', 'ban', 'america', 'muslimban', 'trump', 'seek', 'heartland', 'refuge', 'seek_refuge', 'nobannowall', 'seek_refuge_america_heartland', 'people', 'refugee', 'executive_order', 'student']",14,"['ban', 'trump', 'muslimban', 'immigration', 'muslim', 'trumps', 'travel', 'order', 'executive_order', 'protest', 'president']","[16585101, 33410754, 1947303967]","muslimban,muslim,trump,ban,heartland,refuge,people,refugee,america,order,protest,vote,country,america_heartland,seek,seek_refuge,nobannowall,seek_refuge_america_heartland,executive_order,student,travel,trumps,immigration,support,president","muslimban,muslim,trump,ban,heartland,refuge,people,refugee,america,order,protest,vote,country,america_heartland,seek,seek_refuge,nobannowall,seek_refuge_america_heartland,executive_order,student","ban,muslimban,muslim,trump,travel,trumps,immigration,order,refugee,support,country,people,executive_order,protest,president","{'US Immigration Policy': 'muslimban, muslim, trump, ban, executive_order, immigration, travel, trumps, president', 'Public Reaction and Protest': 'protest, vote, support, nobannowall', 'Refuge and Asylum': 'refuge, people, refugee, seek, seek_refuge, seek_refuge_america_heartland', 'American Identity and Values': 'america, heartland, america_heartland, country, student'}",US Immigration Policy.Public Reaction and Protest.Refuge and Asylum.American Identity and Values,"{'US Immigration Policy and Protests': ['muslimban', 'muslim', 'trump', 'ban', 'order', 'protest', 'vote', 'executive_order', 'nobannowall'], 'Refugees and Seeking Asylum': ['refuge', 'people', 'refugee', 'seek', 'seek_refuge', 'seek_refuge_america_heartland'], ""America's Heartland and Inclusivity"": ['heartland', 'america', 'country', 'america_heartland', 'student']}",US Immigration Policy and Protests.Refugees and Seeking Asylum.America's Heartland and Inclusivity,"{'US Immigration Policy and Controversy': ['ban', 'muslimban', 'muslim', 'trump', 'travel', 'trumps', 'immigration', 'order', 'refugee', 'support', 'country', 'people', 'executive_order', 'protest', 'president']}",US Immigration Policy and Controversy
96,5,"['nobannowall', 'muslimban', 'student', 'iranian', 'letthemin', 'support', 'standuptotrump']",86,6,"['muslimban', 'nobannowall', 'studentban', 'notbanstudentvisa', 'student', 'pressure', 'weak', 'iranian', 'letthemin', 'plz', 'york']",11,"['muslimban', 'studentban', 'nobannowall', 'notbanstudentvisa', 'worth_worldwide', 'iranian_student', 'notbanstudentvisa_studentban', 'studentban_plz', 'beautiful_mind', 'letthemin_respect', 'studentban_notbanstudentvisa', 'letthemin', 'notaterrorist_studentban', 'support', 'respect']",12,"['nobannowall', 'muslimban', 'studentban', 'notbanstudentvisa', 'worth_worldwide', 'iranian_student', 'student', 'notbanstudentvisa_studentban', 'studentban_notbanstudentvisa', 'letthemin_respect', 'beautiful_mind', 'studentban_plz', 'letthemin', 'march_york', 'notaterrorist_studentban', 'plz']","[46765210, 211942956, 455258213, 498767453, 623661575, 836041856, 860475655, 1063014030, 1513641805, 1703026142, 1927443668, 2246106450, 2833602804, 3373338885, 3380890151, 3423737741, 4772131878, 789821298230779900, 802749710612172800, 825267418452856800, 825286597658738689, 825299419260137472, 825302309198557185, 825302309198557200, 825303458404266000, 825319482470064128, 825447921256714240, 825455151049695232, 825457372671901696, 825464121860771841, 825583189536169988, 825590400408834048, 825640246238920704, 825684352545730600, 825751764976730112, 825756757897125888, 825760198820249600, 826061634636541956, 826088887604899800, 826093225668726785, 826099189876719618, 826103851631702016, 826114184609927169, 826375083077861376]","nobannowall,muslimban,student,iranian,letthemin,support,standuptotrump,studentban,notbanstudentvisa,worth_worldwide,iranian_student,notbanstudentvisa_studentban,studentban_plz,beautiful_mind,letthemin_respect,studentban_notbanstudentvisa,notaterrorist_studentban,respect,pressure,weak,plz,york,march_york","nobannowall,muslimban,student,iranian,letthemin,support,standuptotrump,studentban,notbanstudentvisa,worth_worldwide,iranian_student,notbanstudentvisa_studentban,studentban_plz,beautiful_mind,letthemin_respect,studentban_notbanstudentvisa,notaterrorist_studentban,respect","muslimban,nobannowall,studentban,notbanstudentvisa,student,pressure,weak,iranian,letthemin,plz,york,worth_worldwide,iranian_student,notbanstudentvisa_studentban,studentban_notbanstudentvisa,letthemin_respect,beautiful_mind,studentban_plz,march_york,notaterrorist_studentban","{'Protest Against Travel Ban': ['nobannowall', 'muslimban', 'letthemin', 'support', 'standuptotrump', 'letthemin_respect', 'respect', 'pressure', 'weak', 'plz', 'march_york'], 'Iranian Students Affected by Ban': ['student', 'iranian', 'iranian_student', 'studentban', 'notbanstudentvisa', 'notbanstudentvisa_studentban', 'studentban_plz', 'studentban_notbanstudentvisa', 'notaterrorist_studentban', 'beautiful_mind'], 'Events in York': ['york', 'march_york']}",Protest Against Travel Ban.Iranian Students Affected by Ban.Events in York,"{'Immigration and Travel Ban Protests': ['nobannowall', 'muslimban', 'letthemin', 'support', 'standuptotrump', 'notbanstudentvisa', 'worth_worldwide', 'letthemin_respect', 'respect'], 'Iranian Students and Visa Issues': ['student', 'iranian', 'iranian_student', 'studentban', 'notbanstudentvisa', 'studentban_notbanstudentvisa', 'notaterrorist_studentban', 'studentban_plz', 'beautiful_mind']}",Immigration and Travel Ban Protests.Iranian Students and Visa Issues,"{'Travel and Immigration Restrictions': ['muslimban', 'nobannowall', 'studentban', 'notbanstudentvisa', 'letthemin', 'plz', 'worth_worldwide', 'notbanstudentvisa_studentban', 'studentban_notbanstudentvisa', 'letthemin_respect', 'studentban_plz', 'notaterrorist_studentban'], 'Iranian Students and Advocacy': ['iranian', 'iranian_student', 'student', 'beautiful_mind'], 'Protests and Demonstrations': ['march_york', 'york'], 'Public Sentiment and Reactions': ['pressure', 'weak']}",Travel and Immigration Restrictions.Iranian Students and Advocacy.Protests and Demonstrations.Public Sentiment and Reactions
97,5,"['nobannowall', 'muslimban', 'student', 'iranian', 'letthemin', 'support', 'standuptotrump']",87,14,"['ban', 'muslimban', 'muslim', 'trump', 'travel', 'trumps', 'immigration', 'order', 'refugee', 'support', 'country', 'people']",3,"['muslim', 'america_heartland', 'ban', 'america', 'muslimban', 'trump', 'seek', 'heartland', 'refuge', 'seek_refuge', 'nobannowall', 'seek_refuge_america_heartland', 'people', 'refugee', 'executive_order', 'student']",14,"['ban', 'trump', 'muslimban', 'immigration', 'muslim', 'trumps', 'travel', 'order', 'executive_order', 'protest', 'president']","[1034665663, 3218299384, 770180784162533376]","nobannowall,muslimban,student,iranian,letthemin,support,standuptotrump,muslim,america_heartland,ban,america,trump,seek,heartland,refuge,seek_refuge,seek_refuge_america_heartland,people,refugee,executive_order,travel,trumps,immigration,order,country,protest,president","nobannowall,muslimban,student,iranian,letthemin,support,standuptotrump,muslim,america_heartland,ban,america,trump,seek,heartland,refuge,seek_refuge,seek_refuge_america_heartland,people,refugee,executive_order","ban,muslimban,muslim,trump,travel,trumps,immigration,order,refugee,support,country,people,executive_order,protest,president","{'Travel Ban Protest': ['nobannowall', 'muslimban', 'letthemin', 'support', 'standuptotrump', 'ban', 'protest', 'executive_order', 'travel', 'trumps', 'immigration', 'order', 'president'], 'Impact on Iranian Students': ['student', 'iranian', 'seek', 'refuge', 'seek_refuge', 'seek_refuge_america_heartland', 'people', 'refugee', 'country'], 'American Identity and Values': ['muslim', 'america_heartland', 'america', 'heartland']}",Travel Ban Protest.Impact on Iranian Students.American Identity and Values,"{'Immigration and Refugee Policy': ['nobannowall', 'muslimban', 'letthemin', 'ban', 'refuge', 'seek_refuge', 'seek_refuge_america_heartland', 'refugee', 'executive_order'], 'Political Activism and Opposition': ['support', 'standuptotrump'], 'Affected Groups and Regions': ['student', 'iranian', 'muslim', 'america_heartland', 'people', 'america', 'trump', 'heartland']}",Immigration and Refugee Policy.Political Activism and Opposition.Affected Groups and Regions,"{'US Immigration Policy and Controversy': ['ban', 'muslimban', 'muslim', 'trump', 'travel', 'trumps', 'immigration', 'order', 'refugee', 'support', 'country', 'people', 'executive_order', 'protest', 'president']}",US Immigration Policy and Controversy
98,3,"['muslimban', 'muslim', 'trump', 'ban', 'heartland', 'refuge', 'people', 'refugee', 'america', 'order', 'protest', 'vote', 'country']",88,14,"['ban', 'muslimban', 'muslim', 'trump', 'travel', 'trumps', 'immigration', 'order', 'refugee', 'support', 'country', 'people']",3,"['muslim', 'america_heartland', 'ban', 'america', 'muslimban', 'trump', 'seek', 'heartland', 'refuge', 'seek_refuge', 'nobannowall', 'seek_refuge_america_heartland', 'people', 'refugee', 'executive_order', 'student']",14,"['ban', 'trump', 'muslimban', 'immigration', 'muslim', 'trumps', 'travel', 'order', 'executive_order', 'protest', 'president']","[32303391, 333378918, 3315835416]","muslimban,muslim,trump,ban,heartland,refuge,people,refugee,america,order,protest,vote,country,america_heartland,seek,seek_refuge,nobannowall,seek_refuge_america_heartland,executive_order,student,travel,trumps,immigration,support,president","muslimban,muslim,trump,ban,heartland,refuge,people,refugee,america,order,protest,vote,country,america_heartland,seek,seek_refuge,nobannowall,seek_refuge_america_heartland,executive_order,student","ban,muslimban,muslim,trump,travel,trumps,immigration,order,refugee,support,country,people,executive_order,protest,president","{'US Immigration Policy': 'muslimban, muslim, trump, ban, executive_order, immigration, travel, trumps, president', 'Public Reaction and Protest': 'protest, vote, support, nobannowall', 'Refuge and Asylum': 'refuge, people, refugee, seek, seek_refuge, seek_refuge_america_heartland', 'American Identity and Heartland': 'america, heartland, america_heartland, country', 'Education and Students': 'student'}",US Immigration Policy.Public Reaction and Protest.Refuge and Asylum.American Identity and Heartland.Education and Students,"{'US Immigration Policy and Protests': ['muslimban', 'muslim', 'trump', 'ban', 'order', 'protest', 'vote', 'executive_order', 'nobannowall'], 'Refugees and Seeking Asylum': ['refuge', 'people', 'refugee', 'seek', 'seek_refuge', 'seek_refuge_america_heartland'], ""America's Heartland and Inclusivity"": ['heartland', 'america', 'country', 'america_heartland', 'student']}",US Immigration Policy and Protests.Refugees and Seeking Asylum.America's Heartland and Inclusivity,"{'US Immigration Policy and Controversy': ['ban', 'muslimban', 'muslim', 'trump', 'travel', 'trumps', 'immigration', 'order', 'refugee', 'support', 'country', 'people', 'executive_order', 'protest', 'president']}",US Immigration Policy and Controversy
99,3,"['muslimban', 'muslim', 'trump', 'ban', 'heartland', 'refuge', 'people', 'refugee', 'america', 'order', 'protest', 'vote', 'country']",89,14,"['ban', 'muslimban', 'muslim', 'trump', 'travel', 'trumps', 'immigration', 'order', 'refugee', 'support', 'country', 'people']",3,"['muslim', 'america_heartland', 'ban', 'america', 'muslimban', 'trump', 'seek', 'heartland', 'refuge', 'seek_refuge', 'nobannowall', 'seek_refuge_america_heartland', 'people', 'refugee', 'executive_order', 'student']",14,"['ban', 'trump', 'muslimban', 'immigration', 'muslim', 'trumps', 'travel', 'order', 'executive_order', 'protest', 'president']","[101086945, 160799928, 2802108536, 799874351872913411]","muslimban,muslim,trump,ban,heartland,refuge,people,refugee,america,order,protest,vote,country,america_heartland,seek,seek_refuge,nobannowall,seek_refuge_america_heartland,executive_order,student,travel,trumps,immigration,support,president","muslimban,muslim,trump,ban,heartland,refuge,people,refugee,america,order,protest,vote,country,america_heartland,seek,seek_refuge,nobannowall,seek_refuge_america_heartland,executive_order,student","ban,muslimban,muslim,trump,travel,trumps,immigration,order,refugee,support,country,people,executive_order,protest,president","{'US Immigration Policy': 'muslimban, muslim, trump, ban, refugee, america, order, protest, vote, country, executive_order, travel, trumps, immigration, support, president', 'Public Reaction and Protest': 'protest, nobannowall, vote, support', 'Refuge and Seeking Asylum': 'refuge, people, refugee, seek, seek_refuge, seek_refuge_america_heartland', 'Impact on Education': 'student, travel', 'American Heartland': 'heartland, america_heartland'}",US Immigration Policy.Public Reaction and Protest.Refuge and Seeking Asylum.Impact on Education.American Heartland,"{'US Immigration Policy and Protests': ['muslimban', 'muslim', 'trump', 'ban', 'order', 'protest', 'vote', 'executive_order', 'nobannowall'], 'Refugees and Seeking Asylum': ['refuge', 'people', 'refugee', 'seek', 'seek_refuge', 'seek_refuge_america_heartland'], ""America's Heartland and Inclusivity"": ['heartland', 'america', 'country', 'america_heartland', 'student']}",US Immigration Policy and Protests.Refugees and Seeking Asylum.America's Heartland and Inclusivity,"{'US Immigration Policy and Controversy': ['ban', 'muslimban', 'muslim', 'trump', 'travel', 'trumps', 'immigration', 'order', 'refugee', 'support', 'country', 'people', 'executive_order', 'protest', 'president']}",US Immigration Policy and Controversy
100,1,"['ban', 'trump', 'immigration', 'travel', 'trumps', 'donald', 'order', 'president', 'fire', 'muslim', 'state', 'general', 'attorney', 'defend', 'official']",91,6,"['muslimban', 'nobannowall', 'studentban', 'notbanstudentvisa', 'student', 'pressure', 'weak', 'iranian', 'letthemin', 'plz', 'york']",3,"['muslim', 'america_heartland', 'ban', 'america', 'muslimban', 'trump', 'seek', 'heartland', 'refuge', 'seek_refuge', 'nobannowall', 'seek_refuge_america_heartland', 'people', 'refugee', 'executive_order', 'student']",12,"['nobannowall', 'muslimban', 'studentban', 'notbanstudentvisa', 'worth_worldwide', 'iranian_student', 'student', 'notbanstudentvisa_studentban', 'studentban_notbanstudentvisa', 'letthemin_respect', 'beautiful_mind', 'studentban_plz', 'letthemin', 'march_york', 'notaterrorist_studentban', 'plz']","[261856854, 1428956358, 2199288158]","ban,trump,immigration,travel,trumps,donald,order,president,fire,muslim,state,general,attorney,defend,official,america_heartland,america,muslimban,seek,heartland,refuge,seek_refuge,nobannowall,seek_refuge_america_heartland,people,refugee,executive_order,student,studentban,notbanstudentvisa,pressure,weak,iranian,letthemin,plz,york,worth_worldwide,iranian_student,notbanstudentvisa_studentban,studentban_notbanstudentvisa,letthemin_respect,beautiful_mind,studentban_plz,march_york,notaterrorist_studentban","ban,trump,immigration,travel,trumps,donald,order,president,fire,muslim,state,general,attorney,defend,official,america_heartland,america,muslimban,seek,heartland,refuge,seek_refuge,nobannowall,seek_refuge_america_heartland,people,refugee,executive_order,student","muslimban,nobannowall,studentban,notbanstudentvisa,student,pressure,weak,iranian,letthemin,plz,york,worth_worldwide,iranian_student,notbanstudentvisa_studentban,studentban_notbanstudentvisa,letthemin_respect,beautiful_mind,studentban_plz,march_york,notaterrorist_studentban","{'Travel Ban and Immigration Policies': ['ban', 'trump', 'immigration', 'travel', 'trumps', 'donald', 'order', 'president', 'muslim', 'state', 'general', 'attorney', 'defend', 'official', 'america_heartland', 'america', 'muslimban', 'seek', 'heartland', 'refuge', 'seek_refuge', 'nobannowall', 'seek_refuge_america_heartland', 'people', 'refugee', 'executive_order', 'pressure', 'weak', 'letthemin', 'plz', 'worth_worldwide', 'letthemin_respect', 'march_york'], 'Student Visa and Iranian Students': ['student', 'studentban', 'notbanstudentvisa', 'iranian', 'iranian_student', 'notbanstudentvisa_studentban', 'studentban_notbanstudentvisa', 'studentban_plz', 'notaterrorist_studentban', 'beautiful_mind']}",Travel Ban and Immigration Policies.Student Visa and Iranian Students,"{'US Immigration Policy': ['ban', 'immigration', 'travel', 'order', 'muslim', 'muslimban', 'refuge', 'seek_refuge', 'nobannowall', 'seek_refuge_america_heartland', 'refugee', 'executive_order', 'student'], 'Trump Administration': ['trump', 'trumps', 'donald', 'president', 'fire', 'state', 'general', 'attorney', 'defend', 'official', 'america_heartland', 'america', 'people']}",US Immigration Policy.Trump Administration,"{'Travel and Immigration Restrictions': ['muslimban', 'nobannowall', 'studentban', 'notbanstudentvisa', 'letthemin', 'plz', 'worth_worldwide', 'notbanstudentvisa_studentban', 'studentban_notbanstudentvisa', 'letthemin_respect', 'studentban_plz', 'notaterrorist_studentban'], 'Iranian Students and Advocacy': ['iranian', 'iranian_student', 'student', 'beautiful_mind'], 'Protests and Demonstrations': ['march_york', 'york'], 'Public Sentiment and Reactions': ['pressure', 'weak']}",Travel and Immigration Restrictions.Iranian Students and Advocacy.Protests and Demonstrations.Public Sentiment and Reactions
101,4,"['maga', 'muslimban', 'trump', 'migrant', 'europe', 'vet']",92,14,"['ban', 'muslimban', 'muslim', 'trump', 'travel', 'trumps', 'immigration', 'order', 'refugee', 'support', 'country', 'people']",3,"['muslim', 'america_heartland', 'ban', 'america', 'muslimban', 'trump', 'seek', 'heartland', 'refuge', 'seek_refuge', 'nobannowall', 'seek_refuge_america_heartland', 'people', 'refugee', 'executive_order', 'student']",14,"['ban', 'trump', 'muslimban', 'immigration', 'muslim', 'trumps', 'travel', 'order', 'executive_order', 'protest', 'president']","[3750265342, 703230673776197600, 703230673776197632, 741431318538555400]","maga,muslimban,trump,migrant,europe,vet,muslim,america_heartland,ban,america,seek,heartland,refuge,seek_refuge,nobannowall,seek_refuge_america_heartland,people,refugee,executive_order,student,travel,trumps,immigration,order,support,country,protest,president","maga,muslimban,trump,migrant,europe,vet,muslim,america_heartland,ban,america,seek,heartland,refuge,seek_refuge,nobannowall,seek_refuge_america_heartland,people,refugee,executive_order,student","ban,muslimban,muslim,trump,travel,trumps,immigration,order,refugee,support,country,people,executive_order,protest,president","{'US Immigration Policies': ['maga', 'muslimban', 'trump', 'migrant', 'ban', 'refuge', 'seek_refuge', 'nobannowall', 'seek_refuge_america_heartland', 'refugee', 'executive_order', 'travel', 'trumps', 'immigration', 'order', 'protest', 'president'], 'Impact on Specific Groups': ['muslim', 'student', 'vet', 'people'], 'Geopolitical Context': ['europe', 'america_heartland', 'america', 'country', 'support']}",US Immigration Policies.Impact on Specific Groups.Geopolitical Context,"{'US Immigration Policies': ['maga', 'muslimban', 'trump', 'migrant', 'ban', 'refuge', 'refugee', 'executive_order', 'nobannowall'], 'Migration and Refuge': ['migrant', 'seek', 'refuge', 'seek_refuge', 'refugee', 'seek_refuge_america_heartland'], 'Cultural and Geographic Context': ['muslim', 'europe', 'america_heartland', 'america', 'heartland', 'people', 'student']}",US Immigration Policies.Migration and Refuge.Cultural and Geographic Context,"{'US Immigration Policy and Controversy': ['ban', 'muslimban', 'muslim', 'trump', 'travel', 'trumps', 'immigration', 'order', 'refugee', 'support', 'country', 'people', 'executive_order', 'protest', 'president']}",US Immigration Policy and Controversy
102,3,"['muslimban', 'muslim', 'trump', 'ban', 'heartland', 'refuge', 'people', 'refugee', 'america', 'order', 'protest', 'vote', 'country']",5,11,"['trump', 'ban', 'resist', 'muslimban', 'immigration', 'trumpleak', 'travel', 'theresistance', 'trumps', 'order', 'nobannowall', 'impeachtrump', 'president', 'resistance', 'stopsession', 'muslim']",3,"['muslim', 'america_heartland', 'ban', 'america', 'muslimban', 'trump', 'seek', 'heartland', 'refuge', 'seek_refuge', 'nobannowall', 'seek_refuge_america_heartland', 'people', 'refugee', 'executive_order', 'student']",14,"['ban', 'trump', 'muslimban', 'immigration', 'muslim', 'trumps', 'travel', 'order', 'executive_order', 'protest', 'president']","[15464697, 17938103, 38971431, 47475039, 259321327, 302630755, 396450510, 3257958218, 3536755277, 707432781492699137, 824473943931293700]","muslimban,muslim,trump,ban,heartland,refuge,people,refugee,america,order,protest,vote,country,america_heartland,seek,seek_refuge,nobannowall,seek_refuge_america_heartland,executive_order,student,resist,immigration,trumpleak,travel,theresistance,trumps,impeachtrump,president,resistance,stopsession","muslimban,muslim,trump,ban,heartland,refuge,people,refugee,america,order,protest,vote,country,america_heartland,seek,seek_refuge,nobannowall,seek_refuge_america_heartland,executive_order,student","trump,ban,resist,muslimban,immigration,trumpleak,travel,theresistance,trumps,order,nobannowall,impeachtrump,president,resistance,stopsession,muslim,executive_order,protest","{'US Immigration Policy and Protests': ['muslimban', 'muslim', 'trump', 'ban', 'refuge', 'people', 'refugee', 'america', 'order', 'protest', 'vote', 'country', 'america_heartland', 'seek', 'seek_refuge', 'nobannowall', 'seek_refuge_america_heartland', 'executive_order', 'resist', 'immigration', 'travel', 'theresistance', 'resistance'], 'Political Opposition to Trump': ['trumpleak', 'trumps', 'impeachtrump', 'president', 'stopsession']}",US Immigration Policy and Protests.Political Opposition to Trump,"{'US Immigration Policy and Protests': ['muslimban', 'muslim', 'trump', 'ban', 'order', 'protest', 'vote', 'executive_order', 'nobannowall'], 'Refugees and Seeking Asylum': ['refuge', 'people', 'refugee', 'seek', 'seek_refuge', 'seek_refuge_america_heartland'], ""America's Heartland and Inclusivity"": ['heartland', 'america', 'country', 'america_heartland', 'student']}",US Immigration Policy and Protests.Refugees and Seeking Asylum.America's Heartland and Inclusivity,"{'US Immigration Policy and Protests': 'trump, ban, resist, muslimban, immigration, travel, theresistance, trumps, order, nobannowall, president, resistance, muslim, executive_order, protest', 'Political Opposition to Trump': 'trumpleak, impeachtrump, stopsession'}",US Immigration Policy and Protests.Political Opposition to Trump
103,1,"['ban', 'trump', 'immigration', 'travel', 'trumps', 'donald', 'order', 'president', 'fire', 'muslim', 'state', 'general', 'attorney', 'defend', 'official']",118,14,"['ban', 'muslimban', 'muslim', 'trump', 'travel', 'trumps', 'immigration', 'order', 'refugee', 'support', 'country', 'people']",3,"['muslim', 'america_heartland', 'ban', 'america', 'muslimban', 'trump', 'seek', 'heartland', 'refuge', 'seek_refuge', 'nobannowall', 'seek_refuge_america_heartland', 'people', 'refugee', 'executive_order', 'student']",14,"['ban', 'trump', 'muslimban', 'immigration', 'muslim', 'trumps', 'travel', 'order', 'executive_order', 'protest', 'president']","[2180371, 192547775, 281670924, 290160296, 544693516, 564085262, 1272454735, 1829301998, 2387887890, 3783669803]","ban,trump,immigration,travel,trumps,donald,order,president,fire,muslim,state,general,attorney,defend,official,america_heartland,america,muslimban,seek,heartland,refuge,seek_refuge,nobannowall,seek_refuge_america_heartland,people,refugee,executive_order,student,support,country,protest","ban,trump,immigration,travel,trumps,donald,order,president,fire,muslim,state,general,attorney,defend,official,america_heartland,america,muslimban,seek,heartland,refuge,seek_refuge,nobannowall,seek_refuge_america_heartland,people,refugee,executive_order,student","ban,muslimban,muslim,trump,travel,trumps,immigration,order,refugee,support,country,people,executive_order,protest,president","{'Travel Ban': ['ban', 'trump', 'immigration', 'travel', 'trumps', 'donald', 'order', 'president', 'muslim', 'state', 'general', 'attorney', 'defend', 'official', 'america_heartland', 'america', 'muslimban', 'seek', 'heartland', 'refuge', 'seek_refuge', 'nobannowall', 'seek_refuge_america_heartland', 'people', 'refugee', 'executive_order', 'student', 'support', 'country', 'protest']}",Travel Ban,"{'US Immigration Policy': ['ban', 'immigration', 'travel', 'order', 'muslim', 'muslimban', 'refuge', 'seek_refuge', 'nobannowall', 'seek_refuge_america_heartland', 'refugee', 'executive_order', 'student'], 'Trump Administration': ['trump', 'trumps', 'donald', 'president', 'fire', 'state', 'general', 'attorney', 'defend', 'official', 'america_heartland', 'america', 'people']}",US Immigration Policy.Trump Administration,"{'US Immigration Policy and Controversy': ['ban', 'muslimban', 'muslim', 'trump', 'travel', 'trumps', 'immigration', 'order', 'refugee', 'support', 'country', 'people', 'executive_order', 'protest', 'president']}",US Immigration Policy and Controversy
104,3,"['muslimban', 'muslim', 'trump', 'ban', 'heartland', 'refuge', 'people', 'refugee', 'america', 'order', 'protest', 'vote', 'country']",94,14,"['ban', 'muslimban', 'muslim', 'trump', 'travel', 'trumps', 'immigration', 'order', 'refugee', 'support', 'country', 'people']",13,"['immigration', 'trump', 'ban', 'order', 'white_house']",4,"['muslimban', 'ban', 'travel', 'muslim', 'trump', 'maga', 'migrant_europe', 'americans_support', 'trumps', 'foxnew_breitbart', 'maga_vet', 'refugee', 'support', 'americans']","[489966018, 3221034900, 4261326773, 773015647118733300, 811089391238213634]","muslimban,muslim,trump,ban,heartland,refuge,people,refugee,america,order,protest,vote,country,immigration,white_house,travel,trumps,support,maga,migrant_europe,americans_support,foxnew_breitbart,maga_vet,americans","muslimban,muslim,trump,ban,heartland,refuge,people,refugee,america,order,protest,vote,country,immigration,white_house","ban,muslimban,muslim,trump,travel,trumps,immigration,order,refugee,support,country,people,maga,migrant_europe,americans_support,foxnew_breitbart,maga_vet,americans","{'US Immigration Policy': 'muslimban, muslim, trump, ban, order, immigration, travel, trumps, white_house', 'Public Reaction and Support': 'protest, vote, support, americans_support, maga, maga_vet, americans', 'Refugee and Migrant Issues': 'refuge, people, refugee, migrant_europe', 'Media and Political Influence': 'heartland, america, country, foxnew_breitbart'}",US Immigration Policy.Public Reaction and Support.Refugee and Migrant Issues.Media and Political Influence,"{'US Immigration Policy and Muslim Ban': ['muslimban', 'muslim', 'trump', 'ban', 'order', 'immigration', 'white_house'], 'Public Reaction and Protest': ['protest', 'vote', 'people', 'country'], 'Impact on Refugees': ['heartland', 'refuge', 'refugee', 'america']}",US Immigration Policy and Muslim Ban.Public Reaction and Protest.Impact on Refugees,"{'US Immigration Policy': ['ban', 'muslimban', 'muslim', 'trump', 'travel', 'trumps', 'immigration', 'order', 'refugee', 'support', 'country', 'people', 'maga', 'americans_support', 'foxnew_breitbart', 'maga_vet', 'americans'], 'European Migration': ['migrant_europe']}",US Immigration Policy.European Migration
105,3,"['muslimban', 'muslim', 'trump', 'ban', 'heartland', 'refuge', 'people', 'refugee', 'america', 'order', 'protest', 'vote', 'country']",95,14,"['ban', 'muslimban', 'muslim', 'trump', 'travel', 'trumps', 'immigration', 'order', 'refugee', 'support', 'country', 'people']",3,"['muslim', 'america_heartland', 'ban', 'america', 'muslimban', 'trump', 'seek', 'heartland', 'refuge', 'seek_refuge', 'nobannowall', 'seek_refuge_america_heartland', 'people', 'refugee', 'executive_order', 'student']",14,"['ban', 'trump', 'muslimban', 'immigration', 'muslim', 'trumps', 'travel', 'order', 'executive_order', 'protest', 'president']","[847910245, 1148334116, 2192113540]","muslimban,muslim,trump,ban,heartland,refuge,people,refugee,america,order,protest,vote,country,america_heartland,seek,seek_refuge,nobannowall,seek_refuge_america_heartland,executive_order,student,travel,trumps,immigration,support,president","muslimban,muslim,trump,ban,heartland,refuge,people,refugee,america,order,protest,vote,country,america_heartland,seek,seek_refuge,nobannowall,seek_refuge_america_heartland,executive_order,student","ban,muslimban,muslim,trump,travel,trumps,immigration,order,refugee,support,country,people,executive_order,protest,president","{'US Immigration Policy and Protests': ['muslimban', 'muslim', 'trump', 'ban', 'refuge', 'refugee', 'order', 'protest', 'vote', 'country', 'america', 'nobannowall', 'executive_order', 'travel', 'trumps', 'immigration', 'support', 'president'], 'Impact on American Heartland': ['heartland', 'america_heartland', 'seek', 'seek_refuge', 'seek_refuge_america_heartland'], 'Student and Travel Concerns': ['student', 'travel']}",US Immigration Policy and Protests.Impact on American Heartland.Student and Travel Concerns,"{'US Immigration Policy and Protests': ['muslimban', 'muslim', 'trump', 'ban', 'order', 'protest', 'vote', 'executive_order', 'nobannowall'], 'Refugees and Seeking Asylum': ['refuge', 'people', 'refugee', 'seek', 'seek_refuge', 'seek_refuge_america_heartland'], ""America's Heartland and Inclusivity"": ['heartland', 'america', 'country', 'america_heartland', 'student']}",US Immigration Policy and Protests.Refugees and Seeking Asylum.America's Heartland and Inclusivity,"{'US Immigration Policy and Controversy': ['ban', 'muslimban', 'muslim', 'trump', 'travel', 'trumps', 'immigration', 'order', 'refugee', 'support', 'country', 'people', 'executive_order', 'protest', 'president']}",US Immigration Policy and Controversy
106,1,"['ban', 'trump', 'immigration', 'travel', 'trumps', 'donald', 'order', 'president', 'fire', 'muslim', 'state', 'general', 'attorney', 'defend', 'official']",96,14,"['ban', 'muslimban', 'muslim', 'trump', 'travel', 'trumps', 'immigration', 'order', 'refugee', 'support', 'country', 'people']",12,"['ban', 'donald', 'trump', 'trumps', 'immigration', 'stock', 'travel', 'fire', 'dissent_memo', 'fire_attorney', 'muslim']",14,"['ban', 'trump', 'muslimban', 'immigration', 'muslim', 'trumps', 'travel', 'order', 'executive_order', 'protest', 'president']","[19983221, 289148078, 298423919, 3423361827]","ban,trump,immigration,travel,trumps,donald,order,president,fire,muslim,state,general,attorney,defend,official,stock,dissent_memo,fire_attorney,muslimban,refugee,support,country,people,executive_order,protest","ban,trump,immigration,travel,trumps,donald,order,president,fire,muslim,state,general,attorney,defend,official,stock,dissent_memo,fire_attorney","ban,muslimban,muslim,trump,travel,trumps,immigration,order,refugee,support,country,people,executive_order,protest,president","{'US Immigration Policy Controversy': 'ban, trump, immigration, travel, trumps, donald, order, president, muslim, state, general, attorney, defend, official, dissent_memo, muslimban, refugee, country, people, executive_order, protest', 'Political and Legal Repercussions': 'fire, stock, fire_attorney, support'}",US Immigration Policy Controversy.Political and Legal Repercussions,"{'US Immigration Policy': 'ban, immigration, travel, order, muslim', 'Trump Administration Actions': 'trump, trumps, donald, president, fire, state, general, attorney, defend, official, dissent_memo, fire_attorney', 'Political and Legal Controversies': 'stock, dissent_memo, fire_attorney'}",US Immigration Policy.Trump Administration Actions.Political and Legal Controversies,"{'US Immigration Policy and Controversy': ['ban', 'muslimban', 'muslim', 'trump', 'travel', 'trumps', 'immigration', 'order', 'refugee', 'support', 'country', 'people', 'executive_order', 'protest', 'president']}",US Immigration Policy and Controversy
107,3,"['muslimban', 'muslim', 'trump', 'ban', 'heartland', 'refuge', 'people', 'refugee', 'america', 'order', 'protest', 'vote', 'country']",98,14,"['ban', 'muslimban', 'muslim', 'trump', 'travel', 'trumps', 'immigration', 'order', 'refugee', 'support', 'country', 'people']",14,"['ban', 'muslim', 'americans_support', 'travel', 'trumps', 'do_not', 'support', 'americans']",1,"['intention', 'do_not', 'cosponsor_mirror', 'rush']","[37710105, 2567146231, 4884762153]","muslimban,muslim,trump,ban,heartland,refuge,people,refugee,america,order,protest,vote,country,americans_support,travel,trumps,do_not,support,americans,immigration,intention,cosponsor_mirror,rush","muslimban,muslim,trump,ban,heartland,refuge,people,refugee,america,order,protest,vote,country,americans_support,travel,trumps,do_not,support,americans","ban,muslimban,muslim,trump,travel,trumps,immigration,order,refugee,support,country,people,intention,do_not,cosponsor_mirror,rush","{'US Immigration Policy': 'muslimban, muslim, trump, ban, america, order, protest, vote, country, americans_support, travel, trumps, do_not, support, americans, immigration, intention', 'Refugee and Asylum Issues': 'heartland, refuge, people, refugee', 'Political Actions and Reactions': 'cosponsor_mirror, rush'}",US Immigration Policy.Refugee and Asylum Issues.Political Actions and Reactions,"{'US Travel Ban on Muslims': ['muslimban', 'muslim', 'trump', 'ban', 'order', 'travel', 'trumps'], 'Public Reaction and Protest': ['protest', 'vote', 'do_not', 'support', 'americans_support', 'americans'], 'Impact on Refugees': ['refuge', 'people', 'refugee', 'america', 'country', 'heartland']}",US Travel Ban on Muslims.Public Reaction and Protest.Impact on Refugees,"{'Travel Ban and Immigration Policy': ['ban', 'muslimban', 'muslim', 'trump', 'travel', 'trumps', 'immigration', 'order', 'refugee', 'support', 'country', 'people', 'intention', 'do_not', 'cosponsor_mirror', 'rush']}",Travel Ban and Immigration Policy
108,3,"['muslimban', 'muslim', 'trump', 'ban', 'heartland', 'refuge', 'people', 'refugee', 'america', 'order', 'protest', 'vote', 'country']",99,14,"['ban', 'muslimban', 'muslim', 'trump', 'travel', 'trumps', 'immigration', 'order', 'refugee', 'support', 'country', 'people']",3,"['muslim', 'america_heartland', 'ban', 'america', 'muslimban', 'trump', 'seek', 'heartland', 'refuge', 'seek_refuge', 'nobannowall', 'seek_refuge_america_heartland', 'people', 'refugee', 'executive_order', 'student']",14,"['ban', 'trump', 'muslimban', 'immigration', 'muslim', 'trumps', 'travel', 'order', 'executive_order', 'protest', 'president']","[273632640, 408360989, 1140341359]","muslimban,muslim,trump,ban,heartland,refuge,people,refugee,america,order,protest,vote,country,america_heartland,seek,seek_refuge,nobannowall,seek_refuge_america_heartland,executive_order,student,travel,trumps,immigration,support,president","muslimban,muslim,trump,ban,heartland,refuge,people,refugee,america,order,protest,vote,country,america_heartland,seek,seek_refuge,nobannowall,seek_refuge_america_heartland,executive_order,student","ban,muslimban,muslim,trump,travel,trumps,immigration,order,refugee,support,country,people,executive_order,protest,president","{'US Immigration Policy': 'muslimban, muslim, trump, ban, executive_order, immigration, president, trumps', 'Public Reaction and Protest': 'protest, vote, support, nobannowall', 'Refuge and Asylum': 'refuge, people, refugee, seek, seek_refuge, seek_refuge_america_heartland', 'Impact on America': 'america, america_heartland, country, heartland', 'Travel and Education': 'student, travel, order'}",US Immigration Policy.Public Reaction and Protest.Refuge and Asylum.Impact on America.Travel and Education,"{'US Immigration Policy and Protests': ['muslimban', 'muslim', 'trump', 'ban', 'order', 'protest', 'vote', 'executive_order', 'nobannowall'], 'Refugees and Seeking Asylum': ['refuge', 'people', 'refugee', 'seek', 'seek_refuge', 'seek_refuge_america_heartland'], ""America's Heartland and Inclusivity"": ['heartland', 'america', 'country', 'america_heartland', 'student']}",US Immigration Policy and Protests.Refugees and Seeking Asylum.America's Heartland and Inclusivity,"{'US Immigration Policy and Controversy': ['ban', 'muslimban', 'muslim', 'trump', 'travel', 'trumps', 'immigration', 'order', 'refugee', 'support', 'country', 'people', 'executive_order', 'protest', 'president']}",US Immigration Policy and Controversy
109,4,"['maga', 'muslimban', 'trump', 'migrant', 'europe', 'vet']",101,7,"['muslimban', 'trump', 'test', 'know', 'unconstitutional', 'do', 'not', 'court', 'safe', 'cabinet', 'judge', 'come']",0,"['muslimban', 'migrant_europe', 'trump', 'foxnew_breitbart', 'maga_vet', 'europe']",4,"['muslimban', 'ban', 'travel', 'muslim', 'trump', 'maga', 'migrant_europe', 'americans_support', 'trumps', 'foxnew_breitbart', 'maga_vet', 'refugee', 'support', 'americans']","[1384804622, 2626453511, 2831536977]","maga,muslimban,trump,migrant,europe,vet,migrant_europe,foxnew_breitbart,maga_vet,test,know,unconstitutional,do,not,court,safe,cabinet,judge,come,ban,travel,muslim,americans_support,trumps,refugee,support,americans","maga,muslimban,trump,migrant,europe,vet,migrant_europe,foxnew_breitbart,maga_vet","muslimban,trump,test,know,unconstitutional,do,not,court,safe,cabinet,judge,come,ban,travel,muslim,maga,migrant_europe,americans_support,trumps,foxnew_breitbart,maga_vet,refugee,support,americans","{'US Immigration Policy': 'maga, muslimban, trump, migrant, migrant_europe, ban, travel, muslim, refugee, unconstitutional, court, judge, americans_support, trumps, support, americans', 'Media and Political Influence': 'foxnew_breitbart, maga_vet', 'European Migration': 'europe, migrant_europe', 'US Government and Legal System': 'vet, cabinet, judge, court, unconstitutional, safe'}",US Immigration Policy.Media and Political Influence.European Migration.US Government and Legal System,"{'US Politics and Immigration': ['maga', 'muslimban', 'trump', 'migrant'], 'Migration in Europe': ['migrant_europe', 'europe'], 'Media and Political Influence': ['foxnew_breitbart'], 'Veterans and Political Support': ['vet', 'maga_vet']}",US Politics and Immigration.Migration in Europe.Media and Political Influence.Veterans and Political Support,"{'US Travel Ban Controversy': ['muslimban', 'trump', 'unconstitutional', 'court', 'ban', 'travel', 'muslim', 'migrant_europe', 'refugee', 'support', 'americans_support', 'americans'], 'Political and Media Influence': ['maga', 'maga_vet', 'foxnew_breitbart', 'trumps', 'cabinet', 'judge', 'safe']}",US Travel Ban Controversy.Political and Media Influence
110,10,"['muslimban', 'trump', 'test', 'know', 'not', 'unconstitutional', 'do', 'court', 'safe', 'cabinet', 'judge', 'america']",102,14,"['ban', 'muslimban', 'muslim', 'trump', 'travel', 'trumps', 'immigration', 'order', 'refugee', 'support', 'country', 'people']",3,"['muslim', 'america_heartland', 'ban', 'america', 'muslimban', 'trump', 'seek', 'heartland', 'refuge', 'seek_refuge', 'nobannowall', 'seek_refuge_america_heartland', 'people', 'refugee', 'executive_order', 'student']",4,"['muslimban', 'ban', 'travel', 'muslim', 'trump', 'maga', 'migrant_europe', 'americans_support', 'trumps', 'foxnew_breitbart', 'maga_vet', 'refugee', 'support', 'americans']","[49592004, 56161146, 266476869]","muslimban,trump,test,know,not,unconstitutional,do,court,safe,cabinet,judge,america,muslim,america_heartland,ban,seek,heartland,refuge,seek_refuge,nobannowall,seek_refuge_america_heartland,people,refugee,executive_order,student,travel,trumps,immigration,order,support,country,maga,migrant_europe,americans_support,foxnew_breitbart,maga_vet,americans","muslimban,trump,test,know,not,unconstitutional,do,court,safe,cabinet,judge,america,muslim,america_heartland,ban,seek,heartland,refuge,seek_refuge,nobannowall,seek_refuge_america_heartland,people,refugee,executive_order,student","ban,muslimban,muslim,trump,travel,trumps,immigration,order,refugee,support,country,people,maga,migrant_europe,americans_support,foxnew_breitbart,maga_vet,americans","{'US Immigration Policy': ['muslimban', 'trump', 'unconstitutional', 'court', 'judge', 'america', 'muslim', 'ban', 'refuge', 'seek_refuge', 'nobannowall', 'seek_refuge_america_heartland', 'refugee', 'executive_order', 'travel', 'trumps', 'immigration', 'order', 'country', 'migrant_europe', 'americans_support', 'maga', 'americans'], 'Political and Public Reactions': ['test', 'know', 'not', 'do', 'safe', 'cabinet', 'america_heartland', 'people', 'student', 'support', 'foxnew_breitbart', 'maga_vet']}",US Immigration Policy.Political and Public Reactions,"{'US Immigration Policy': ['muslimban', 'trump', 'unconstitutional', 'court', 'judge', 'america', 'ban', 'nobannowall', 'executive_order'], 'Refugees and Asylum Seekers': ['seek', 'refuge', 'seek_refuge', 'seek_refuge_america_heartland', 'refugee', 'america_heartland', 'heartland'], 'Political and Social Reactions': ['safe', 'cabinet', 'people', 'student']}",US Immigration Policy.Refugees and Asylum Seekers.Political and Social Reactions,"{'US Immigration Policy': ['ban', 'muslimban', 'muslim', 'trump', 'travel', 'trumps', 'immigration', 'order', 'refugee', 'support', 'country', 'people', 'maga', 'americans_support', 'foxnew_breitbart', 'maga_vet', 'americans'], 'European Migration': ['migrant_europe']}",US Immigration Policy.European Migration
111,3,"['muslimban', 'muslim', 'trump', 'ban', 'heartland', 'refuge', 'people', 'refugee', 'america', 'order', 'protest', 'vote', 'country']",103,14,"['ban', 'muslimban', 'muslim', 'trump', 'travel', 'trumps', 'immigration', 'order', 'refugee', 'support', 'country', 'people']",11,"['muslimban', 'studentban', 'nobannowall', 'notbanstudentvisa', 'worth_worldwide', 'iranian_student', 'notbanstudentvisa_studentban', 'studentban_plz', 'beautiful_mind', 'letthemin_respect', 'studentban_notbanstudentvisa', 'letthemin', 'notaterrorist_studentban', 'support', 'respect']",4,"['muslimban', 'ban', 'travel', 'muslim', 'trump', 'maga', 'migrant_europe', 'americans_support', 'trumps', 'foxnew_breitbart', 'maga_vet', 'refugee', 'support', 'americans']","[776414185, 2187410251, 3341446180]","muslimban,muslim,trump,ban,heartland,refuge,people,refugee,america,order,protest,vote,country,studentban,nobannowall,notbanstudentvisa,worth_worldwide,iranian_student,notbanstudentvisa_studentban,studentban_plz,beautiful_mind,letthemin_respect,studentban_notbanstudentvisa,letthemin,notaterrorist_studentban,support,respect,travel,trumps,immigration,maga,migrant_europe,americans_support,foxnew_breitbart,maga_vet,americans","muslimban,muslim,trump,ban,heartland,refuge,people,refugee,america,order,protest,vote,country,studentban,nobannowall,notbanstudentvisa,worth_worldwide,iranian_student,notbanstudentvisa_studentban,studentban_plz,beautiful_mind,letthemin_respect,studentban_notbanstudentvisa,letthemin,notaterrorist_studentban,support,respect","ban,muslimban,muslim,trump,travel,trumps,immigration,order,refugee,support,country,people,maga,migrant_europe,americans_support,foxnew_breitbart,maga_vet,americans","{'Travel Ban and Immigration Policies': ['muslimban', 'muslim', 'trump', 'ban', 'order', 'protest', 'vote', 'country', 'studentban', 'nobannowall', 'notbanstudentvisa', 'iranian_student', 'studentban_plz', 'letthemin_respect', 'studentban_notbanstudentvisa', 'letthemin', 'notaterrorist_studentban', 'support', 'respect', 'travel', 'trumps', 'immigration', 'maga', 'americans_support', 'foxnew_breitbart', 'maga_vet', 'americans'], 'Refugee and Migrant Issues': ['heartland', 'refuge', 'people', 'refugee', 'america', 'migrant_europe', 'worth_worldwide', 'beautiful_mind']}",Travel Ban and Immigration Policies.Refugee and Migrant Issues,"{'Travel and Immigration Restrictions': ['muslimban', 'ban', 'studentban', 'studentban_notbanstudentvisa', 'notbanstudentvisa', 'notbanstudentvisa_studentban', 'studentban_plz', 'notaterrorist_studentban', 'iranian_student', 'letthemin', 'letthemin_respect', 'nobannowall'], 'Political and Social Response': ['trump', 'order', 'protest', 'vote', 'support', 'respect'], 'Impact on People and Communities': ['muslim', 'refuge', 'people', 'refugee', 'america', 'country', 'heartland', 'worth_worldwide', 'beautiful_mind']}",Travel and Immigration Restrictions.Political and Social Response.Impact on People and Communities,"{'US Immigration Policy': ['ban', 'muslimban', 'muslim', 'trump', 'travel', 'trumps', 'immigration', 'order', 'refugee', 'support', 'country', 'people', 'maga', 'americans_support', 'foxnew_breitbart', 'maga_vet', 'americans'], 'European Migration': ['migrant_europe']}",US Immigration Policy.European Migration
112,1,"['ban', 'trump', 'immigration', 'travel', 'trumps', 'donald', 'order', 'president', 'fire', 'muslim', 'state', 'general', 'attorney', 'defend', 'official']",104,11,"['trump', 'ban', 'resist', 'muslimban', 'immigration', 'trumpleak', 'travel', 'theresistance', 'trumps', 'order', 'nobannowall', 'impeachtrump', 'president', 'resistance', 'stopsession', 'muslim']",6,"['ban', 'travel', 'trump', 'trumps', 'immigration', 'president', 'order', 'executive_order', 'sally_yate', 'attorney_general', 'protest']",14,"['ban', 'trump', 'muslimban', 'immigration', 'muslim', 'trumps', 'travel', 'order', 'executive_order', 'protest', 'president']","[24645871, 1511154877, 1939212224, 2322972280]","ban,trump,immigration,travel,trumps,donald,order,president,fire,muslim,state,general,attorney,defend,official,executive_order,sally_yate,attorney_general,protest,resist,muslimban,trumpleak,theresistance,nobannowall,impeachtrump,resistance,stopsession","ban,trump,immigration,travel,trumps,donald,order,president,fire,muslim,state,general,attorney,defend,official,executive_order,sally_yate,attorney_general,protest","trump,ban,resist,muslimban,immigration,trumpleak,travel,theresistance,trumps,order,nobannowall,impeachtrump,president,resistance,stopsession,muslim,executive_order,protest","{""Trump's Immigration Policies"": ['ban', 'trump', 'immigration', 'travel', 'trumps', 'donald', 'order', 'president', 'executive_order', 'muslimban'], 'Controversial Executive Orders': ['order', 'executive_order', 'muslimban', 'ban', 'trump', 'immigration', 'travel'], 'Political Resistance and Protests': ['protest', 'resist', 'theresistance', 'nobannowall', 'impeachtrump', 'resistance', 'stopsession'], 'Sally Yates and Legal Challenges': ['sally_yate', 'attorney_general', 'state', 'general', 'attorney', 'defend', 'official', 'fire']}",Trump's Immigration Policies.Controversial Executive Orders.Political Resistance and Protests.Sally Yates and Legal Challenges,"{""Trump's Immigration and Travel Ban"": ['ban', 'trump', 'immigration', 'travel', 'trumps', 'donald', 'order', 'president', 'executive_order'], 'Controversy and Legal Challenges': ['fire', 'muslim', 'state', 'general', 'attorney', 'defend', 'official', 'sally_yate', 'attorney_general', 'protest']}",Trump's Immigration and Travel Ban.Controversy and Legal Challenges,"{'US Immigration Policy and Protests': 'trump, ban, resist, muslimban, immigration, travel, theresistance, trumps, order, nobannowall, president, resistance, muslim, executive_order, protest', 'Political Opposition to Trump': 'trumpleak, impeachtrump, stopsession'}",US Immigration Policy and Protests.Political Opposition to Trump
113,6,"['resist', 'muslimban', 'trumpleak', 'theresistance', 'trump', 'impeachtrump', 'resistance', 'nobannowall', 'stopsession', 'nodapl', 'break', 'stopdevos', 'company']",107,11,"['trump', 'ban', 'resist', 'muslimban', 'immigration', 'trumpleak', 'travel', 'theresistance', 'trumps', 'order', 'nobannowall', 'impeachtrump', 'president', 'resistance', 'stopsession', 'muslim']",9,"['muslimban', 'resist', 'trumpleak', 'theresistance', 'trump', 'impeachtrump', 'resistance', 'nobannowall', 'resistance_theresistance', 'nodapl', 'break', 'session']",14,"['ban', 'trump', 'muslimban', 'immigration', 'muslim', 'trumps', 'travel', 'order', 'executive_order', 'protest', 'president']","[462609615, 786322788055388160, 817825066993860600]","resist,muslimban,trumpleak,theresistance,trump,impeachtrump,resistance,nobannowall,stopsession,nodapl,break,stopdevos,company,resistance_theresistance,session,ban,immigration,travel,trumps,order,president,muslim,executive_order,protest","resist,muslimban,trumpleak,theresistance,trump,impeachtrump,resistance,nobannowall,stopsession,nodapl,break,stopdevos,company,resistance_theresistance,session","trump,ban,resist,muslimban,immigration,trumpleak,travel,theresistance,trumps,order,nobannowall,impeachtrump,president,resistance,stopsession,muslim,executive_order,protest","{'Political Resistance': 'resist, theresistance, resistance, resistance_theresistance, protest', 'Trump Administration Controversies': 'trumpleak, trump, impeachtrump, trumps, president', 'Immigration and Travel Ban': 'muslimban, nobannowall, ban, immigration, travel, executive_order, muslim, order', 'Opposition to Trump Policies': 'stopsession, stopdevos, nodapl, break, company, session'}",Political Resistance.Trump Administration Controversies.Immigration and Travel Ban.Opposition to Trump Policies,"{'Political Resistance': ['resist', 'theresistance', 'resistance', 'resistance_theresistance'], 'Opposition to Trump Administration': ['muslimban', 'trumpleak', 'trump', 'impeachtrump', 'nobannowall', 'stopsession', 'stopdevos'], 'Environmental and Social Activism': ['nodapl']}",Political Resistance.Opposition to Trump Administration.Environmental and Social Activism,"{'US Immigration Policy and Protests': 'trump, ban, resist, muslimban, immigration, travel, theresistance, trumps, order, nobannowall, president, resistance, muslim, executive_order, protest', 'Political Opposition to Trump': 'trumpleak, impeachtrump, stopsession'}",US Immigration Policy and Protests.Political Opposition to Trump
114,1,"['ban', 'trump', 'immigration', 'travel', 'trumps', 'donald', 'order', 'president', 'fire', 'muslim', 'state', 'general', 'attorney', 'defend', 'official']",108,11,"['trump', 'ban', 'resist', 'muslimban', 'immigration', 'trumpleak', 'travel', 'theresistance', 'trumps', 'order', 'nobannowall', 'impeachtrump', 'president', 'resistance', 'stopsession', 'muslim']",6,"['ban', 'travel', 'trump', 'trumps', 'immigration', 'president', 'order', 'executive_order', 'sally_yate', 'attorney_general', 'protest']",14,"['ban', 'trump', 'muslimban', 'immigration', 'muslim', 'trumps', 'travel', 'order', 'executive_order', 'protest', 'president']","[294176860, 1017498714, 3948602175]","ban,trump,immigration,travel,trumps,donald,order,president,fire,muslim,state,general,attorney,defend,official,executive_order,sally_yate,attorney_general,protest,resist,muslimban,trumpleak,theresistance,nobannowall,impeachtrump,resistance,stopsession","ban,trump,immigration,travel,trumps,donald,order,president,fire,muslim,state,general,attorney,defend,official,executive_order,sally_yate,attorney_general,protest","trump,ban,resist,muslimban,immigration,trumpleak,travel,theresistance,trumps,order,nobannowall,impeachtrump,president,resistance,stopsession,muslim,executive_order,protest","{'Theme 1: Immigration Policy Controversy': ['ban', 'immigration', 'travel', 'order', 'executive_order', 'muslim', 'muslimban', 'nobannowall'], 'Theme 2: Trump Administration and Opposition': ['trump', 'trumps', 'donald', 'president', 'fire', 'state', 'general', 'attorney', 'defend', 'official', 'sally_yate', 'attorney_general', 'protest', 'resist', 'trumpleak', 'theresistance', 'impeachtrump', 'resistance', 'stopsession']}",Theme 1: Immigration Policy Controversy.Theme 2: Trump Administration and Opposition,"{""Trump's Immigration and Travel Ban"": ['ban', 'trump', 'immigration', 'travel', 'trumps', 'donald', 'order', 'president', 'executive_order'], 'Controversy and Legal Challenges': ['fire', 'muslim', 'state', 'general', 'attorney', 'defend', 'official', 'sally_yate', 'attorney_general', 'protest']}",Trump's Immigration and Travel Ban.Controversy and Legal Challenges,"{'US Immigration Policy and Protests': 'trump, ban, resist, muslimban, immigration, travel, theresistance, trumps, order, nobannowall, president, resistance, muslim, executive_order, protest', 'Political Opposition to Trump': 'trumpleak, impeachtrump, stopsession'}",US Immigration Policy and Protests.Political Opposition to Trump
115,1,"['ban', 'trump', 'immigration', 'travel', 'trumps', 'donald', 'order', 'president', 'fire', 'muslim', 'state', 'general', 'attorney', 'defend', 'official']",109,14,"['ban', 'muslimban', 'muslim', 'trump', 'travel', 'trumps', 'immigration', 'order', 'refugee', 'support', 'country', 'people']",3,"['muslim', 'america_heartland', 'ban', 'america', 'muslimban', 'trump', 'seek', 'heartland', 'refuge', 'seek_refuge', 'nobannowall', 'seek_refuge_america_heartland', 'people', 'refugee', 'executive_order', 'student']",14,"['ban', 'trump', 'muslimban', 'immigration', 'muslim', 'trumps', 'travel', 'order', 'executive_order', 'protest', 'president']","[18118505, 86989456, 1350989725, 806699926910541824]","ban,trump,immigration,travel,trumps,donald,order,president,fire,muslim,state,general,attorney,defend,official,america_heartland,america,muslimban,seek,heartland,refuge,seek_refuge,nobannowall,seek_refuge_america_heartland,people,refugee,executive_order,student,support,country,protest","ban,trump,immigration,travel,trumps,donald,order,president,fire,muslim,state,general,attorney,defend,official,america_heartland,america,muslimban,seek,heartland,refuge,seek_refuge,nobannowall,seek_refuge_america_heartland,people,refugee,executive_order,student","ban,muslimban,muslim,trump,travel,trumps,immigration,order,refugee,support,country,people,executive_order,protest,president","{'Immigration Policy': ['ban', 'immigration', 'travel', 'order', 'muslim', 'muslimban', 'refuge', 'seek_refuge', 'nobannowall', 'seek_refuge_america_heartland', 'refugee', 'executive_order', 'country'], 'Trump Administration': ['trump', 'trumps', 'donald', 'president', 'fire', 'state', 'general', 'attorney', 'defend', 'official', 'america_heartland', 'america', 'people', 'student', 'support', 'protest']}",Immigration Policy.Trump Administration,"{'US Immigration Policy': ['ban', 'immigration', 'travel', 'order', 'muslim', 'muslimban', 'refuge', 'seek_refuge', 'nobannowall', 'seek_refuge_america_heartland', 'refugee', 'executive_order', 'student'], 'Trump Administration': ['trump', 'trumps', 'donald', 'president', 'fire', 'state', 'general', 'attorney', 'defend', 'official', 'america_heartland', 'america', 'people']}",US Immigration Policy.Trump Administration,"{'US Immigration Policy and Controversy': ['ban', 'muslimban', 'muslim', 'trump', 'travel', 'trumps', 'immigration', 'order', 'refugee', 'support', 'country', 'people', 'executive_order', 'protest', 'president']}",US Immigration Policy and Controversy
116,1,"['ban', 'trump', 'immigration', 'travel', 'trumps', 'donald', 'order', 'president', 'fire', 'muslim', 'state', 'general', 'attorney', 'defend', 'official']",117,14,"['ban', 'muslimban', 'muslim', 'trump', 'travel', 'trumps', 'immigration', 'order', 'refugee', 'support', 'country', 'people']",6,"['ban', 'travel', 'trump', 'trumps', 'immigration', 'president', 'order', 'executive_order', 'sally_yate', 'attorney_general', 'protest']",14,"['ban', 'trump', 'muslimban', 'immigration', 'muslim', 'trumps', 'travel', 'order', 'executive_order', 'protest', 'president']","[69329527, 138749160, 227394952]","ban,trump,immigration,travel,trumps,donald,order,president,fire,muslim,state,general,attorney,defend,official,executive_order,sally_yate,attorney_general,protest,muslimban,refugee,support,country,people","ban,trump,immigration,travel,trumps,donald,order,president,fire,muslim,state,general,attorney,defend,official,executive_order,sally_yate,attorney_general,protest","ban,muslimban,muslim,trump,travel,trumps,immigration,order,refugee,support,country,people,executive_order,protest,president","{'US Immigration Policy': ['ban', 'immigration', 'travel', 'order', 'executive_order', 'refugee', 'country', 'people'], 'Trump Administration Actions': ['trump', 'trumps', 'donald', 'president', 'fire', 'state', 'official', 'support'], 'Muslim Ban Controversy': ['muslim', 'muslimban', 'protest'], 'Sally Yates and Legal Challenges': ['general', 'attorney', 'defend', 'sally_yate', 'attorney_general']}",US Immigration Policy.Trump Administration Actions.Muslim Ban Controversy.Sally Yates and Legal Challenges,"{""Trump's Immigration and Travel Ban"": ['ban', 'trump', 'immigration', 'travel', 'trumps', 'donald', 'order', 'president', 'executive_order'], 'Controversy and Legal Challenges': ['fire', 'muslim', 'state', 'general', 'attorney', 'defend', 'official', 'sally_yate', 'attorney_general', 'protest']}",Trump's Immigration and Travel Ban.Controversy and Legal Challenges,"{'US Immigration Policy and Controversy': ['ban', 'muslimban', 'muslim', 'trump', 'travel', 'trumps', 'immigration', 'order', 'refugee', 'support', 'country', 'people', 'executive_order', 'protest', 'president']}",US Immigration Policy and Controversy
117,1,"['ban', 'trump', 'immigration', 'travel', 'trumps', 'donald', 'order', 'president', 'fire', 'muslim', 'state', 'general', 'attorney', 'defend', 'official']",110,14,"['ban', 'muslimban', 'muslim', 'trump', 'travel', 'trumps', 'immigration', 'order', 'refugee', 'support', 'country', 'people']",6,"['ban', 'travel', 'trump', 'trumps', 'immigration', 'president', 'order', 'executive_order', 'sally_yate', 'attorney_general', 'protest']",14,"['ban', 'trump', 'muslimban', 'immigration', 'muslim', 'trumps', 'travel', 'order', 'executive_order', 'protest', 'president']","[813899491, 1963785025, 4438391172]","ban,trump,immigration,travel,trumps,donald,order,president,fire,muslim,state,general,attorney,defend,official,executive_order,sally_yate,attorney_general,protest,muslimban,refugee,support,country,people","ban,trump,immigration,travel,trumps,donald,order,president,fire,muslim,state,general,attorney,defend,official,executive_order,sally_yate,attorney_general,protest","ban,muslimban,muslim,trump,travel,trumps,immigration,order,refugee,support,country,people,executive_order,protest,president","{'US Immigration Policy': 'ban, immigration, travel, order, executive_order, refugee, country, people', 'Trump Administration': 'trump, donald, trumps, president, official', 'Controversial Executive Order': 'muslim, muslimban, protest, support', 'Legal and Political Response': 'fire, state, general, attorney, defend, sally_yate, attorney_general'}",US Immigration Policy.Trump Administration.Controversial Executive Order.Legal and Political Response,"{""Trump's Immigration and Travel Ban"": ['ban', 'trump', 'immigration', 'travel', 'trumps', 'donald', 'order', 'president', 'executive_order'], 'Controversy and Legal Challenges': ['fire', 'muslim', 'state', 'general', 'attorney', 'defend', 'official', 'sally_yate', 'attorney_general', 'protest']}",Trump's Immigration and Travel Ban.Controversy and Legal Challenges,"{'US Immigration Policy and Controversy': ['ban', 'muslimban', 'muslim', 'trump', 'travel', 'trumps', 'immigration', 'order', 'refugee', 'support', 'country', 'people', 'executive_order', 'protest', 'president']}",US Immigration Policy and Controversy
118,1,"['ban', 'trump', 'immigration', 'travel', 'trumps', 'donald', 'order', 'president', 'fire', 'muslim', 'state', 'general', 'attorney', 'defend', 'official']",111,14,"['ban', 'muslimban', 'muslim', 'trump', 'travel', 'trumps', 'immigration', 'order', 'refugee', 'support', 'country', 'people']",6,"['ban', 'travel', 'trump', 'trumps', 'immigration', 'president', 'order', 'executive_order', 'sally_yate', 'attorney_general', 'protest']",14,"['ban', 'trump', 'muslimban', 'immigration', 'muslim', 'trumps', 'travel', 'order', 'executive_order', 'protest', 'president']","[88951664, 720008230412410885, 720008230412410900]","ban,trump,immigration,travel,trumps,donald,order,president,fire,muslim,state,general,attorney,defend,official,executive_order,sally_yate,attorney_general,protest,muslimban,refugee,support,country,people","ban,trump,immigration,travel,trumps,donald,order,president,fire,muslim,state,general,attorney,defend,official,executive_order,sally_yate,attorney_general,protest","ban,muslimban,muslim,trump,travel,trumps,immigration,order,refugee,support,country,people,executive_order,protest,president","{""Trump's Immigration Policy"": ['ban', 'trump', 'immigration', 'travel', 'trumps', 'donald', 'order', 'president', 'executive_order', 'muslimban', 'refugee', 'country', 'people'], 'Controversy and Legal Challenges': ['fire', 'state', 'general', 'attorney', 'defend', 'official', 'sally_yate', 'attorney_general', 'protest', 'support']}",Trump's Immigration Policy.Controversy and Legal Challenges,"{""Trump's Immigration and Travel Ban"": ['ban', 'trump', 'immigration', 'travel', 'trumps', 'donald', 'order', 'president', 'executive_order'], 'Controversy and Legal Challenges': ['fire', 'muslim', 'state', 'general', 'attorney', 'defend', 'official', 'sally_yate', 'attorney_general', 'protest']}",Trump's Immigration and Travel Ban.Controversy and Legal Challenges,"{'US Immigration Policy and Controversy': ['ban', 'muslimban', 'muslim', 'trump', 'travel', 'trumps', 'immigration', 'order', 'refugee', 'support', 'country', 'people', 'executive_order', 'protest', 'president']}",US Immigration Policy and Controversy
119,1,"['ban', 'trump', 'immigration', 'travel', 'trumps', 'donald', 'order', 'president', 'fire', 'muslim', 'state', 'general', 'attorney', 'defend', 'official']",112,6,"['muslimban', 'nobannowall', 'studentban', 'notbanstudentvisa', 'student', 'pressure', 'weak', 'iranian', 'letthemin', 'plz', 'york']",6,"['ban', 'travel', 'trump', 'trumps', 'immigration', 'president', 'order', 'executive_order', 'sally_yate', 'attorney_general', 'protest']",12,"['nobannowall', 'muslimban', 'studentban', 'notbanstudentvisa', 'worth_worldwide', 'iranian_student', 'student', 'notbanstudentvisa_studentban', 'studentban_notbanstudentvisa', 'letthemin_respect', 'beautiful_mind', 'studentban_plz', 'letthemin', 'march_york', 'notaterrorist_studentban', 'plz']","[44033036, 53925975, 109577595, 131826162]","ban,trump,immigration,travel,trumps,donald,order,president,fire,muslim,state,general,attorney,defend,official,executive_order,sally_yate,attorney_general,protest,muslimban,nobannowall,studentban,notbanstudentvisa,student,pressure,weak,iranian,letthemin,plz,york,worth_worldwide,iranian_student,notbanstudentvisa_studentban,studentban_notbanstudentvisa,letthemin_respect,beautiful_mind,studentban_plz,march_york,notaterrorist_studentban","ban,trump,immigration,travel,trumps,donald,order,president,fire,muslim,state,general,attorney,defend,official,executive_order,sally_yate,attorney_general,protest","muslimban,nobannowall,studentban,notbanstudentvisa,student,pressure,weak,iranian,letthemin,plz,york,worth_worldwide,iranian_student,notbanstudentvisa_studentban,studentban_notbanstudentvisa,letthemin_respect,beautiful_mind,studentban_plz,march_york,notaterrorist_studentban","{'US Immigration Policy': ['ban', 'immigration', 'travel', 'order', 'executive_order', 'muslimban', 'nobannowall', 'studentban', 'notbanstudentvisa', 'student', 'iranian', 'iranian_student', 'notbanstudentvisa_studentban', 'studentban_notbanstudentvisa', 'letthemin', 'letthemin_respect', 'studentban_plz', 'notaterrorist_studentban'], 'Trump Administration Actions': ['trump', 'trumps', 'donald', 'president', 'fire', 'state', 'general', 'attorney', 'defend', 'official', 'sally_yate', 'attorney_general', 'pressure', 'weak'], 'Public Response and Protests': ['protest', 'march_york', 'york', 'worth_worldwide', 'beautiful_mind']}",US Immigration Policy.Trump Administration Actions.Public Response and Protests,"{""Trump's Immigration and Travel Ban"": ['ban', 'trump', 'immigration', 'travel', 'trumps', 'donald', 'order', 'president', 'executive_order'], 'Controversy and Legal Challenges': ['fire', 'muslim', 'state', 'general', 'attorney', 'defend', 'official', 'sally_yate', 'attorney_general', 'protest']}",Trump's Immigration and Travel Ban.Controversy and Legal Challenges,"{'Travel and Immigration Restrictions': ['muslimban', 'nobannowall', 'studentban', 'notbanstudentvisa', 'letthemin', 'plz', 'worth_worldwide', 'notbanstudentvisa_studentban', 'studentban_notbanstudentvisa', 'letthemin_respect', 'studentban_plz', 'notaterrorist_studentban'], 'Iranian Students and Advocacy': ['iranian', 'iranian_student', 'student', 'beautiful_mind'], 'Protests and Demonstrations': ['march_york', 'york'], 'Public Sentiment and Reactions': ['pressure', 'weak']}",Travel and Immigration Restrictions.Iranian Students and Advocacy.Protests and Demonstrations.Public Sentiment and Reactions
120,1,"['ban', 'trump', 'immigration', 'travel', 'trumps', 'donald', 'order', 'president', 'fire', 'muslim', 'state', 'general', 'attorney', 'defend', 'official']",114,11,"['trump', 'ban', 'resist', 'muslimban', 'immigration', 'trumpleak', 'travel', 'theresistance', 'trumps', 'order', 'nobannowall', 'impeachtrump', 'president', 'resistance', 'stopsession', 'muslim']",6,"['ban', 'travel', 'trump', 'trumps', 'immigration', 'president', 'order', 'executive_order', 'sally_yate', 'attorney_general', 'protest']",14,"['ban', 'trump', 'muslimban', 'immigration', 'muslim', 'trumps', 'travel', 'order', 'executive_order', 'protest', 'president']","[802319182360612869, 809892522805829600, 809892522805829632]","ban,trump,immigration,travel,trumps,donald,order,president,fire,muslim,state,general,attorney,defend,official,executive_order,sally_yate,attorney_general,protest,resist,muslimban,trumpleak,theresistance,nobannowall,impeachtrump,resistance,stopsession","ban,trump,immigration,travel,trumps,donald,order,president,fire,muslim,state,general,attorney,defend,official,executive_order,sally_yate,attorney_general,protest","trump,ban,resist,muslimban,immigration,trumpleak,travel,theresistance,trumps,order,nobannowall,impeachtrump,president,resistance,stopsession,muslim,executive_order,protest","{""Theme 1: Trump's Immigration Policies"": ['ban', 'trump', 'immigration', 'travel', 'trumps', 'donald', 'order', 'president', 'executive_order', 'muslim', 'muslimban', 'nobannowall'], 'Theme 2: Political Opposition and Resistance': ['protest', 'resist', 'theresistance', 'resistance', 'impeachtrump', 'stopsession'], 'Theme 3: Legal and Governmental Actions': ['fire', 'state', 'general', 'attorney', 'defend', 'official', 'sally_yate', 'attorney_general', 'trumpleak']}",Theme 1: Trump's Immigration Policies.Theme 2: Political Opposition and Resistance.Theme 3: Legal and Governmental Actions,"{""Trump's Immigration and Travel Ban"": ['ban', 'trump', 'immigration', 'travel', 'trumps', 'donald', 'order', 'president', 'executive_order'], 'Controversy and Legal Challenges': ['fire', 'muslim', 'state', 'general', 'attorney', 'defend', 'official', 'sally_yate', 'attorney_general', 'protest']}",Trump's Immigration and Travel Ban.Controversy and Legal Challenges,"{'US Immigration Policy and Protests': 'trump, ban, resist, muslimban, immigration, travel, theresistance, trumps, order, nobannowall, president, resistance, muslim, executive_order, protest', 'Political Opposition to Trump': 'trumpleak, impeachtrump, stopsession'}",US Immigration Policy and Protests.Political Opposition to Trump
121,1,"['ban', 'trump', 'immigration', 'travel', 'trumps', 'donald', 'order', 'president', 'fire', 'muslim', 'state', 'general', 'attorney', 'defend', 'official']",115,11,"['trump', 'ban', 'resist', 'muslimban', 'immigration', 'trumpleak', 'travel', 'theresistance', 'trumps', 'order', 'nobannowall', 'impeachtrump', 'president', 'resistance', 'stopsession', 'muslim']",6,"['ban', 'travel', 'trump', 'trumps', 'immigration', 'president', 'order', 'executive_order', 'sally_yate', 'attorney_general', 'protest']",14,"['ban', 'trump', 'muslimban', 'immigration', 'muslim', 'trumps', 'travel', 'order', 'executive_order', 'protest', 'president']","[101136300, 902841756, 3024568735, 824053976144281600]","ban,trump,immigration,travel,trumps,donald,order,president,fire,muslim,state,general,attorney,defend,official,executive_order,sally_yate,attorney_general,protest,resist,muslimban,trumpleak,theresistance,nobannowall,impeachtrump,resistance,stopsession","ban,trump,immigration,travel,trumps,donald,order,president,fire,muslim,state,general,attorney,defend,official,executive_order,sally_yate,attorney_general,protest","trump,ban,resist,muslimban,immigration,trumpleak,travel,theresistance,trumps,order,nobannowall,impeachtrump,president,resistance,stopsession,muslim,executive_order,protest","{""Trump's Immigration Policies"": ['ban', 'trump', 'immigration', 'travel', 'trumps', 'donald', 'order', 'president', 'executive_order', 'muslimban'], 'Controversial Executive Orders': ['order', 'executive_order', 'muslim', 'ban', 'trump', 'travel', 'muslimban'], 'Sally Yates and Legal Challenges': ['sally_yate', 'attorney_general', 'state', 'general', 'attorney', 'defend', 'official', 'fire'], 'Public and Political Resistance': ['protest', 'resist', 'theresistance', 'nobannowall', 'impeachtrump', 'resistance', 'stopsession', 'trumpleak']}",Trump's Immigration Policies.Controversial Executive Orders.Sally Yates and Legal Challenges.Public and Political Resistance,"{""Trump's Immigration and Travel Ban"": ['ban', 'trump', 'immigration', 'travel', 'trumps', 'donald', 'order', 'president', 'executive_order'], 'Controversy and Legal Challenges': ['fire', 'muslim', 'state', 'general', 'attorney', 'defend', 'official', 'sally_yate', 'attorney_general', 'protest']}",Trump's Immigration and Travel Ban.Controversy and Legal Challenges,"{'US Immigration Policy and Protests': 'trump, ban, resist, muslimban, immigration, travel, theresistance, trumps, order, nobannowall, president, resistance, muslim, executive_order, protest', 'Political Opposition to Trump': 'trumpleak, impeachtrump, stopsession'}",US Immigration Policy and Protests.Political Opposition to Trump
122,5,"['nobannowall', 'muslimban', 'student', 'iranian', 'letthemin', 'support', 'standuptotrump']",116,6,"['muslimban', 'nobannowall', 'studentban', 'notbanstudentvisa', 'student', 'pressure', 'weak', 'iranian', 'letthemin', 'plz', 'york']",11,"['muslimban', 'studentban', 'nobannowall', 'notbanstudentvisa', 'worth_worldwide', 'iranian_student', 'notbanstudentvisa_studentban', 'studentban_plz', 'beautiful_mind', 'letthemin_respect', 'studentban_notbanstudentvisa', 'letthemin', 'notaterrorist_studentban', 'support', 'respect']",12,"['nobannowall', 'muslimban', 'studentban', 'notbanstudentvisa', 'worth_worldwide', 'iranian_student', 'student', 'notbanstudentvisa_studentban', 'studentban_notbanstudentvisa', 'letthemin_respect', 'beautiful_mind', 'studentban_plz', 'letthemin', 'march_york', 'notaterrorist_studentban', 'plz']","[125208159, 914482993, 808476381516591100]","nobannowall,muslimban,student,iranian,letthemin,support,standuptotrump,studentban,notbanstudentvisa,worth_worldwide,iranian_student,notbanstudentvisa_studentban,studentban_plz,beautiful_mind,letthemin_respect,studentban_notbanstudentvisa,notaterrorist_studentban,respect,pressure,weak,plz,york,march_york","nobannowall,muslimban,student,iranian,letthemin,support,standuptotrump,studentban,notbanstudentvisa,worth_worldwide,iranian_student,notbanstudentvisa_studentban,studentban_plz,beautiful_mind,letthemin_respect,studentban_notbanstudentvisa,notaterrorist_studentban,respect","muslimban,nobannowall,studentban,notbanstudentvisa,student,pressure,weak,iranian,letthemin,plz,york,worth_worldwide,iranian_student,notbanstudentvisa_studentban,studentban_notbanstudentvisa,letthemin_respect,beautiful_mind,studentban_plz,march_york,notaterrorist_studentban","{'Protest Against Travel Ban': ['nobannowall', 'muslimban', 'letthemin', 'support', 'standuptotrump', 'letthemin_respect', 'respect', 'pressure', 'weak', 'plz'], 'Iranian Students Affected by Ban': ['student', 'iranian', 'iranian_student', 'studentban', 'notbanstudentvisa', 'notbanstudentvisa_studentban', 'studentban_plz', 'studentban_notbanstudentvisa', 'notaterrorist_studentban', 'beautiful_mind'], 'Protests in York': ['york', 'march_york']}",Protest Against Travel Ban.Iranian Students Affected by Ban.Protests in York,"{'Immigration and Travel Ban Protests': ['nobannowall', 'muslimban', 'letthemin', 'support', 'standuptotrump', 'notbanstudentvisa', 'worth_worldwide', 'letthemin_respect', 'respect'], 'Iranian Students and Visa Issues': ['student', 'iranian', 'iranian_student', 'studentban', 'notbanstudentvisa', 'studentban_notbanstudentvisa', 'notaterrorist_studentban', 'studentban_plz', 'beautiful_mind']}",Immigration and Travel Ban Protests.Iranian Students and Visa Issues,"{'Travel and Immigration Restrictions': ['muslimban', 'nobannowall', 'studentban', 'notbanstudentvisa', 'letthemin', 'plz', 'worth_worldwide', 'notbanstudentvisa_studentban', 'studentban_notbanstudentvisa', 'letthemin_respect', 'studentban_plz', 'notaterrorist_studentban'], 'Iranian Students and Advocacy': ['iranian', 'iranian_student', 'student', 'beautiful_mind'], 'Protests and Demonstrations': ['march_york', 'york'], 'Public Sentiment and Reactions': ['pressure', 'weak']}",Travel and Immigration Restrictions.Iranian Students and Advocacy.Protests and Demonstrations.Public Sentiment and Reactions
123,3,"['muslimban', 'muslim', 'trump', 'ban', 'heartland', 'refuge', 'people', 'refugee', 'america', 'order', 'protest', 'vote', 'country']",119,14,"['ban', 'muslimban', 'muslim', 'trump', 'travel', 'trumps', 'immigration', 'order', 'refugee', 'support', 'country', 'people']",3,"['muslim', 'america_heartland', 'ban', 'america', 'muslimban', 'trump', 'seek', 'heartland', 'refuge', 'seek_refuge', 'nobannowall', 'seek_refuge_america_heartland', 'people', 'refugee', 'executive_order', 'student']",14,"['ban', 'trump', 'muslimban', 'immigration', 'muslim', 'trumps', 'travel', 'order', 'executive_order', 'protest', 'president']","[322808365, 374545449, 3029777387, 3253776720]","muslimban,muslim,trump,ban,heartland,refuge,people,refugee,america,order,protest,vote,country,america_heartland,seek,seek_refuge,nobannowall,seek_refuge_america_heartland,executive_order,student,travel,trumps,immigration,support,president","muslimban,muslim,trump,ban,heartland,refuge,people,refugee,america,order,protest,vote,country,america_heartland,seek,seek_refuge,nobannowall,seek_refuge_america_heartland,executive_order,student","ban,muslimban,muslim,trump,travel,trumps,immigration,order,refugee,support,country,people,executive_order,protest,president","{'US Immigration Policy and Protests': ['muslimban', 'muslim', 'trump', 'ban', 'refuge', 'people', 'refugee', 'america', 'order', 'protest', 'vote', 'country', 'executive_order', 'travel', 'trumps', 'immigration', 'support', 'president', 'nobannowall'], 'Impact on American Heartland': ['heartland', 'america_heartland', 'seek', 'seek_refuge', 'seek_refuge_america_heartland'], 'Student and Travel Concerns': ['student', 'travel']}",US Immigration Policy and Protests.Impact on American Heartland.Student and Travel Concerns,"{'US Immigration Policy and Protests': ['muslimban', 'muslim', 'trump', 'ban', 'order', 'protest', 'vote', 'executive_order', 'nobannowall'], 'Refugees and Seeking Asylum': ['refuge', 'people', 'refugee', 'seek', 'seek_refuge', 'seek_refuge_america_heartland'], ""America's Heartland and Inclusivity"": ['heartland', 'america', 'country', 'america_heartland', 'student']}",US Immigration Policy and Protests.Refugees and Seeking Asylum.America's Heartland and Inclusivity,"{'US Immigration Policy and Controversy': ['ban', 'muslimban', 'muslim', 'trump', 'travel', 'trumps', 'immigration', 'order', 'refugee', 'support', 'country', 'people', 'executive_order', 'protest', 'president']}",US Immigration Policy and Controversy
124,1,"['ban', 'trump', 'immigration', 'travel', 'trumps', 'donald', 'order', 'president', 'fire', 'muslim', 'state', 'general', 'attorney', 'defend', 'official']",120,14,"['ban', 'muslimban', 'muslim', 'trump', 'travel', 'trumps', 'immigration', 'order', 'refugee', 'support', 'country', 'people']",6,"['ban', 'travel', 'trump', 'trumps', 'immigration', 'president', 'order', 'executive_order', 'sally_yate', 'attorney_general', 'protest']",14,"['ban', 'trump', 'muslimban', 'immigration', 'muslim', 'trumps', 'travel', 'order', 'executive_order', 'protest', 'president']","[519258318, 1497641574, 1523766667, 2251287025]","ban,trump,immigration,travel,trumps,donald,order,president,fire,muslim,state,general,attorney,defend,official,executive_order,sally_yate,attorney_general,protest,muslimban,refugee,support,country,people","ban,trump,immigration,travel,trumps,donald,order,president,fire,muslim,state,general,attorney,defend,official,executive_order,sally_yate,attorney_general,protest","ban,muslimban,muslim,trump,travel,trumps,immigration,order,refugee,support,country,people,executive_order,protest,president","{'US Immigration Policy': 'ban, immigration, travel, order, executive_order, refugee, country, people', 'Trump Administration Actions': 'trump, trumps, donald, president, fire, official, support', 'Controversial Executive Orders': 'muslim, muslimban, protest, defend', 'Sally Yates and Legal Challenges': 'state, general, attorney, sally_yate, attorney_general'}",US Immigration Policy.Trump Administration Actions.Controversial Executive Orders.Sally Yates and Legal Challenges,"{""Trump's Immigration and Travel Ban"": ['ban', 'trump', 'immigration', 'travel', 'trumps', 'donald', 'order', 'president', 'executive_order'], 'Controversy and Legal Challenges': ['fire', 'muslim', 'state', 'general', 'attorney', 'defend', 'official', 'sally_yate', 'attorney_general', 'protest']}",Trump's Immigration and Travel Ban.Controversy and Legal Challenges,"{'US Immigration Policy and Controversy': ['ban', 'muslimban', 'muslim', 'trump', 'travel', 'trumps', 'immigration', 'order', 'refugee', 'support', 'country', 'people', 'executive_order', 'protest', 'president']}",US Immigration Policy and Controversy
125,5,"['nobannowall', 'muslimban', 'student', 'iranian', 'letthemin', 'support', 'standuptotrump']",121,6,"['muslimban', 'nobannowall', 'studentban', 'notbanstudentvisa', 'student', 'pressure', 'weak', 'iranian', 'letthemin', 'plz', 'york']",11,"['muslimban', 'studentban', 'nobannowall', 'notbanstudentvisa', 'worth_worldwide', 'iranian_student', 'notbanstudentvisa_studentban', 'studentban_plz', 'beautiful_mind', 'letthemin_respect', 'studentban_notbanstudentvisa', 'letthemin', 'notaterrorist_studentban', 'support', 'respect']",12,"['nobannowall', 'muslimban', 'studentban', 'notbanstudentvisa', 'worth_worldwide', 'iranian_student', 'student', 'notbanstudentvisa_studentban', 'studentban_notbanstudentvisa', 'letthemin_respect', 'beautiful_mind', 'studentban_plz', 'letthemin', 'march_york', 'notaterrorist_studentban', 'plz']","[3017050238, 781475028747558912, 811666689289056256, 815437539444162560]","nobannowall,muslimban,student,iranian,letthemin,support,standuptotrump,studentban,notbanstudentvisa,worth_worldwide,iranian_student,notbanstudentvisa_studentban,studentban_plz,beautiful_mind,letthemin_respect,studentban_notbanstudentvisa,notaterrorist_studentban,respect,pressure,weak,plz,york,march_york","nobannowall,muslimban,student,iranian,letthemin,support,standuptotrump,studentban,notbanstudentvisa,worth_worldwide,iranian_student,notbanstudentvisa_studentban,studentban_plz,beautiful_mind,letthemin_respect,studentban_notbanstudentvisa,notaterrorist_studentban,respect","muslimban,nobannowall,studentban,notbanstudentvisa,student,pressure,weak,iranian,letthemin,plz,york,worth_worldwide,iranian_student,notbanstudentvisa_studentban,studentban_notbanstudentvisa,letthemin_respect,beautiful_mind,studentban_plz,march_york,notaterrorist_studentban","{'Protest Against Travel Ban': ['nobannowall', 'muslimban', 'letthemin', 'support', 'standuptotrump', 'letthemin_respect', 'respect', 'pressure', 'weak', 'plz'], 'Iranian Students Affected by Ban': ['student', 'iranian', 'iranian_student', 'studentban', 'notbanstudentvisa', 'notbanstudentvisa_studentban', 'studentban_plz', 'studentban_notbanstudentvisa', 'notaterrorist_studentban', 'beautiful_mind'], 'Protests in York': ['york', 'march_york']}",Protest Against Travel Ban.Iranian Students Affected by Ban.Protests in York,"{'Immigration and Travel Ban Protests': ['nobannowall', 'muslimban', 'letthemin', 'support', 'standuptotrump', 'notbanstudentvisa', 'worth_worldwide', 'letthemin_respect', 'respect'], 'Iranian Students and Visa Issues': ['student', 'iranian', 'iranian_student', 'studentban', 'notbanstudentvisa', 'studentban_notbanstudentvisa', 'notaterrorist_studentban', 'studentban_plz', 'beautiful_mind']}",Immigration and Travel Ban Protests.Iranian Students and Visa Issues,"{'Travel and Immigration Restrictions': ['muslimban', 'nobannowall', 'studentban', 'notbanstudentvisa', 'letthemin', 'plz', 'worth_worldwide', 'notbanstudentvisa_studentban', 'studentban_notbanstudentvisa', 'letthemin_respect', 'studentban_plz', 'notaterrorist_studentban'], 'Iranian Students and Advocacy': ['iranian', 'iranian_student', 'student', 'beautiful_mind'], 'Protests and Demonstrations': ['march_york', 'york'], 'Public Sentiment and Reactions': ['pressure', 'weak']}",Travel and Immigration Restrictions.Iranian Students and Advocacy.Protests and Demonstrations.Public Sentiment and Reactions
126,3,"['muslimban', 'muslim', 'trump', 'ban', 'heartland', 'refuge', 'people', 'refugee', 'america', 'order', 'protest', 'vote', 'country']",122,14,"['ban', 'muslimban', 'muslim', 'trump', 'travel', 'trumps', 'immigration', 'order', 'refugee', 'support', 'country', 'people']",3,"['muslim', 'america_heartland', 'ban', 'america', 'muslimban', 'trump', 'seek', 'heartland', 'refuge', 'seek_refuge', 'nobannowall', 'seek_refuge_america_heartland', 'people', 'refugee', 'executive_order', 'student']",14,"['ban', 'trump', 'muslimban', 'immigration', 'muslim', 'trumps', 'travel', 'order', 'executive_order', 'protest', 'president']","[26911266, 4207595112, 4243136293]","muslimban,muslim,trump,ban,heartland,refuge,people,refugee,america,order,protest,vote,country,america_heartland,seek,seek_refuge,nobannowall,seek_refuge_america_heartland,executive_order,student,travel,trumps,immigration,support,president","muslimban,muslim,trump,ban,heartland,refuge,people,refugee,america,order,protest,vote,country,america_heartland,seek,seek_refuge,nobannowall,seek_refuge_america_heartland,executive_order,student","ban,muslimban,muslim,trump,travel,trumps,immigration,order,refugee,support,country,people,executive_order,protest,president","{'US Immigration Policy': 'muslimban, muslim, trump, ban, refugee, america, order, protest, vote, country, executive_order, travel, trumps, immigration, support, president', 'Public Reaction and Protest': 'protest, vote, nobannowall, support', 'Refuge and Seeking Safety': 'refuge, people, refugee, seek, seek_refuge, seek_refuge_america_heartland', 'Impact on Education': 'student, travel', 'American Heartland': 'heartland, america_heartland'}",US Immigration Policy.Public Reaction and Protest.Refuge and Seeking Safety.Impact on Education.American Heartland,"{'US Immigration Policy and Protests': ['muslimban', 'muslim', 'trump', 'ban', 'order', 'protest', 'vote', 'executive_order', 'nobannowall'], 'Refugees and Seeking Asylum': ['refuge', 'people', 'refugee', 'seek', 'seek_refuge', 'seek_refuge_america_heartland'], ""America's Heartland and Inclusivity"": ['heartland', 'america', 'country', 'america_heartland', 'student']}",US Immigration Policy and Protests.Refugees and Seeking Asylum.America's Heartland and Inclusivity,"{'US Immigration Policy and Controversy': ['ban', 'muslimban', 'muslim', 'trump', 'travel', 'trumps', 'immigration', 'order', 'refugee', 'support', 'country', 'people', 'executive_order', 'protest', 'president']}",US Immigration Policy and Controversy
127,3,"['muslimban', 'muslim', 'trump', 'ban', 'heartland', 'refuge', 'people', 'refugee', 'america', 'order', 'protest', 'vote', 'country']",123,14,"['ban', 'muslimban', 'muslim', 'trump', 'travel', 'trumps', 'immigration', 'order', 'refugee', 'support', 'country', 'people']",3,"['muslim', 'america_heartland', 'ban', 'america', 'muslimban', 'trump', 'seek', 'heartland', 'refuge', 'seek_refuge', 'nobannowall', 'seek_refuge_america_heartland', 'people', 'refugee', 'executive_order', 'student']",14,"['ban', 'trump', 'muslimban', 'immigration', 'muslim', 'trumps', 'travel', 'order', 'executive_order', 'protest', 'president']","[1369701486, 1541335238, 3320697341]","muslimban,muslim,trump,ban,heartland,refuge,people,refugee,america,order,protest,vote,country,america_heartland,seek,seek_refuge,nobannowall,seek_refuge_america_heartland,executive_order,student,travel,trumps,immigration,support,president","muslimban,muslim,trump,ban,heartland,refuge,people,refugee,america,order,protest,vote,country,america_heartland,seek,seek_refuge,nobannowall,seek_refuge_america_heartland,executive_order,student","ban,muslimban,muslim,trump,travel,trumps,immigration,order,refugee,support,country,people,executive_order,protest,president","{'US Immigration Policy and Protests': ['muslimban', 'muslim', 'trump', 'ban', 'refuge', 'people', 'refugee', 'america', 'order', 'protest', 'vote', 'country', 'america_heartland', 'seek', 'seek_refuge', 'nobannowall', 'seek_refuge_america_heartland', 'executive_order', 'student', 'travel', 'trumps', 'immigration', 'support', 'president']}",US Immigration Policy and Protests,"{'US Immigration Policy and Protests': ['muslimban', 'muslim', 'trump', 'ban', 'order', 'protest', 'vote', 'executive_order', 'nobannowall'], 'Refugees and Seeking Asylum': ['refuge', 'people', 'refugee', 'seek', 'seek_refuge', 'seek_refuge_america_heartland'], ""America's Heartland and Inclusivity"": ['heartland', 'america', 'country', 'america_heartland', 'student']}",US Immigration Policy and Protests.Refugees and Seeking Asylum.America's Heartland and Inclusivity,"{'US Immigration Policy and Controversy': ['ban', 'muslimban', 'muslim', 'trump', 'travel', 'trumps', 'immigration', 'order', 'refugee', 'support', 'country', 'people', 'executive_order', 'protest', 'president']}",US Immigration Policy and Controversy
128,9,"['podcast', 'muslimban', 'live']",124,6,"['muslimban', 'nobannowall', 'studentban', 'notbanstudentvisa', 'student', 'pressure', 'weak', 'iranian', 'letthemin', 'plz', 'york']",11,"['muslimban', 'studentban', 'nobannowall', 'notbanstudentvisa', 'worth_worldwide', 'iranian_student', 'notbanstudentvisa_studentban', 'studentban_plz', 'beautiful_mind', 'letthemin_respect', 'studentban_notbanstudentvisa', 'letthemin', 'notaterrorist_studentban', 'support', 'respect']",12,"['nobannowall', 'muslimban', 'studentban', 'notbanstudentvisa', 'worth_worldwide', 'iranian_student', 'student', 'notbanstudentvisa_studentban', 'studentban_notbanstudentvisa', 'letthemin_respect', 'beautiful_mind', 'studentban_plz', 'letthemin', 'march_york', 'notaterrorist_studentban', 'plz']","[825429995963162625, 826136373186936800, 826511485153267712]","podcast,muslimban,live,studentban,nobannowall,notbanstudentvisa,worth_worldwide,iranian_student,notbanstudentvisa_studentban,studentban_plz,beautiful_mind,letthemin_respect,studentban_notbanstudentvisa,letthemin,notaterrorist_studentban,support,respect,student,pressure,weak,iranian,plz,york,march_york","podcast,muslimban,live,studentban,nobannowall,notbanstudentvisa,worth_worldwide,iranian_student,notbanstudentvisa_studentban,studentban_plz,beautiful_mind,letthemin_respect,studentban_notbanstudentvisa,letthemin,notaterrorist_studentban,support,respect","muslimban,nobannowall,studentban,notbanstudentvisa,student,pressure,weak,iranian,letthemin,plz,york,worth_worldwide,iranian_student,notbanstudentvisa_studentban,studentban_notbanstudentvisa,letthemin_respect,beautiful_mind,studentban_plz,march_york,notaterrorist_studentban","{'Travel and Immigration Restrictions': ['muslimban', 'studentban', 'nobannowall', 'notbanstudentvisa', 'iranian_student', 'notbanstudentvisa_studentban', 'studentban_plz', 'studentban_notbanstudentvisa', 'notaterrorist_studentban', 'letthemin_respect', 'letthemin'], 'Support and Advocacy': ['support', 'respect', 'pressure', 'weak', 'plz'], 'Cultural and Educational Exchange': ['student', 'iranian', 'beautiful_mind', 'worth_worldwide'], 'Events and Locations': ['live', 'york', 'march_york'], 'Media and Communication': ['podcast']}",Travel and Immigration Restrictions.Support and Advocacy.Cultural and Educational Exchange.Events and Locations.Media and Communication,"{'Travel and Immigration Restrictions': 'muslimban, studentban, nobannowall, notbanstudentvisa, iranian_student, notbanstudentvisa_studentban, studentban_plz, letthemin_respect, studentban_notbanstudentvisa, letthemin, notaterrorist_studentban', 'Advocacy and Support': 'support, respect', 'Media and Communication': 'podcast, live', 'Positive Attributes': 'worth_worldwide, beautiful_mind'}",Travel and Immigration Restrictions.Advocacy and Support.Media and Communication.Positive Attributes,"{'Travel and Immigration Restrictions': ['muslimban', 'nobannowall', 'studentban', 'notbanstudentvisa', 'letthemin', 'plz', 'worth_worldwide', 'notbanstudentvisa_studentban', 'studentban_notbanstudentvisa', 'letthemin_respect', 'studentban_plz', 'notaterrorist_studentban'], 'Iranian Students and Advocacy': ['iranian', 'iranian_student', 'student', 'beautiful_mind'], 'Protests and Demonstrations': ['march_york', 'york'], 'Public Sentiment and Reactions': ['pressure', 'weak']}",Travel and Immigration Restrictions.Iranian Students and Advocacy.Protests and Demonstrations.Public Sentiment and Reactions
129,5,"['nobannowall', 'muslimban', 'student', 'iranian', 'letthemin', 'support', 'standuptotrump']",125,6,"['muslimban', 'nobannowall', 'studentban', 'notbanstudentvisa', 'student', 'pressure', 'weak', 'iranian', 'letthemin', 'plz', 'york']",11,"['muslimban', 'studentban', 'nobannowall', 'notbanstudentvisa', 'worth_worldwide', 'iranian_student', 'notbanstudentvisa_studentban', 'studentban_plz', 'beautiful_mind', 'letthemin_respect', 'studentban_notbanstudentvisa', 'letthemin', 'notaterrorist_studentban', 'support', 'respect']",14,"['ban', 'trump', 'muslimban', 'immigration', 'muslim', 'trumps', 'travel', 'order', 'executive_order', 'protest', 'president']","[64165042, 72506570, 1139724289]","nobannowall,muslimban,student,iranian,letthemin,support,standuptotrump,studentban,notbanstudentvisa,worth_worldwide,iranian_student,notbanstudentvisa_studentban,studentban_plz,beautiful_mind,letthemin_respect,studentban_notbanstudentvisa,notaterrorist_studentban,respect,pressure,weak,plz,york,ban,trump,immigration,muslim,trumps,travel,order,executive_order,protest,president","nobannowall,muslimban,student,iranian,letthemin,support,standuptotrump,studentban,notbanstudentvisa,worth_worldwide,iranian_student,notbanstudentvisa_studentban,studentban_plz,beautiful_mind,letthemin_respect,studentban_notbanstudentvisa,notaterrorist_studentban,respect","muslimban,nobannowall,studentban,notbanstudentvisa,student,pressure,weak,iranian,letthemin,plz,york,ban,trump,immigration,muslim,trumps,travel,order,executive_order,protest,president","{'Immigration Policy Protest': ['nobannowall', 'muslimban', 'letthemin', 'support', 'standuptotrump', 'studentban', 'notbanstudentvisa', 'worth_worldwide', 'iranian_student', 'notbanstudentvisa_studentban', 'studentban_plz', 'beautiful_mind', 'letthemin_respect', 'studentban_notbanstudentvisa', 'notaterrorist_studentban', 'respect', 'pressure', 'weak', 'plz', 'york', 'ban', 'trump', 'immigration', 'muslim', 'trumps', 'travel', 'order', 'executive_order', 'protest', 'president']}",Immigration Policy Protest,"{'Immigration and Travel Ban Protests': ['nobannowall', 'muslimban', 'letthemin', 'support', 'standuptotrump', 'notbanstudentvisa', 'worth_worldwide', 'letthemin_respect', 'respect'], 'Iranian Students and Visa Issues': ['student', 'iranian', 'iranian_student', 'studentban', 'notbanstudentvisa', 'studentban_notbanstudentvisa', 'notaterrorist_studentban', 'studentban_plz', 'beautiful_mind']}",Immigration and Travel Ban Protests.Iranian Students and Visa Issues,"{'US Immigration Policies': 'muslimban, nobannowall, studentban, notbanstudentvisa, ban, immigration, travel, order, executive_order', 'Protests and Public Response': 'pressure, weak, letthemin, plz, protest', 'Trump Administration Actions': 'trump, trumps, president', 'Affected Groups and Locations': 'student, iranian, muslim, york'}",US Immigration Policies.Protests and Public Response.Trump Administration Actions.Affected Groups and Locations
130,3,"['muslimban', 'muslim', 'trump', 'ban', 'heartland', 'refuge', 'people', 'refugee', 'america', 'order', 'protest', 'vote', 'country']",126,14,"['ban', 'muslimban', 'muslim', 'trump', 'travel', 'trumps', 'immigration', 'order', 'refugee', 'support', 'country', 'people']",2,"['muslimban', 'maga', 'terror_attack', 'refugee', 'trump']",4,"['muslimban', 'ban', 'travel', 'muslim', 'trump', 'maga', 'migrant_europe', 'americans_support', 'trumps', 'foxnew_breitbart', 'maga_vet', 'refugee', 'support', 'americans']","[1408901971, 2267630983, 2877913979]","muslimban,muslim,trump,ban,heartland,refuge,people,refugee,america,order,protest,vote,country,maga,terror_attack,travel,trumps,immigration,support,migrant_europe,americans_support,foxnew_breitbart,maga_vet,americans","muslimban,muslim,trump,ban,heartland,refuge,people,refugee,america,order,protest,vote,country,maga,terror_attack","ban,muslimban,muslim,trump,travel,trumps,immigration,order,refugee,support,country,people,maga,migrant_europe,americans_support,foxnew_breitbart,maga_vet,americans","{'US Immigration Policy': 'muslimban, muslim, trump, ban, america, order, protest, vote, country, maga, travel, trumps, immigration, support, americans_support, maga_vet, americans', 'Refugee and Migrant Issues': 'heartland, refuge, people, refugee, migrant_europe', 'Media and Public Opinion': 'foxnew_breitbart', 'Security Concerns': 'terror_attack'}",US Immigration Policy.Refugee and Migrant Issues.Media and Public Opinion.Security Concerns,"{'US Immigration Policy': 'muslimban, muslim, trump, ban, america, order, protest, vote, maga', 'Refugee and Asylum Issues': 'refuge, people, refugee, america, country', 'National Security and Terrorism': 'terror_attack'}",US Immigration Policy.Refugee and Asylum Issues.National Security and Terrorism,"{'US Immigration Policy': ['ban', 'muslimban', 'muslim', 'trump', 'travel', 'trumps', 'immigration', 'order', 'refugee', 'support', 'country', 'people', 'maga', 'americans_support', 'foxnew_breitbart', 'maga_vet', 'americans'], 'European Migration': ['migrant_europe']}",US Immigration Policy.European Migration
131,1,"['ban', 'trump', 'immigration', 'travel', 'trumps', 'donald', 'order', 'president', 'fire', 'muslim', 'state', 'general', 'attorney', 'defend', 'official']",127,12,"['ban', 'donald', 'trump', 'trumps', 'travel', 'immigration', 'fire', 'general', 'attorney', 'cnn', 'state', 'muslim', 'defiance']",6,"['ban', 'travel', 'trump', 'trumps', 'immigration', 'president', 'order', 'executive_order', 'sally_yate', 'attorney_general', 'protest']",14,"['ban', 'trump', 'muslimban', 'immigration', 'muslim', 'trumps', 'travel', 'order', 'executive_order', 'protest', 'president']","[608079104, 775344406622797829, 800711290054287361]","ban,trump,immigration,travel,trumps,donald,order,president,fire,muslim,state,general,attorney,defend,official,executive_order,sally_yate,attorney_general,protest,cnn,defiance,muslimban","ban,trump,immigration,travel,trumps,donald,order,president,fire,muslim,state,general,attorney,defend,official,executive_order,sally_yate,attorney_general,protest","ban,donald,trump,trumps,travel,immigration,fire,general,attorney,cnn,state,muslim,defiance,muslimban,order,executive_order,protest,president","{'US Immigration Policy and Controversy': ['ban', 'immigration', 'travel', 'order', 'executive_order', 'muslimban'], 'Trump Administration Actions': ['trump', 'trumps', 'donald', 'president', 'fire', 'official', 'executive_order'], 'Sally Yates and Legal Defiance': ['sally_yate', 'attorney_general', 'defiance', 'general', 'attorney', 'defend'], 'Public and Media Reaction': ['protest', 'cnn', 'state']}",US Immigration Policy and Controversy.Trump Administration Actions.Sally Yates and Legal Defiance.Public and Media Reaction,"{""Trump's Immigration and Travel Ban"": ['ban', 'trump', 'immigration', 'travel', 'trumps', 'donald', 'order', 'president', 'executive_order'], 'Controversy and Legal Challenges': ['fire', 'muslim', 'state', 'general', 'attorney', 'defend', 'official', 'sally_yate', 'attorney_general', 'protest']}",Trump's Immigration and Travel Ban.Controversy and Legal Challenges,"{'US Immigration Policy': ['ban', 'travel', 'immigration', 'muslim', 'muslimban', 'order', 'executive_order', 'protest'], 'Trump Administration': ['donald', 'trump', 'trumps', 'president'], 'Legal and Political Reactions': ['fire', 'general', 'attorney', 'defiance', 'state', 'cnn']}",US Immigration Policy.Trump Administration.Legal and Political Reactions
132,1,"['ban', 'trump', 'immigration', 'travel', 'trumps', 'donald', 'order', 'president', 'fire', 'muslim', 'state', 'general', 'attorney', 'defend', 'official']",128,11,"['trump', 'ban', 'resist', 'muslimban', 'immigration', 'trumpleak', 'travel', 'theresistance', 'trumps', 'order', 'nobannowall', 'impeachtrump', 'president', 'resistance', 'stopsession', 'muslim']",6,"['ban', 'travel', 'trump', 'trumps', 'immigration', 'president', 'order', 'executive_order', 'sally_yate', 'attorney_general', 'protest']",14,"['ban', 'trump', 'muslimban', 'immigration', 'muslim', 'trumps', 'travel', 'order', 'executive_order', 'protest', 'president']","[78817006, 715329083802931200, 808342475228127232]","ban,trump,immigration,travel,trumps,donald,order,president,fire,muslim,state,general,attorney,defend,official,executive_order,sally_yate,attorney_general,protest,resist,muslimban,trumpleak,theresistance,nobannowall,impeachtrump,resistance,stopsession","ban,trump,immigration,travel,trumps,donald,order,president,fire,muslim,state,general,attorney,defend,official,executive_order,sally_yate,attorney_general,protest","trump,ban,resist,muslimban,immigration,trumpleak,travel,theresistance,trumps,order,nobannowall,impeachtrump,president,resistance,stopsession,muslim,executive_order,protest","{""Trump's Immigration Policies"": ['ban', 'trump', 'immigration', 'travel', 'trumps', 'donald', 'order', 'president', 'executive_order', 'muslimban'], 'Controversial Executive Orders': ['order', 'executive_order', 'muslimban', 'trumpleak'], 'Political Resistance and Protests': ['protest', 'resist', 'theresistance', 'nobannowall', 'impeachtrump', 'resistance', 'stopsession'], 'Sally Yates and Legal Challenges': ['fire', 'state', 'general', 'attorney', 'defend', 'official', 'sally_yate', 'attorney_general']}",Trump's Immigration Policies.Controversial Executive Orders.Political Resistance and Protests.Sally Yates and Legal Challenges,"{""Trump's Immigration and Travel Ban"": ['ban', 'trump', 'immigration', 'travel', 'trumps', 'donald', 'order', 'president', 'executive_order'], 'Controversy and Legal Challenges': ['fire', 'muslim', 'state', 'general', 'attorney', 'defend', 'official', 'sally_yate', 'attorney_general', 'protest']}",Trump's Immigration and Travel Ban.Controversy and Legal Challenges,"{'US Immigration Policy and Protests': 'trump, ban, resist, muslimban, immigration, travel, theresistance, trumps, order, nobannowall, president, resistance, muslim, executive_order, protest', 'Political Opposition to Trump': 'trumpleak, impeachtrump, stopsession'}",US Immigration Policy and Protests.Political Opposition to Trump
