absolute_community,absolute_unigram_topic,absolute_unigram_keywords,weighted_community,weighted_unigram_topic,weighted_unigram_keywords,absolute_bigram_topic,absolute_bigram_keywords,weighted_bigram_topic,weighted_bigram_keywords,members,all_keywords,absolute_keywords,weighted_keywords,general_theme_gpt,general_theme_names,absolute_theme_gpt,absolute_theme_names,weighted_theme_gpt,weighted_theme_names
2,5,"['maga', 'travelban', 'trump', 'lgbt', 'islam', 'muslimban', 'tcot', 'marinelepen', 'judge', 'vote', 'read', 'france', 'americafirst']",48,6,"['refugeeswelcome', 'stopislamofobia', 'migrantenkriminalitat', 'prouracisme']",1,"['maga_pjnet', 'flaw_aloha', 'aloha', 'logic', 'pjnet', 'american']",0,"['ban', 'travel', 'trump', 'executive_order', 'order', 'judge', 'revise', 'federal_judge', 'hawaii', 'president', 'trumps', 'block', 'immigration', 'sign']","[50644095, 96442308, 2188423838, 835985752584441856]","maga,travelban,trump,lgbt,islam,muslimban,tcot,marinelepen,judge,vote,read,france,americafirst,maga_pjnet,flaw_aloha,aloha,logic,pjnet,american,refugeeswelcome,stopislamofobia,migrantenkriminalitat,prouracisme,ban,travel,executive_order,order,revise,federal_judge,hawaii,president,trumps,block,immigration,sign","maga,travelban,trump,lgbt,islam,muslimban,tcot,marinelepen,judge,vote,read,france,americafirst,maga_pjnet,flaw_aloha,aloha,logic,pjnet,american","refugeeswelcome,stopislamofobia,migrantenkriminalitat,prouracisme,ban,travel,trump,executive_order,order,judge,revise,federal_judge,hawaii,president,trumps,block,immigration,sign","{'US Politics and Immigration Policies': ['maga', 'travelban', 'trump', 'muslimban', 'americafirst', 'executive_order', 'order', 'immigration', 'sign', 'block', 'federal_judge', 'judge', 'president', 'trumps', 'ban', 'travel', 'revise'], 'Social and Cultural Issues': ['lgbt', 'islam', 'refugeeswelcome', 'stopislamofobia', 'migrantenkriminalitat', 'prouracisme'], 'International Politics': ['marinelepen', 'france'], 'American Political Movements': ['tcot', 'maga_pjnet', 'pjnet', 'american'], 'Legal and Judicial Actions': ['judge', 'federal_judge', 'block', 'order'], 'Hawaii and Legal Challenges': ['hawaii', 'flaw_aloha', 'aloha']}",US Politics and Immigration Policies.Social and Cultural Issues.International Politics.American Political Movements.Legal and Judicial Actions.Hawaii and Legal Challenges,"{'US Politics and Policies': ['maga', 'travelban', 'trump', 'muslimban', 'americafirst', 'maga_pjnet', 'pjnet', 'american'], 'Social Issues': ['lgbt', 'islam'], 'International Politics': ['marinelepen', 'france'], 'Judiciary and Legal': ['judge', 'vote'], 'Miscellaneous': ['tcot', 'read', 'flaw_aloha', 'aloha', 'logic']}",US Politics and Policies.Social Issues.International Politics.Judiciary and Legal.Miscellaneous,"{'Immigration and Refugee Policies': ['refugeeswelcome', 'stopislamofobia', 'migrantenkriminalitat', 'prouracisme', 'ban', 'travel', 'immigration'], ""Trump's Executive Orders on Immigration"": ['trump', 'executive_order', 'order', 'judge', 'revise', 'federal_judge', 'hawaii', 'president', 'trumps', 'block', 'sign']}",Immigration and Refugee Policies.Trump's Executive Orders on Immigration
3,2,"['ban', 'muslim', 'muslimban', 'trump', 'court']",11,13,"['muslimban', 'trump', 'resist', 'trumprussia', 'ban', 'russiagate', 'theresistance', 'muslim', 'travel', 'break', 'trumps', 'april']",9,"['muslimban', 'ban', 'muslim', 'trump', 'president']",13,"['muslimban', 'muslim', 'country', 'ban', 'ben_carson']","[29442313, 216776631, 485958942]","ban,muslim,muslimban,trump,court,president,resist,trumprussia,russiagate,theresistance,travel,break,trumps,april,country,ben_carson","ban,muslim,muslimban,trump,court,president","muslimban,trump,resist,trumprussia,ban,russiagate,theresistance,muslim,travel,break,trumps,april,country,ben_carson","{'Travel Ban Controversy': ['ban', 'muslim', 'muslimban', 'trump', 'court', 'president', 'travel', 'country'], 'Political Resistance and Scandals': ['resist', 'trumprussia', 'russiagate', 'theresistance', 'break', 'trumps', 'april', 'ben_carson']}",Travel Ban Controversy.Political Resistance and Scandals,"{'Travel Ban Controversy': 'ban, muslim, muslimban, trump, court, president'}",Travel Ban Controversy,"{'Political Resistance and Controversies': 'muslimban, trump, resist, trumprussia, ban, russiagate, theresistance, muslim, travel, break, trumps, april, country, ben_carson'}",Political Resistance and Controversies
8,3,"['ban', 'travel', 'trump', 'order', 'revise', 'judge', 'trumps', 'hawaii', 'president', 'block', 'immigration']",13,14,"['ban', 'travel', 'trump', 'revise', 'order', 'judge', 'president', 'hawaii', 'trumps', 'block']",7,"['ban', 'travel', 'trump', 'executive_order', 'order', 'radio_live', 'revise', 'judge', 'federal_judge', 'hawaii', 'trumps', 'stock_money', 'block', 'president', 'immigration']",0,"['ban', 'travel', 'trump', 'executive_order', 'order', 'judge', 'revise', 'federal_judge', 'hawaii', 'president', 'trumps', 'block', 'immigration', 'sign']","[6392972, 18910693, 49047411, 110396781, 937875895, 2495386515, 2806325167, 2930574973, 3713258776, 783134630669148161]","ban,travel,trump,order,revise,judge,trumps,hawaii,president,block,immigration,executive_order,radio_live,federal_judge,stock_money,sign","ban,travel,trump,order,revise,judge,trumps,hawaii,president,block,immigration,executive_order,radio_live,federal_judge,stock_money","ban,travel,trump,revise,order,judge,president,hawaii,trumps,block,executive_order,federal_judge,immigration,sign","{'US Immigration Policy': ['ban', 'travel', 'trump', 'order', 'revise', 'judge', 'trumps', 'hawaii', 'president', 'block', 'immigration', 'executive_order', 'federal_judge', 'sign']}",US Immigration Policy,"{'US Immigration Policy': ['ban', 'travel', 'trump', 'order', 'revise', 'judge', 'trumps', 'hawaii', 'president', 'block', 'immigration', 'executive_order', 'federal_judge'], 'Media and Finance': ['radio_live', 'stock_money']}",US Immigration Policy.Media and Finance,"{'Travel Ban': 'ban, travel, trump, revise, order, judge, president, hawaii, trumps, block, executive_order, federal_judge, immigration, sign'}",Travel Ban
10,3,"['ban', 'travel', 'trump', 'order', 'revise', 'judge', 'trumps', 'hawaii', 'president', 'block', 'immigration']",15,14,"['ban', 'travel', 'trump', 'revise', 'order', 'judge', 'president', 'hawaii', 'trumps', 'block']",7,"['ban', 'travel', 'trump', 'executive_order', 'order', 'radio_live', 'revise', 'judge', 'federal_judge', 'hawaii', 'trumps', 'stock_money', 'block', 'president', 'immigration']",0,"['ban', 'travel', 'trump', 'executive_order', 'order', 'judge', 'revise', 'federal_judge', 'hawaii', 'president', 'trumps', 'block', 'immigration', 'sign']","[478855762, 2903166449, 4040707780, 799609981121138690]","ban,travel,trump,order,revise,judge,trumps,hawaii,president,block,immigration,executive_order,radio_live,federal_judge,stock_money,sign","ban,travel,trump,order,revise,judge,trumps,hawaii,president,block,immigration,executive_order,radio_live,federal_judge,stock_money","ban,travel,trump,revise,order,judge,president,hawaii,trumps,block,executive_order,federal_judge,immigration,sign","{'US Immigration Policy': ['ban', 'travel', 'trump', 'order', 'revise', 'judge', 'trumps', 'hawaii', 'president', 'block', 'immigration', 'executive_order', 'federal_judge', 'sign']}",US Immigration Policy,"{'US Immigration Policy': ['ban', 'travel', 'trump', 'order', 'revise', 'judge', 'trumps', 'hawaii', 'president', 'block', 'immigration', 'executive_order', 'federal_judge'], 'Media and Finance': ['radio_live', 'stock_money']}",US Immigration Policy.Media and Finance,"{'Travel Ban': 'ban, travel, trump, revise, order, judge, president, hawaii, trumps, block, executive_order, federal_judge, immigration, sign'}",Travel Ban
14,2,"['ban', 'muslim', 'muslimban', 'trump', 'court']",17,0,"['ban', 'trump', 'muslimban', 'muslim', 'nobannowall', 'travel', 'refugee']",9,"['muslimban', 'ban', 'muslim', 'trump', 'president']",12,"['muslimban', 'ban', 'muslim', 'nobannowall', 'trump', 'travelban', 'travel', 'judge_robart', 'executive_order', 'judge']","[629565974, 1146358172, 2922305530, 821136198798340097]","ban,muslim,muslimban,trump,court,president,nobannowall,travel,refugee,travelban,judge_robart,executive_order,judge","ban,muslim,muslimban,trump,court,president","ban,trump,muslimban,muslim,nobannowall,travel,refugee,travelban,judge_robart,executive_order,judge","{'US Travel Ban Controversy': 'ban, muslim, muslimban, trump, court, president, nobannowall, travel, refugee, travelban, judge_robart, executive_order, judge'}",US Travel Ban Controversy,"{'Travel Ban Controversy': 'ban, muslim, muslimban, trump, court, president'}",Travel Ban Controversy,"{'US Travel Ban Controversy': ['ban', 'trump', 'muslimban', 'muslim', 'nobannowall', 'travel', 'refugee', 'travelban', 'judge_robart', 'executive_order', 'judge']}",US Travel Ban Controversy
16,2,"['ban', 'muslim', 'muslimban', 'trump', 'court']",46,0,"['ban', 'trump', 'muslimban', 'muslim', 'nobannowall', 'travel', 'refugee']",9,"['muslimban', 'ban', 'muslim', 'trump', 'president']",12,"['muslimban', 'ban', 'muslim', 'nobannowall', 'trump', 'travelban', 'travel', 'judge_robart', 'executive_order', 'judge']","[17642747, 2617327641, 839574081854931000]","ban,muslim,muslimban,trump,court,president,nobannowall,travel,refugee,travelban,judge_robart,executive_order,judge","ban,muslim,muslimban,trump,court,president","ban,trump,muslimban,muslim,nobannowall,travel,refugee,travelban,judge_robart,executive_order,judge","{'US Travel Ban Controversy': 'ban, muslim, muslimban, trump, court, president, nobannowall, travel, refugee, travelban, judge_robart, executive_order, judge'}",US Travel Ban Controversy,"{'Travel Ban Controversy': 'ban, muslim, muslimban, trump, court, president'}",Travel Ban Controversy,"{'US Travel Ban Controversy': ['ban', 'trump', 'muslimban', 'muslim', 'nobannowall', 'travel', 'refugee', 'travelban', 'judge_robart', 'executive_order', 'judge']}",US Travel Ban Controversy
17,2,"['ban', 'muslim', 'muslimban', 'trump', 'court']",32,2,"['muslimban', 'muslim', 'country', 'ban', 'trump', 'muslims', 'islam', 'america', 'terrorist', 'travel']",13,"['muslimban', 'muslim', 'country', 'ben_carson', 'islam']",2,"['travelban', 'maga', 'refugee', 'tcot', 'muslimban', 'islam', 'americafirst']","[3089155533, 704041886089084900, 823677081422688256]","ban,muslim,muslimban,trump,court,country,ben_carson,islam,muslims,america,terrorist,travel,travelban,maga,refugee,tcot,americafirst","ban,muslim,muslimban,trump,court,country,ben_carson,islam","muslimban,muslim,country,ban,trump,muslims,islam,america,terrorist,travel,travelban,maga,refugee,tcot,americafirst","{'US Travel Ban on Muslim-majority Countries': ['ban', 'muslim', 'muslimban', 'trump', 'court', 'country', 'islam', 'muslims', 'america', 'terrorist', 'travel', 'travelban', 'refugee'], 'Political and Social Reactions in America': ['ben_carson', 'maga', 'tcot', 'americafirst']}",US Travel Ban on Muslim-majority Countries.Political and Social Reactions in America,"{'US Travel Ban Controversy': 'ban, muslim, muslimban, trump, court, country, islam', 'Political Figures': 'trump, ben_carson'}",US Travel Ban Controversy.Political Figures,"{'US Immigration Policy': 'muslimban, country, ban, trump, travel, travelban, maga, america, americafirst', 'Religious and Ethnic Tensions': 'muslim, muslims, islam, terrorist', 'Political and Social Movements': 'refugee, tcot'}",US Immigration Policy.Religious and Ethnic Tensions.Political and Social Movements
19,6,"['ban', 'trump', 'travel', 'muslimban', 'muslim', 'lose', 'country', 'trumps', 'terror', 'terrorist']",18,0,"['ban', 'trump', 'muslimban', 'muslim', 'nobannowall', 'travel', 'refugee']",4,"['ban', 'trump', 'travel', 'muslimban', 'lose', 'muslim', 'terror_threat', 'trumps', 'country', 'exclude_country']",10,"['muslimban', 'trump', 'trumprussia', 'resist', 'ban', 'russiagate', 'theresistance', 'muslim', 'travel', 'april_speech', 'break', 'trumps', 'todays_hashtag', 'april']","[15155181, 22165261, 32298202, 152570227]","ban,trump,travel,muslimban,muslim,lose,country,trumps,terror,terrorist,terror_threat,exclude_country,nobannowall,refugee,trumprussia,resist,russiagate,theresistance,april_speech,break,todays_hashtag,april","ban,trump,travel,muslimban,muslim,lose,country,trumps,terror,terrorist,terror_threat,exclude_country","ban,trump,muslimban,muslim,nobannowall,travel,refugee,trumprussia,resist,russiagate,theresistance,april_speech,break,trumps,todays_hashtag,april","{'Travel Ban': ['ban', 'travel', 'muslimban', 'muslim', 'exclude_country', 'nobannowall', 'refugee'], 'Trump and Controversies': ['trump', 'trumps', 'trumprussia', 'russiagate', 'theresistance', 'resist'], 'Terrorism and Security': ['terror', 'terrorist', 'terror_threat'], 'Political Events and Reactions': ['lose', 'country', 'april_speech', 'break', 'todays_hashtag', 'april']}",Travel Ban.Trump and Controversies.Terrorism and Security.Political Events and Reactions,"{'Travel Ban': 'ban, travel, muslimban, exclude_country', 'Trump Administration': 'trump, trumps', 'National Security Concerns': 'terror, terrorist, terror_threat', 'Impact on Muslim Communities': 'muslim, lose, country'}",Travel Ban.Trump Administration.National Security Concerns.Impact on Muslim Communities,"{'US Travel Ban Controversy': ['ban', 'trump', 'muslimban', 'muslim', 'nobannowall', 'travel', 'refugee'], 'Trump-Russia Investigation': ['trumprussia', 'resist', 'russiagate', 'theresistance'], 'April Events and Discussions': ['april_speech', 'break', 'trumps', 'todays_hashtag', 'april']}",US Travel Ban Controversy.Trump-Russia Investigation.April Events and Discussions
20,3,"['ban', 'travel', 'trump', 'order', 'revise', 'judge', 'trumps', 'hawaii', 'president', 'block', 'immigration']",20,0,"['ban', 'trump', 'muslimban', 'muslim', 'nobannowall', 'travel', 'refugee']",9,"['muslimban', 'ban', 'muslim', 'trump', 'president']",12,"['muslimban', 'ban', 'muslim', 'nobannowall', 'trump', 'travelban', 'travel', 'judge_robart', 'executive_order', 'judge']","[420075825, 2799538857, 797080559839309800, 834520434318139400]","ban,travel,trump,order,revise,judge,trumps,hawaii,president,block,immigration,muslimban,muslim,nobannowall,refugee,travelban,judge_robart,executive_order","ban,travel,trump,order,revise,judge,trumps,hawaii,president,block,immigration,muslimban,muslim","ban,trump,muslimban,muslim,nobannowall,travel,refugee,travelban,judge_robart,executive_order,judge","{'US Immigration Policy Controversy': ['ban', 'travel', 'trump', 'order', 'revise', 'judge', 'trumps', 'hawaii', 'president', 'block', 'immigration', 'muslimban', 'muslim', 'nobannowall', 'refugee', 'travelban', 'judge_robart', 'executive_order']}",US Immigration Policy Controversy,"{'US Immigration Policy': ['ban', 'travel', 'trump', 'order', 'revise', 'judge', 'trumps', 'hawaii', 'president', 'block', 'immigration', 'muslimban', 'muslim']}",US Immigration Policy,"{'US Travel Ban Controversy': ['ban', 'trump', 'muslimban', 'muslim', 'nobannowall', 'travel', 'refugee', 'travelban', 'judge_robart', 'executive_order', 'judge']}",US Travel Ban Controversy
22,3,"['ban', 'travel', 'trump', 'order', 'revise', 'judge', 'trumps', 'hawaii', 'president', 'block', 'immigration']",22,14,"['ban', 'travel', 'trump', 'revise', 'order', 'judge', 'president', 'hawaii', 'trumps', 'block']",7,"['ban', 'travel', 'trump', 'executive_order', 'order', 'radio_live', 'revise', 'judge', 'federal_judge', 'hawaii', 'trumps', 'stock_money', 'block', 'president', 'immigration']",0,"['ban', 'travel', 'trump', 'executive_order', 'order', 'judge', 'revise', 'federal_judge', 'hawaii', 'president', 'trumps', 'block', 'immigration', 'sign']","[608471241, 2984330300, 775199416470818817]","ban,travel,trump,order,revise,judge,trumps,hawaii,president,block,immigration,executive_order,radio_live,federal_judge,stock_money,sign","ban,travel,trump,order,revise,judge,trumps,hawaii,president,block,immigration,executive_order,radio_live,federal_judge,stock_money","ban,travel,trump,revise,order,judge,president,hawaii,trumps,block,executive_order,federal_judge,immigration,sign","{'US Immigration Policy': ['ban', 'travel', 'trump', 'order', 'revise', 'judge', 'trumps', 'hawaii', 'president', 'block', 'immigration', 'executive_order', 'federal_judge', 'sign']}",US Immigration Policy,"{'US Immigration Policy': ['ban', 'travel', 'trump', 'order', 'revise', 'judge', 'trumps', 'hawaii', 'president', 'block', 'immigration', 'executive_order', 'federal_judge'], 'Media and Finance': ['radio_live', 'stock_money']}",US Immigration Policy.Media and Finance,"{'Travel Ban': 'ban, travel, trump, revise, order, judge, president, hawaii, trumps, block, executive_order, federal_judge, immigration, sign'}",Travel Ban
23,3,"['ban', 'travel', 'trump', 'order', 'revise', 'judge', 'trumps', 'hawaii', 'president', 'block', 'immigration']",95,14,"['ban', 'travel', 'trump', 'revise', 'order', 'judge', 'president', 'hawaii', 'trumps', 'block']",7,"['ban', 'travel', 'trump', 'executive_order', 'order', 'radio_live', 'revise', 'judge', 'federal_judge', 'hawaii', 'trumps', 'stock_money', 'block', 'president', 'immigration']",0,"['ban', 'travel', 'trump', 'executive_order', 'order', 'judge', 'revise', 'federal_judge', 'hawaii', 'president', 'trumps', 'block', 'immigration', 'sign']","[2785269257, 4717892303, 764322548754550784, 818589875851051008]","ban,travel,trump,order,revise,judge,trumps,hawaii,president,block,immigration,executive_order,radio_live,federal_judge,stock_money,sign","ban,travel,trump,order,revise,judge,trumps,hawaii,president,block,immigration,executive_order,radio_live,federal_judge,stock_money","ban,travel,trump,revise,order,judge,president,hawaii,trumps,block,executive_order,federal_judge,immigration,sign","{'US Immigration Policy': ['ban', 'travel', 'trump', 'order', 'revise', 'judge', 'trumps', 'hawaii', 'president', 'block', 'immigration', 'executive_order', 'federal_judge', 'sign']}",US Immigration Policy,"{'US Immigration Policy': ['ban', 'travel', 'trump', 'order', 'revise', 'judge', 'trumps', 'hawaii', 'president', 'block', 'immigration', 'executive_order', 'federal_judge'], 'Media and Finance': ['radio_live', 'stock_money']}",US Immigration Policy.Media and Finance,"{'Travel Ban': 'ban, travel, trump, revise, order, judge, president, hawaii, trumps, block, executive_order, federal_judge, immigration, sign'}",Travel Ban
24,3,"['ban', 'travel', 'trump', 'order', 'revise', 'judge', 'trumps', 'hawaii', 'president', 'block', 'immigration']",23,14,"['ban', 'travel', 'trump', 'revise', 'order', 'judge', 'president', 'hawaii', 'trumps', 'block']",7,"['ban', 'travel', 'trump', 'executive_order', 'order', 'radio_live', 'revise', 'judge', 'federal_judge', 'hawaii', 'trumps', 'stock_money', 'block', 'president', 'immigration']",0,"['ban', 'travel', 'trump', 'executive_order', 'order', 'judge', 'revise', 'federal_judge', 'hawaii', 'president', 'trumps', 'block', 'immigration', 'sign']","[68714859, 301692966, 1626294277, 2555055486]","ban,travel,trump,order,revise,judge,trumps,hawaii,president,block,immigration,executive_order,radio_live,federal_judge,stock_money,sign","ban,travel,trump,order,revise,judge,trumps,hawaii,president,block,immigration,executive_order,radio_live,federal_judge,stock_money","ban,travel,trump,revise,order,judge,president,hawaii,trumps,block,executive_order,federal_judge,immigration,sign","{'US Immigration Policy': ['ban', 'travel', 'trump', 'order', 'revise', 'judge', 'trumps', 'hawaii', 'president', 'block', 'immigration', 'executive_order', 'federal_judge', 'sign']}",US Immigration Policy,"{'US Immigration Policy': ['ban', 'travel', 'trump', 'order', 'revise', 'judge', 'trumps', 'hawaii', 'president', 'block', 'immigration', 'executive_order', 'federal_judge'], 'Media and Finance': ['radio_live', 'stock_money']}",US Immigration Policy.Media and Finance,"{'Travel Ban': 'ban, travel, trump, revise, order, judge, president, hawaii, trumps, block, executive_order, federal_judge, immigration, sign'}",Travel Ban
25,3,"['ban', 'travel', 'trump', 'order', 'revise', 'judge', 'trumps', 'hawaii', 'president', 'block', 'immigration']",24,0,"['ban', 'trump', 'muslimban', 'muslim', 'nobannowall', 'travel', 'refugee']",9,"['muslimban', 'ban', 'muslim', 'trump', 'president']",12,"['muslimban', 'ban', 'muslim', 'nobannowall', 'trump', 'travelban', 'travel', 'judge_robart', 'executive_order', 'judge']","[156370763, 368288476, 3045306697]","ban,travel,trump,order,revise,judge,trumps,hawaii,president,block,immigration,muslimban,muslim,nobannowall,refugee,travelban,judge_robart,executive_order","ban,travel,trump,order,revise,judge,trumps,hawaii,president,block,immigration,muslimban,muslim","ban,trump,muslimban,muslim,nobannowall,travel,refugee,travelban,judge_robart,executive_order,judge","{'US Immigration Policy Controversy': ['ban', 'travel', 'trump', 'order', 'revise', 'judge', 'trumps', 'hawaii', 'president', 'block', 'immigration', 'muslimban', 'muslim', 'nobannowall', 'refugee', 'travelban', 'judge_robart', 'executive_order']}",US Immigration Policy Controversy,"{'US Immigration Policy': ['ban', 'travel', 'trump', 'order', 'revise', 'judge', 'trumps', 'hawaii', 'president', 'block', 'immigration', 'muslimban', 'muslim']}",US Immigration Policy,"{'US Travel Ban Controversy': ['ban', 'trump', 'muslimban', 'muslim', 'nobannowall', 'travel', 'refugee', 'travelban', 'judge_robart', 'executive_order', 'judge']}",US Travel Ban Controversy
26,11,"['nobannowall', 'muslimban', 'bigotry', 'noban', 'riseup', 'remember', 'immigration', 'immigrant', 'stand']",25,0,"['ban', 'trump', 'muslimban', 'muslim', 'nobannowall', 'travel', 'refugee']",9,"['muslimban', 'ban', 'muslim', 'trump', 'president']",12,"['muslimban', 'ban', 'muslim', 'nobannowall', 'trump', 'travelban', 'travel', 'judge_robart', 'executive_order', 'judge']","[23113271, 26642006, 542367047, 2409763922]","nobannowall,muslimban,bigotry,noban,riseup,remember,immigration,immigrant,stand,ban,muslim,trump,president,travel,refugee,travelban,judge_robart,executive_order,judge","nobannowall,muslimban,bigotry,noban,riseup,remember,immigration,immigrant,stand,ban,muslim,trump,president","ban,trump,muslimban,muslim,nobannowall,travel,refugee,travelban,judge_robart,executive_order,judge","{'US Immigration Policy and Protests': 'nobannowall, muslimban, bigotry, noban, riseup, remember, immigration, immigrant, stand, ban, muslim, trump, president, travel, refugee, travelban, judge_robart, executive_order, judge'}",US Immigration Policy and Protests,"{'Immigration and Anti-Discrimination Protests': 'nobannowall, muslimban, bigotry, noban, riseup, remember, immigration, immigrant, stand, ban, muslim, trump, president'}",Immigration and Anti-Discrimination Protests,"{'US Travel Ban Controversy': ['ban', 'trump', 'muslimban', 'muslim', 'nobannowall', 'travel', 'refugee', 'travelban', 'judge_robart', 'executive_order', 'judge']}",US Travel Ban Controversy
27,3,"['ban', 'travel', 'trump', 'order', 'revise', 'judge', 'trumps', 'hawaii', 'president', 'block', 'immigration']",26,14,"['ban', 'travel', 'trump', 'revise', 'order', 'judge', 'president', 'hawaii', 'trumps', 'block']",7,"['ban', 'travel', 'trump', 'executive_order', 'order', 'radio_live', 'revise', 'judge', 'federal_judge', 'hawaii', 'trumps', 'stock_money', 'block', 'president', 'immigration']",0,"['ban', 'travel', 'trump', 'executive_order', 'order', 'judge', 'revise', 'federal_judge', 'hawaii', 'president', 'trumps', 'block', 'immigration', 'sign']","[1664919534, 2767680652, 3314524607]","ban,travel,trump,order,revise,judge,trumps,hawaii,president,block,immigration,executive_order,radio_live,federal_judge,stock_money,sign","ban,travel,trump,order,revise,judge,trumps,hawaii,president,block,immigration,executive_order,radio_live,federal_judge,stock_money","ban,travel,trump,revise,order,judge,president,hawaii,trumps,block,executive_order,federal_judge,immigration,sign","{'US Immigration Policy': 'ban, travel, trump, order, revise, judge, trumps, hawaii, president, block, immigration, executive_order, federal_judge, sign', 'Media Coverage': 'radio_live', 'Economic Impact': 'stock_money'}",US Immigration Policy.Media Coverage.Economic Impact,"{'US Immigration Policy': ['ban', 'travel', 'trump', 'order', 'revise', 'judge', 'trumps', 'hawaii', 'president', 'block', 'immigration', 'executive_order', 'federal_judge'], 'Media and Finance': ['radio_live', 'stock_money']}",US Immigration Policy.Media and Finance,"{'Travel Ban': 'ban, travel, trump, revise, order, judge, president, hawaii, trumps, block, executive_order, federal_judge, immigration, sign'}",Travel Ban
28,3,"['ban', 'travel', 'trump', 'order', 'revise', 'judge', 'trumps', 'hawaii', 'president', 'block', 'immigration']",27,0,"['ban', 'trump', 'muslimban', 'muslim', 'nobannowall', 'travel', 'refugee']",9,"['muslimban', 'ban', 'muslim', 'trump', 'president']",12,"['muslimban', 'ban', 'muslim', 'nobannowall', 'trump', 'travelban', 'travel', 'judge_robart', 'executive_order', 'judge']","[16272615, 62590731, 65698096]","ban,travel,trump,order,revise,judge,trumps,hawaii,president,block,immigration,muslimban,muslim,nobannowall,refugee,travelban,judge_robart,executive_order","ban,travel,trump,order,revise,judge,trumps,hawaii,president,block,immigration,muslimban,muslim","ban,trump,muslimban,muslim,nobannowall,travel,refugee,travelban,judge_robart,executive_order,judge","{'US Travel and Immigration Policy': ['ban', 'travel', 'trump', 'order', 'revise', 'judge', 'trumps', 'hawaii', 'president', 'block', 'immigration', 'muslimban', 'muslim', 'nobannowall', 'refugee', 'travelban', 'judge_robart', 'executive_order']}",US Travel and Immigration Policy,"{'US Immigration Policy': ['ban', 'travel', 'trump', 'order', 'revise', 'judge', 'trumps', 'hawaii', 'president', 'block', 'immigration', 'muslimban', 'muslim']}",US Immigration Policy,"{'US Travel Ban Controversy': ['ban', 'trump', 'muslimban', 'muslim', 'nobannowall', 'travel', 'refugee', 'travelban', 'judge_robart', 'executive_order', 'judge']}",US Travel Ban Controversy
29,3,"['ban', 'travel', 'trump', 'order', 'revise', 'judge', 'trumps', 'hawaii', 'president', 'block', 'immigration']",28,14,"['ban', 'travel', 'trump', 'revise', 'order', 'judge', 'president', 'hawaii', 'trumps', 'block']",5,"['ban', 'muslimban', 'travel', 'offend_sink', 'muslim', 'block', 'long_conservative', 'trump', 'offend', 'leave_americans', 'judge']",0,"['ban', 'travel', 'trump', 'executive_order', 'order', 'judge', 'revise', 'federal_judge', 'hawaii', 'president', 'trumps', 'block', 'immigration', 'sign']","[82616432, 308464109, 1268281370, 3318159007, 4865796322]","ban,travel,trump,order,revise,judge,trumps,hawaii,president,block,immigration,muslimban,offend_sink,muslim,long_conservative,offend,leave_americans,executive_order,federal_judge,sign","ban,travel,trump,order,revise,judge,trumps,hawaii,president,block,immigration,muslimban,offend_sink,muslim,long_conservative,offend,leave_americans","ban,travel,trump,revise,order,judge,president,hawaii,trumps,block,executive_order,federal_judge,immigration,sign","{'Travel Ban Controversy': 'ban, travel, trump, order, revise, judge, trumps, hawaii, president, block, immigration, muslimban, executive_order, federal_judge, sign'}",Travel Ban Controversy,"{'US Immigration Policy': 'ban, travel, trump, order, revise, judge, trumps, hawaii, president, block, immigration, muslimban, muslim, long_conservative, offend, leave_americans'}",US Immigration Policy,"{'Travel Ban': 'ban, travel, trump, revise, order, judge, president, hawaii, trumps, block, executive_order, federal_judge, immigration, sign'}",Travel Ban
30,3,"['ban', 'travel', 'trump', 'order', 'revise', 'judge', 'trumps', 'hawaii', 'president', 'block', 'immigration']",29,14,"['ban', 'travel', 'trump', 'revise', 'order', 'judge', 'president', 'hawaii', 'trumps', 'block']",7,"['ban', 'travel', 'trump', 'executive_order', 'order', 'radio_live', 'revise', 'judge', 'federal_judge', 'hawaii', 'trumps', 'stock_money', 'block', 'president', 'immigration']",0,"['ban', 'travel', 'trump', 'executive_order', 'order', 'judge', 'revise', 'federal_judge', 'hawaii', 'president', 'trumps', 'block', 'immigration', 'sign']","[14186393, 23153001, 64916983, 186755547, 3157736703]","ban,travel,trump,order,revise,judge,trumps,hawaii,president,block,immigration,executive_order,radio_live,federal_judge,stock_money,sign","ban,travel,trump,order,revise,judge,trumps,hawaii,president,block,immigration,executive_order,radio_live,federal_judge,stock_money","ban,travel,trump,revise,order,judge,president,hawaii,trumps,block,executive_order,federal_judge,immigration,sign","{'US Immigration Policy': ['ban', 'travel', 'trump', 'order', 'revise', 'judge', 'trumps', 'hawaii', 'president', 'block', 'immigration', 'executive_order', 'federal_judge', 'sign']}",US Immigration Policy,"{'US Immigration Policy': ['ban', 'travel', 'trump', 'order', 'revise', 'judge', 'trumps', 'hawaii', 'president', 'block', 'immigration', 'executive_order', 'federal_judge'], 'Media and Finance': ['radio_live', 'stock_money']}",US Immigration Policy.Media and Finance,"{'Travel Ban': 'ban, travel, trump, revise, order, judge, president, hawaii, trumps, block, executive_order, federal_judge, immigration, sign'}",Travel Ban
32,14,['live'],30,14,"['ban', 'travel', 'trump', 'revise', 'order', 'judge', 'president', 'hawaii', 'trumps', 'block']",7,"['ban', 'travel', 'trump', 'executive_order', 'order', 'radio_live', 'revise', 'judge', 'federal_judge', 'hawaii', 'trumps', 'stock_money', 'block', 'president', 'immigration']",11,"['radio_live', 'stock_money', 'trumptrain', 'blackoutday']","[35300390, 130603246, 171808199, 379463455, 385111201, 500277566, 537890847, 574887275, 1010209111, 3744898573, 4538687428, 711649894402928600, 714472739407532032, 715245592058978305, 715650656753688576, 716775488161710080, 724671839990067200, 728706495387422721, 732241200426557440, 733318875735973888, 738425324422107136, 740774691409924097, 748985476984369153, 750434863845478400, 752256988176871425, 759054028147859457, 766544893036507138, 776542522642268160, 788124385433546752, 789535816821379072, 793086509821734913, 794786565583212544, 819707795574497280, 823654220389826561, 838183916695609344]","live,ban,travel,trump,executive_order,order,radio_live,revise,judge,federal_judge,hawaii,trumps,stock_money,block,president,immigration,trumptrain,blackoutday","live,ban,travel,trump,executive_order,order,radio_live,revise,judge,federal_judge,hawaii,trumps,stock_money,block,president,immigration","ban,travel,trump,revise,order,judge,president,hawaii,trumps,block,radio_live,stock_money,trumptrain,blackoutday","{'US Immigration Policy': ['ban', 'travel', 'trump', 'executive_order', 'order', 'revise', 'judge', 'federal_judge', 'hawaii', 'trumps', 'block', 'president', 'immigration'], 'Media and Broadcasting': ['live', 'radio_live'], 'Economic Impact': ['stock_money'], 'Social Movements': ['trumptrain', 'blackoutday']}",US Immigration Policy.Media and Broadcasting.Economic Impact.Social Movements,"{'Theme 1': 'travel ban and immigration policy', 'Keywords': ['ban', 'travel', 'trump', 'executive_order', 'order', 'revise', 'judge', 'federal_judge', 'hawaii', 'trumps', 'block', 'president', 'immigration']}",Theme 1.Keywords,"{'Travel Ban Legal Challenges': 'ban, travel, trump, revise, order, judge, president, hawaii, trumps, block', 'Media and Public Reactions': 'radio_live, stock_money, trumptrain, blackoutday'}",Travel Ban Legal Challenges.Media and Public Reactions
33,8,"['refugeeswelcome', 'travelban', 'refugee', 'immigrant', 'stopislamofobia', 'immigration', 'woman', 'migrantenkriminalitat', 'nation', 'constitution']",31,8,"['uslatino', 'tntweeter', 'uniteblue', 'niunomas', 'latism', 'inmigracion', 'humanright', 'fight', 'travelban', 'islamistheproblem', 'extremist', 'religion']",9,"['muslimban', 'ban', 'muslim', 'trump', 'president']",12,"['muslimban', 'ban', 'muslim', 'nobannowall', 'trump', 'travelban', 'travel', 'judge_robart', 'executive_order', 'judge']","[321774180, 326208666, 345134536, 931346941, 3195553725, 3576933737, 768947079192412160]","refugeeswelcome,travelban,refugee,immigrant,stopislamofobia,immigration,woman,migrantenkriminalitat,nation,constitution,muslimban,ban,muslim,trump,president,uslatino,tntweeter,uniteblue,niunomas,latism,inmigracion,humanright,fight,islamistheproblem,extremist,religion,nobannowall,travel,judge_robart,executive_order,judge","refugeeswelcome,travelban,refugee,immigrant,stopislamofobia,immigration,woman,migrantenkriminalitat,nation,constitution,muslimban,ban,muslim,trump,president","uslatino,tntweeter,uniteblue,niunomas,latism,inmigracion,humanright,fight,travelban,islamistheproblem,extremist,religion,muslimban,ban,muslim,nobannowall,trump,travel,judge_robart,executive_order,judge","{'Immigration and Refugee Policies': ['refugeeswelcome', 'travelban', 'refugee', 'immigrant', 'immigration', 'muslimban', 'ban', 'muslim', 'trump', 'president', 'inmigracion', 'nobannowall', 'executive_order'], 'Anti-Islamophobia and Human Rights': ['stopislamofobia', 'humanright', 'islamistheproblem', 'extremist', 'religion'], 'Judicial and Legal Actions': ['judge_robart', 'judge', 'constitution'], 'Social and Political Movements': ['uslatino', 'tntweeter', 'uniteblue', 'niunomas', 'latism', 'fight'], 'Crime and National Security': ['migrantenkriminalitat', 'nation']}",Immigration and Refugee Policies.Anti-Islamophobia and Human Rights.Judicial and Legal Actions.Social and Political Movements.Crime and National Security,"{'Immigration and Refugee Policies': ['refugeeswelcome', 'travelban', 'refugee', 'immigrant', 'immigration', 'muslimban', 'ban', 'muslim'], 'Political Leadership and National Policies': ['trump', 'president', 'nation', 'constitution'], 'Social Issues and Discrimination': ['stopislamofobia', 'woman', 'migrantenkriminalitat']}",Immigration and Refugee Policies.Political Leadership and National Policies.Social Issues and Discrimination,"{'Latino and Immigration Advocacy': ['uslatino', 'latism', 'inmigracion', 'niunomas'], 'Social Media and Political Activism': ['tntweeter', 'uniteblue'], 'Human Rights and Anti-Discrimination': ['humanright', 'fight', 'nobannowall'], 'Travel Ban and Muslim Ban Controversy': ['travelban', 'islamistheproblem', 'extremist', 'religion', 'muslimban', 'ban', 'muslim', 'trump', 'travel', 'judge_robart', 'executive_order', 'judge']}",Latino and Immigration Advocacy.Social Media and Political Activism.Human Rights and Anti-Discrimination.Travel Ban and Muslim Ban Controversy
36,3,"['ban', 'travel', 'trump', 'order', 'revise', 'judge', 'trumps', 'hawaii', 'president', 'block', 'immigration']",33,14,"['ban', 'travel', 'trump', 'revise', 'order', 'judge', 'president', 'hawaii', 'trumps', 'block']",7,"['ban', 'travel', 'trump', 'executive_order', 'order', 'radio_live', 'revise', 'judge', 'federal_judge', 'hawaii', 'trumps', 'stock_money', 'block', 'president', 'immigration']",0,"['ban', 'travel', 'trump', 'executive_order', 'order', 'judge', 'revise', 'federal_judge', 'hawaii', 'president', 'trumps', 'block', 'immigration', 'sign']","[16302354, 18532867, 540459476, 960768704, 2283571788]","ban,travel,trump,order,revise,judge,trumps,hawaii,president,block,immigration,executive_order,radio_live,federal_judge,stock_money,sign","ban,travel,trump,order,revise,judge,trumps,hawaii,president,block,immigration,executive_order,radio_live,federal_judge,stock_money","ban,travel,trump,revise,order,judge,president,hawaii,trumps,block,executive_order,federal_judge,immigration,sign","{'US Immigration Policy': ['ban', 'travel', 'trump', 'order', 'revise', 'judge', 'trumps', 'hawaii', 'president', 'block', 'immigration', 'executive_order', 'federal_judge', 'sign']}",US Immigration Policy,"{'US Immigration Policy': ['ban', 'travel', 'trump', 'order', 'revise', 'judge', 'trumps', 'hawaii', 'president', 'block', 'immigration', 'executive_order', 'federal_judge'], 'Media and Finance': ['radio_live', 'stock_money']}",US Immigration Policy.Media and Finance,"{'Travel Ban': 'ban, travel, trump, revise, order, judge, president, hawaii, trumps, block, executive_order, federal_judge, immigration, sign'}",Travel Ban
38,2,"['ban', 'muslim', 'muslimban', 'trump', 'court']",97,0,"['ban', 'trump', 'muslimban', 'muslim', 'nobannowall', 'travel', 'refugee']",9,"['muslimban', 'ban', 'muslim', 'trump', 'president']",12,"['muslimban', 'ban', 'muslim', 'nobannowall', 'trump', 'travelban', 'travel', 'judge_robart', 'executive_order', 'judge']","[90989948, 2613982245, 752325773390938100, 752325773390938112, 832991683876892672, 832991683876892700]","ban,muslim,muslimban,trump,court,president,nobannowall,travel,refugee,travelban,judge_robart,executive_order,judge","ban,muslim,muslimban,trump,court,president","ban,trump,muslimban,muslim,nobannowall,travel,refugee,travelban,judge_robart,executive_order,judge","{'US Travel Ban Controversy': 'ban, muslim, muslimban, trump, court, president, nobannowall, travel, refugee, travelban, judge_robart, executive_order, judge'}",US Travel Ban Controversy,"{'Travel Ban Controversy': 'ban, muslim, muslimban, trump, court, president'}",Travel Ban Controversy,"{'US Travel Ban Controversy': ['ban', 'trump', 'muslimban', 'muslim', 'nobannowall', 'travel', 'refugee', 'travelban', 'judge_robart', 'executive_order', 'judge']}",US Travel Ban Controversy
39,3,"['ban', 'travel', 'trump', 'order', 'revise', 'judge', 'trumps', 'hawaii', 'president', 'block', 'immigration']",34,14,"['ban', 'travel', 'trump', 'revise', 'order', 'judge', 'president', 'hawaii', 'trumps', 'block']",7,"['ban', 'travel', 'trump', 'executive_order', 'order', 'radio_live', 'revise', 'judge', 'federal_judge', 'hawaii', 'trumps', 'stock_money', 'block', 'president', 'immigration']",0,"['ban', 'travel', 'trump', 'executive_order', 'order', 'judge', 'revise', 'federal_judge', 'hawaii', 'president', 'trumps', 'block', 'immigration', 'sign']","[2197106143, 2347049341, 2918947319, 4099926287]","ban,travel,trump,order,revise,judge,trumps,hawaii,president,block,immigration,executive_order,radio_live,federal_judge,stock_money,sign","ban,travel,trump,order,revise,judge,trumps,hawaii,president,block,immigration,executive_order,radio_live,federal_judge,stock_money","ban,travel,trump,revise,order,judge,president,hawaii,trumps,block,executive_order,federal_judge,immigration,sign","{'US Immigration Policy': ['ban', 'travel', 'trump', 'order', 'revise', 'judge', 'trumps', 'hawaii', 'president', 'block', 'immigration', 'executive_order', 'federal_judge', 'sign']}",US Immigration Policy,"{'US Immigration Policy': ['ban', 'travel', 'trump', 'order', 'revise', 'judge', 'trumps', 'hawaii', 'president', 'block', 'immigration', 'executive_order', 'federal_judge'], 'Media and Finance': ['radio_live', 'stock_money']}",US Immigration Policy.Media and Finance,"{'Travel Ban': 'ban, travel, trump, revise, order, judge, president, hawaii, trumps, block, executive_order, federal_judge, immigration, sign'}",Travel Ban
41,2,"['ban', 'muslim', 'muslimban', 'trump', 'court']",36,0,"['ban', 'trump', 'muslimban', 'muslim', 'nobannowall', 'travel', 'refugee']",9,"['muslimban', 'ban', 'muslim', 'trump', 'president']",10,"['muslimban', 'trump', 'trumprussia', 'resist', 'ban', 'russiagate', 'theresistance', 'muslim', 'travel', 'april_speech', 'break', 'trumps', 'todays_hashtag', 'april']","[814322577497726976, 814322577497727000, 826201524074278913]","ban,muslim,muslimban,trump,court,president,nobannowall,travel,refugee,trumprussia,resist,russiagate,theresistance,april_speech,break,trumps,todays_hashtag,april","ban,muslim,muslimban,trump,court,president","ban,trump,muslimban,muslim,nobannowall,travel,refugee,trumprussia,resist,russiagate,theresistance,april_speech,break,trumps,todays_hashtag,april","{'Travel Ban Controversy': ['ban', 'muslim', 'muslimban', 'trump', 'court', 'president', 'nobannowall', 'travel', 'refugee'], 'Trump and Russia Investigation': ['trumprussia', 'russiagate', 'theresistance', 'resist'], 'April Speech and Hashtags': ['april_speech', 'break', 'trumps', 'todays_hashtag', 'april']}",Travel Ban Controversy.Trump and Russia Investigation.April Speech and Hashtags,"{'Travel Ban Controversy': 'ban, muslim, muslimban, trump, court, president'}",Travel Ban Controversy,"{'US Travel Ban Controversy': ['ban', 'trump', 'muslimban', 'muslim', 'nobannowall', 'travel', 'refugee'], 'Trump-Russia Investigation': ['trumprussia', 'resist', 'russiagate', 'theresistance'], 'April Events and Discussions': ['april_speech', 'break', 'trumps', 'todays_hashtag', 'april']}",US Travel Ban Controversy.Trump-Russia Investigation.April Events and Discussions
42,3,"['ban', 'travel', 'trump', 'order', 'revise', 'judge', 'trumps', 'hawaii', 'president', 'block', 'immigration']",37,0,"['ban', 'trump', 'muslimban', 'muslim', 'nobannowall', 'travel', 'refugee']",9,"['muslimban', 'ban', 'muslim', 'trump', 'president']",12,"['muslimban', 'ban', 'muslim', 'nobannowall', 'trump', 'travelban', 'travel', 'judge_robart', 'executive_order', 'judge']","[8535242, 22657082, 89985399, 420053339, 905100619, 2163076560, 2720800274, 4182801496, 822408697213239296, 825830874180640769]","ban,travel,trump,order,revise,judge,trumps,hawaii,president,block,immigration,muslimban,muslim,nobannowall,refugee,travelban,judge_robart,executive_order","ban,travel,trump,order,revise,judge,trumps,hawaii,president,block,immigration,muslimban,muslim","ban,trump,muslimban,muslim,nobannowall,travel,refugee,travelban,judge_robart,executive_order,judge","{'US Travel and Immigration Policy': ['ban', 'travel', 'trump', 'order', 'revise', 'judge', 'trumps', 'hawaii', 'president', 'block', 'immigration', 'muslimban', 'muslim', 'nobannowall', 'refugee', 'travelban', 'judge_robart', 'executive_order']}",US Travel and Immigration Policy,"{'US Immigration Policy': ['ban', 'travel', 'trump', 'order', 'revise', 'judge', 'trumps', 'hawaii', 'president', 'block', 'immigration', 'muslimban', 'muslim']}",US Immigration Policy,"{'US Travel Ban Controversy': ['ban', 'trump', 'muslimban', 'muslim', 'nobannowall', 'travel', 'refugee', 'travelban', 'judge_robart', 'executive_order', 'judge']}",US Travel Ban Controversy
44,8,"['refugeeswelcome', 'travelban', 'refugee', 'immigrant', 'stopislamofobia', 'immigration', 'woman', 'migrantenkriminalitat', 'nation', 'constitution']",39,6,"['refugeeswelcome', 'stopislamofobia', 'migrantenkriminalitat', 'prouracisme']",8,"['travelban', 'refugeeswelcome', 'maga', 'refugee', 'muslimban', 'islam', 'trump', 'enter_country', 'pvv', 'country', 'tcot', 'stopislamofobia', 'bordersclose']",5,"['refugeeswelcome', 'stopislamofobia', 'migrantenkriminalitat', 'stopislamofobia_refugeeswelcome', 'prouracisme']","[2746361571, 2883994199, 4888083347, 805855366546329601]","refugeeswelcome,travelban,refugee,immigrant,stopislamofobia,immigration,woman,migrantenkriminalitat,nation,constitution,maga,muslimban,islam,trump,enter_country,pvv,country,tcot,bordersclose,prouracisme,stopislamofobia_refugeeswelcome","refugeeswelcome,travelban,refugee,immigrant,stopislamofobia,immigration,woman,migrantenkriminalitat,nation,constitution,maga,muslimban,islam,trump,enter_country,pvv,country,tcot,bordersclose","refugeeswelcome,stopislamofobia,migrantenkriminalitat,prouracisme,stopislamofobia_refugeeswelcome","{'Immigration and Refugee Policies': ['refugeeswelcome', 'travelban', 'refugee', 'immigrant', 'immigration', 'muslimban', 'enter_country', 'bordersclose', 'stopislamofobia_refugeeswelcome'], 'Nationalism and Political Movements': ['nation', 'constitution', 'maga', 'trump', 'pvv', 'tcot', 'country'], 'Islamophobia and Racism': ['stopislamofobia', 'islam', 'prouracisme', 'migrantenkriminalitat']}",Immigration and Refugee Policies.Nationalism and Political Movements.Islamophobia and Racism,"{'Immigration and Refugee Policies': 'refugeeswelcome, travelban, refugee, immigrant, immigration, muslimban, enter_country, bordersclose', 'Anti-Islam Sentiment and Islamophobia': 'stopislamofobia, islam, muslimban', 'Nationalism and Political Movements': 'nation, constitution, maga, trump, pvv, tcot', 'Gender and Migration': 'woman, migrantenkriminalitat'}",Immigration and Refugee Policies.Anti-Islam Sentiment and Islamophobia.Nationalism and Political Movements.Gender and Migration,"{'Anti-Islamophobia and Refugee Support': 'refugeeswelcome, stopislamofobia, stopislamofobia_refugeeswelcome', 'Racism and Migration Issues': 'migrantenkriminalitat, prouracisme'}",Anti-Islamophobia and Refugee Support.Racism and Migration Issues
45,3,"['ban', 'travel', 'trump', 'order', 'revise', 'judge', 'trumps', 'hawaii', 'president', 'block', 'immigration']",40,0,"['ban', 'trump', 'muslimban', 'muslim', 'nobannowall', 'travel', 'refugee']",7,"['ban', 'travel', 'trump', 'executive_order', 'order', 'radio_live', 'revise', 'judge', 'federal_judge', 'hawaii', 'trumps', 'stock_money', 'block', 'president', 'immigration']",0,"['ban', 'travel', 'trump', 'executive_order', 'order', 'judge', 'revise', 'federal_judge', 'hawaii', 'president', 'trumps', 'block', 'immigration', 'sign']","[16012783, 118245138, 3380966237]","ban,travel,trump,order,revise,judge,trumps,hawaii,president,block,immigration,executive_order,radio_live,federal_judge,stock_money,muslimban,muslim,nobannowall,refugee,sign","ban,travel,trump,order,revise,judge,trumps,hawaii,president,block,immigration,executive_order,radio_live,federal_judge,stock_money","ban,trump,muslimban,muslim,nobannowall,travel,refugee,executive_order,order,judge,revise,federal_judge,hawaii,president,trumps,block,immigration,sign","{'US Immigration Policy': 'ban, travel, trump, order, revise, judge, trumps, hawaii, president, block, immigration, executive_order, federal_judge, muslimban, muslim, nobannowall, refugee, sign'}",US Immigration Policy,"{'US Immigration Policy': ['ban', 'travel', 'trump', 'order', 'revise', 'judge', 'trumps', 'hawaii', 'president', 'block', 'immigration', 'executive_order', 'federal_judge'], 'Media and Finance': ['radio_live', 'stock_money']}",US Immigration Policy.Media and Finance,"{'US Immigration Policy Controversy': ['ban', 'trump', 'muslimban', 'muslim', 'nobannowall', 'travel', 'refugee', 'executive_order', 'order', 'judge', 'revise', 'federal_judge', 'hawaii', 'president', 'trumps', 'block', 'immigration', 'sign']}",US Immigration Policy Controversy
46,3,"['ban', 'travel', 'trump', 'order', 'revise', 'judge', 'trumps', 'hawaii', 'president', 'block', 'immigration']",41,14,"['ban', 'travel', 'trump', 'revise', 'order', 'judge', 'president', 'hawaii', 'trumps', 'block']",7,"['ban', 'travel', 'trump', 'executive_order', 'order', 'radio_live', 'revise', 'judge', 'federal_judge', 'hawaii', 'trumps', 'stock_money', 'block', 'president', 'immigration']",0,"['ban', 'travel', 'trump', 'executive_order', 'order', 'judge', 'revise', 'federal_judge', 'hawaii', 'president', 'trumps', 'block', 'immigration', 'sign']","[171632862, 299097281, 797097069781667840]","ban,travel,trump,order,revise,judge,trumps,hawaii,president,block,immigration,executive_order,radio_live,federal_judge,stock_money,sign","ban,travel,trump,order,revise,judge,trumps,hawaii,president,block,immigration,executive_order,radio_live,federal_judge,stock_money","ban,travel,trump,revise,order,judge,president,hawaii,trumps,block,executive_order,federal_judge,immigration,sign","{'US Immigration Policy': ['ban', 'travel', 'trump', 'order', 'revise', 'judge', 'trumps', 'hawaii', 'president', 'block', 'immigration', 'executive_order', 'federal_judge', 'sign']}",US Immigration Policy,"{'US Immigration Policy': ['ban', 'travel', 'trump', 'order', 'revise', 'judge', 'trumps', 'hawaii', 'president', 'block', 'immigration', 'executive_order', 'federal_judge'], 'Media and Finance': ['radio_live', 'stock_money']}",US Immigration Policy.Media and Finance,"{'Travel Ban': 'ban, travel, trump, revise, order, judge, president, hawaii, trumps, block, executive_order, federal_judge, immigration, sign'}",Travel Ban
47,3,"['ban', 'travel', 'trump', 'order', 'revise', 'judge', 'trumps', 'hawaii', 'president', 'block', 'immigration']",43,14,"['ban', 'travel', 'trump', 'revise', 'order', 'judge', 'president', 'hawaii', 'trumps', 'block']",7,"['ban', 'travel', 'trump', 'executive_order', 'order', 'radio_live', 'revise', 'judge', 'federal_judge', 'hawaii', 'trumps', 'stock_money', 'block', 'president', 'immigration']",0,"['ban', 'travel', 'trump', 'executive_order', 'order', 'judge', 'revise', 'federal_judge', 'hawaii', 'president', 'trumps', 'block', 'immigration', 'sign']","[863001163, 870872898, 870876488, 870881976, 870882342, 870886394, 870886453, 870892134, 870903090, 870906686, 870907736, 896433678, 915468734, 915722492, 915807342, 915812143, 916004004, 916051280, 916342638, 916490078, 929528022, 951795330, 951798776, 953096516, 1092968340, 1094795100, 784263169996836900]","ban,travel,trump,order,revise,judge,trumps,hawaii,president,block,immigration,executive_order,radio_live,federal_judge,stock_money,sign","ban,travel,trump,order,revise,judge,trumps,hawaii,president,block,immigration,executive_order,radio_live,federal_judge,stock_money","ban,travel,trump,revise,order,judge,president,hawaii,trumps,block,executive_order,federal_judge,immigration,sign","{'US Immigration Policy': ['ban', 'travel', 'trump', 'order', 'revise', 'judge', 'trumps', 'hawaii', 'president', 'block', 'immigration', 'executive_order', 'federal_judge', 'sign']}",US Immigration Policy,"{'US Immigration Policy': ['ban', 'travel', 'trump', 'order', 'revise', 'judge', 'trumps', 'hawaii', 'president', 'block', 'immigration', 'executive_order', 'federal_judge'], 'Media and Finance': ['radio_live', 'stock_money']}",US Immigration Policy.Media and Finance,"{'Travel Ban': 'ban, travel, trump, revise, order, judge, president, hawaii, trumps, block, executive_order, federal_judge, immigration, sign'}",Travel Ban
48,3,"['ban', 'travel', 'trump', 'order', 'revise', 'judge', 'trumps', 'hawaii', 'president', 'block', 'immigration']",44,14,"['ban', 'travel', 'trump', 'revise', 'order', 'judge', 'president', 'hawaii', 'trumps', 'block']",7,"['ban', 'travel', 'trump', 'executive_order', 'order', 'radio_live', 'revise', 'judge', 'federal_judge', 'hawaii', 'trumps', 'stock_money', 'block', 'president', 'immigration']",0,"['ban', 'travel', 'trump', 'executive_order', 'order', 'judge', 'revise', 'federal_judge', 'hawaii', 'president', 'trumps', 'block', 'immigration', 'sign']","[234141596, 423587395, 2483809903]","ban,travel,trump,order,revise,judge,trumps,hawaii,president,block,immigration,executive_order,radio_live,federal_judge,stock_money,sign","ban,travel,trump,order,revise,judge,trumps,hawaii,president,block,immigration,executive_order,radio_live,federal_judge,stock_money","ban,travel,trump,revise,order,judge,president,hawaii,trumps,block,executive_order,federal_judge,immigration,sign","{'US Immigration Policy': ['ban', 'travel', 'trump', 'order', 'revise', 'judge', 'trumps', 'hawaii', 'president', 'block', 'immigration', 'executive_order', 'federal_judge', 'sign']}",US Immigration Policy,"{'US Immigration Policy': ['ban', 'travel', 'trump', 'order', 'revise', 'judge', 'trumps', 'hawaii', 'president', 'block', 'immigration', 'executive_order', 'federal_judge'], 'Media and Finance': ['radio_live', 'stock_money']}",US Immigration Policy.Media and Finance,"{'Travel Ban': 'ban, travel, trump, revise, order, judge, president, hawaii, trumps, block, executive_order, federal_judge, immigration, sign'}",Travel Ban
49,0,"['muslimban', 'muslim', 'country', 'islam', 'refugee']",45,2,"['muslimban', 'muslim', 'country', 'ban', 'trump', 'muslims', 'islam', 'america', 'terrorist', 'travel']",9,"['muslimban', 'ban', 'muslim', 'trump', 'president']",12,"['muslimban', 'ban', 'muslim', 'nobannowall', 'trump', 'travelban', 'travel', 'judge_robart', 'executive_order', 'judge']","[80350908, 120995738, 962383824, 2155847459, 3082370998, 809457976817881088]","muslimban,muslim,country,islam,refugee,ban,trump,president,muslims,america,terrorist,travel,nobannowall,travelban,judge_robart,executive_order,judge","muslimban,muslim,country,islam,refugee,ban,trump,president","muslimban,muslim,country,ban,trump,muslims,islam,america,terrorist,travel,nobannowall,travelban,judge_robart,executive_order,judge","{'US Travel Ban on Muslim-majority Countries': 'muslimban, muslim, country, islam, refugee, ban, trump, president, muslims, america, terrorist, travel, nobannowall, travelban, judge_robart, executive_order, judge'}",US Travel Ban on Muslim-majority Countries,"{'US Immigration Policy': 'muslimban, muslim, country, islam, refugee, ban, trump, president'}",US Immigration Policy,"{'US Travel Ban on Muslim-majority Countries': 'muslimban, muslim, country, ban, trump, muslims, islam, america, travel, travelban, executive_order', 'Legal Challenges to the Travel Ban': 'judge_robart, judge, nobannowall', 'National Security and Terrorism Concerns': 'terrorist'}",US Travel Ban on Muslim-majority Countries.Legal Challenges to the Travel Ban.National Security and Terrorism Concerns
50,11,"['nobannowall', 'muslimban', 'bigotry', 'noban', 'riseup', 'remember', 'immigration', 'immigrant', 'stand']",47,13,"['muslimban', 'trump', 'resist', 'trumprussia', 'ban', 'russiagate', 'theresistance', 'muslim', 'travel', 'break', 'trumps', 'april']",9,"['muslimban', 'ban', 'muslim', 'trump', 'president']",10,"['muslimban', 'trump', 'trumprussia', 'resist', 'ban', 'russiagate', 'theresistance', 'muslim', 'travel', 'april_speech', 'break', 'trumps', 'todays_hashtag', 'april']","[18020589, 21906070, 341815160, 2194368678]","nobannowall,muslimban,bigotry,noban,riseup,remember,immigration,immigrant,stand,ban,muslim,trump,president,resist,trumprussia,russiagate,theresistance,travel,break,trumps,april,april_speech,todays_hashtag","nobannowall,muslimban,bigotry,noban,riseup,remember,immigration,immigrant,stand,ban,muslim,trump,president","muslimban,trump,resist,trumprussia,ban,russiagate,theresistance,muslim,travel,break,trumps,april,april_speech,todays_hashtag","{'Immigration and Resistance': ['nobannowall', 'muslimban', 'bigotry', 'noban', 'riseup', 'remember', 'immigration', 'immigrant', 'stand', 'ban', 'muslim', 'trump', 'president', 'resist', 'theresistance', 'travel', 'break', 'trumps', 'april', 'april_speech', 'todays_hashtag'], 'Trump and Russia Investigation': ['trumprussia', 'russiagate']}",Immigration and Resistance.Trump and Russia Investigation,"{'Immigration and Anti-Discrimination Protests': 'nobannowall, muslimban, bigotry, noban, riseup, remember, immigration, immigrant, stand, ban, muslim, trump, president'}",Immigration and Anti-Discrimination Protests,"{'Political Resistance': ['resist', 'theresistance', 'todays_hashtag'], 'Trump Administration Controversies': ['trump', 'trumprussia', 'russiagate', 'trumps', 'april_speech'], 'Travel and Immigration Policies': ['muslimban', 'ban', 'muslim', 'travel', 'break']}",Political Resistance.Trump Administration Controversies.Travel and Immigration Policies
52,3,"['ban', 'travel', 'trump', 'order', 'revise', 'judge', 'trumps', 'hawaii', 'president', 'block', 'immigration']",50,14,"['ban', 'travel', 'trump', 'revise', 'order', 'judge', 'president', 'hawaii', 'trumps', 'block']",7,"['ban', 'travel', 'trump', 'executive_order', 'order', 'radio_live', 'revise', 'judge', 'federal_judge', 'hawaii', 'trumps', 'stock_money', 'block', 'president', 'immigration']",0,"['ban', 'travel', 'trump', 'executive_order', 'order', 'judge', 'revise', 'federal_judge', 'hawaii', 'president', 'trumps', 'block', 'immigration', 'sign']","[16387036, 31127446, 2181188602, 4922951833]","ban,travel,trump,order,revise,judge,trumps,hawaii,president,block,immigration,executive_order,radio_live,federal_judge,stock_money,sign","ban,travel,trump,order,revise,judge,trumps,hawaii,president,block,immigration,executive_order,radio_live,federal_judge,stock_money","ban,travel,trump,revise,order,judge,president,hawaii,trumps,block,executive_order,federal_judge,immigration,sign","{'US Immigration Policy': ['ban', 'travel', 'trump', 'order', 'revise', 'judge', 'trumps', 'hawaii', 'president', 'block', 'immigration', 'executive_order', 'federal_judge', 'sign']}",US Immigration Policy,"{'US Immigration Policy': ['ban', 'travel', 'trump', 'order', 'revise', 'judge', 'trumps', 'hawaii', 'president', 'block', 'immigration', 'executive_order', 'federal_judge'], 'Media and Finance': ['radio_live', 'stock_money']}",US Immigration Policy.Media and Finance,"{'Travel Ban': 'ban, travel, trump, revise, order, judge, president, hawaii, trumps, block, executive_order, federal_judge, immigration, sign'}",Travel Ban
54,5,"['maga', 'travelban', 'trump', 'lgbt', 'islam', 'muslimban', 'tcot', 'marinelepen', 'judge', 'vote', 'read', 'france', 'americafirst']",54,0,"['ban', 'trump', 'muslimban', 'muslim', 'nobannowall', 'travel', 'refugee']",8,"['travelban', 'refugeeswelcome', 'maga', 'refugee', 'muslimban', 'islam', 'trump', 'enter_country', 'pvv', 'country', 'tcot', 'stopislamofobia', 'bordersclose']",12,"['muslimban', 'ban', 'muslim', 'nobannowall', 'trump', 'travelban', 'travel', 'judge_robart', 'executive_order', 'judge']","[475056290, 1453418317, 758497054419259393]","maga,travelban,trump,lgbt,islam,muslimban,tcot,marinelepen,judge,vote,read,france,americafirst,refugeeswelcome,refugee,enter_country,pvv,country,stopislamofobia,bordersclose,ban,muslim,nobannowall,travel,judge_robart,executive_order","maga,travelban,trump,lgbt,islam,muslimban,tcot,marinelepen,judge,vote,read,france,americafirst,refugeeswelcome,refugee,enter_country,pvv,country,stopislamofobia,bordersclose","ban,trump,muslimban,muslim,nobannowall,travel,refugee,travelban,judge_robart,executive_order,judge","{'US Politics and Immigration Policies': ['maga', 'travelban', 'trump', 'muslimban', 'americafirst', 'refugeeswelcome', 'refugee', 'enter_country', 'bordersclose', 'ban', 'nobannowall', 'travel', 'executive_order'], 'LGBT and Islam': ['lgbt', 'islam', 'stopislamofobia', 'muslim'], 'International Politics and Leaders': ['marinelepen', 'france', 'pvv'], 'Judicial Actions and Decisions': ['judge', 'judge_robart', 'vote', 'read', 'tcot']}",US Politics and Immigration Policies.LGBT and Islam.International Politics and Leaders.Judicial Actions and Decisions,"{'US Politics and Immigration': ['maga', 'travelban', 'trump', 'muslimban', 'americafirst', 'refugeeswelcome', 'refugee', 'enter_country', 'bordersclose'], 'LGBT and Islam': ['lgbt', 'islam', 'stopislamofobia'], 'European Politics': ['marinelepen', 'france', 'pvv'], 'Judiciary and Voting': ['judge', 'vote'], 'Conservative Online Community': ['tcot', 'country', 'read']}",US Politics and Immigration.LGBT and Islam.European Politics.Judiciary and Voting.Conservative Online Community,"{'US Travel Ban Controversy': ['ban', 'trump', 'muslimban', 'muslim', 'nobannowall', 'travel', 'refugee', 'travelban', 'judge_robart', 'executive_order', 'judge']}",US Travel Ban Controversy
55,13,"['muslimban', 'pvv', 'bordersclose', 'geertwilders', 'stempvv', 'nexit', 'attention', 'mega', 'bluehand', 'prevail', 'afd', 'stopislam', 'survive']",55,8,"['uslatino', 'tntweeter', 'uniteblue', 'niunomas', 'latism', 'inmigracion', 'humanright', 'fight', 'travelban', 'islamistheproblem', 'extremist', 'religion']",13,"['muslimban', 'muslim', 'country', 'ben_carson', 'islam']",2,"['travelban', 'maga', 'refugee', 'tcot', 'muslimban', 'islam', 'americafirst']","[1027972254, 2980186012, 812528552188854273, 845488340686139392, 845488340686139400]","muslimban,pvv,bordersclose,geertwilders,stempvv,nexit,attention,mega,bluehand,prevail,afd,stopislam,survive,muslim,country,ben_carson,islam,uslatino,tntweeter,uniteblue,niunomas,latism,inmigracion,humanright,fight,travelban,islamistheproblem,extremist,religion,maga,refugee,tcot,americafirst","muslimban,pvv,bordersclose,geertwilders,stempvv,nexit,attention,mega,bluehand,prevail,afd,stopislam,survive,muslim,country,ben_carson,islam","uslatino,tntweeter,uniteblue,niunomas,latism,inmigracion,humanright,fight,travelban,islamistheproblem,extremist,religion,maga,refugee,tcot,muslimban,islam,americafirst","{'Anti-Islam Sentiment': ['muslimban', 'stopislam', 'islamistheproblem', 'extremist', 'islam', 'muslim'], 'Right-Wing Populism and Nationalism': ['pvv', 'geertwilders', 'stempvv', 'nexit', 'afd', 'maga', 'americafirst', 'bordersclose'], 'Immigration and Refugee Issues': ['refugee', 'travelban', 'inmigracion', 'humanright'], 'Political Figures and Movements': ['ben_carson', 'geertwilders', 'pvv'], 'Social Media and Activism': ['attention', 'mega', 'bluehand', 'prevail', 'survive', 'tntweeter', 'uniteblue', 'niunomas', 'latism', 'tcot']}",Anti-Islam Sentiment.Right-Wing Populism and Nationalism.Immigration and Refugee Issues.Political Figures and Movements.Social Media and Activism,"{'Anti-Islam Sentiment and Political Movements': ['muslimban', 'pvv', 'bordersclose', 'geertwilders', 'stempvv', 'nexit', 'attention', 'mega', 'bluehand', 'prevail', 'afd', 'stopislam', 'survive', 'muslim', 'country', 'ben_carson', 'islam']}",Anti-Islam Sentiment and Political Movements,"{'Latino and Immigration Advocacy': ['uslatino', 'latism', 'inmigracion', 'humanright', 'niunomas'], 'Political and Social Media Movements': ['tntweeter', 'uniteblue'], 'Anti-Islam Sentiment and Policies': ['travelban', 'islamistheproblem', 'extremist', 'religion', 'maga', 'refugee', 'tcot', 'muslimban', 'islam', 'americafirst', 'fight']}",Latino and Immigration Advocacy.Political and Social Media Movements.Anti-Islam Sentiment and Policies
56,3,"['ban', 'travel', 'trump', 'order', 'revise', 'judge', 'trumps', 'hawaii', 'president', 'block', 'immigration']",56,14,"['ban', 'travel', 'trump', 'revise', 'order', 'judge', 'president', 'hawaii', 'trumps', 'block']",7,"['ban', 'travel', 'trump', 'executive_order', 'order', 'radio_live', 'revise', 'judge', 'federal_judge', 'hawaii', 'trumps', 'stock_money', 'block', 'president', 'immigration']",0,"['ban', 'travel', 'trump', 'executive_order', 'order', 'judge', 'revise', 'federal_judge', 'hawaii', 'president', 'trumps', 'block', 'immigration', 'sign']","[14671170, 306269725, 610200550]","ban,travel,trump,order,revise,judge,trumps,hawaii,president,block,immigration,executive_order,radio_live,federal_judge,stock_money,sign","ban,travel,trump,order,revise,judge,trumps,hawaii,president,block,immigration,executive_order,radio_live,federal_judge,stock_money","ban,travel,trump,revise,order,judge,president,hawaii,trumps,block,executive_order,federal_judge,immigration,sign","{'US Immigration Policy': ['ban', 'travel', 'trump', 'order', 'revise', 'judge', 'trumps', 'hawaii', 'president', 'block', 'immigration', 'executive_order', 'federal_judge', 'sign']}",US Immigration Policy,"{'US Immigration Policy': ['ban', 'travel', 'trump', 'order', 'revise', 'judge', 'trumps', 'hawaii', 'president', 'block', 'immigration', 'executive_order', 'federal_judge'], 'Media and Finance': ['radio_live', 'stock_money']}",US Immigration Policy.Media and Finance,"{'Travel Ban': 'ban, travel, trump, revise, order, judge, president, hawaii, trumps, block, executive_order, federal_judge, immigration, sign'}",Travel Ban
57,3,"['ban', 'travel', 'trump', 'order', 'revise', 'judge', 'trumps', 'hawaii', 'president', 'block', 'immigration']",58,14,"['ban', 'travel', 'trump', 'revise', 'order', 'judge', 'president', 'hawaii', 'trumps', 'block']",7,"['ban', 'travel', 'trump', 'executive_order', 'order', 'radio_live', 'revise', 'judge', 'federal_judge', 'hawaii', 'trumps', 'stock_money', 'block', 'president', 'immigration']",0,"['ban', 'travel', 'trump', 'executive_order', 'order', 'judge', 'revise', 'federal_judge', 'hawaii', 'president', 'trumps', 'block', 'immigration', 'sign']","[3518486666, 3949851501, 734168909553766405]","ban,travel,trump,order,revise,judge,trumps,hawaii,president,block,immigration,executive_order,radio_live,federal_judge,stock_money,sign","ban,travel,trump,order,revise,judge,trumps,hawaii,president,block,immigration,executive_order,radio_live,federal_judge,stock_money","ban,travel,trump,revise,order,judge,president,hawaii,trumps,block,executive_order,federal_judge,immigration,sign","{'Theme: US Immigration Policy and Legal Challenges': 'ban, travel, trump, order, revise, judge, trumps, hawaii, president, block, immigration, executive_order, federal_judge, sign'}",Theme: US Immigration Policy and Legal Challenges,"{'US Immigration Policy': ['ban', 'travel', 'trump', 'order', 'revise', 'judge', 'trumps', 'hawaii', 'president', 'block', 'immigration', 'executive_order', 'federal_judge'], 'Media and Finance': ['radio_live', 'stock_money']}",US Immigration Policy.Media and Finance,"{'Travel Ban': 'ban, travel, trump, revise, order, judge, president, hawaii, trumps, block, executive_order, federal_judge, immigration, sign'}",Travel Ban
58,2,"['ban', 'muslim', 'muslimban', 'trump', 'court']",59,0,"['ban', 'trump', 'muslimban', 'muslim', 'nobannowall', 'travel', 'refugee']",9,"['muslimban', 'ban', 'muslim', 'trump', 'president']",12,"['muslimban', 'ban', 'muslim', 'nobannowall', 'trump', 'travelban', 'travel', 'judge_robart', 'executive_order', 'judge']","[19217369, 19222164, 35150454, 1150914516]","ban,muslim,muslimban,trump,court,president,nobannowall,travel,refugee,travelban,judge_robart,executive_order,judge","ban,muslim,muslimban,trump,court,president","ban,trump,muslimban,muslim,nobannowall,travel,refugee,travelban,judge_robart,executive_order,judge","{'US Travel Ban Controversy': 'ban, muslim, muslimban, trump, court, president, nobannowall, travel, refugee, travelban, judge_robart, executive_order, judge'}",US Travel Ban Controversy,"{'Travel Ban Controversy': 'ban, muslim, muslimban, trump, court, president'}",Travel Ban Controversy,"{'US Travel Ban Controversy': ['ban', 'trump', 'muslimban', 'muslim', 'nobannowall', 'travel', 'refugee', 'travelban', 'judge_robart', 'executive_order', 'judge']}",US Travel Ban Controversy
59,3,"['ban', 'travel', 'trump', 'order', 'revise', 'judge', 'trumps', 'hawaii', 'president', 'block', 'immigration']",60,0,"['ban', 'trump', 'muslimban', 'muslim', 'nobannowall', 'travel', 'refugee']",7,"['ban', 'travel', 'trump', 'executive_order', 'order', 'radio_live', 'revise', 'judge', 'federal_judge', 'hawaii', 'trumps', 'stock_money', 'block', 'president', 'immigration']",0,"['ban', 'travel', 'trump', 'executive_order', 'order', 'judge', 'revise', 'federal_judge', 'hawaii', 'president', 'trumps', 'block', 'immigration', 'sign']","[25281508, 309680827, 1267982563, 1459232030]","ban,travel,trump,order,revise,judge,trumps,hawaii,president,block,immigration,executive_order,radio_live,federal_judge,stock_money,muslimban,muslim,nobannowall,refugee,sign","ban,travel,trump,order,revise,judge,trumps,hawaii,president,block,immigration,executive_order,radio_live,federal_judge,stock_money","ban,trump,muslimban,muslim,nobannowall,travel,refugee,executive_order,order,judge,revise,federal_judge,hawaii,president,trumps,block,immigration,sign","{'US Immigration Policy': 'ban, travel, trump, order, revise, judge, trumps, hawaii, president, block, immigration, executive_order, federal_judge, muslimban, muslim, nobannowall, refugee, sign', 'Legal and Judicial Actions': 'judge, block, federal_judge', 'Political Protests and Movements': 'nobannowall, muslimban', 'Media and Communication': 'radio_live', 'Economy and Finance': 'stock_money'}",US Immigration Policy.Legal and Judicial Actions.Political Protests and Movements.Media and Communication.Economy and Finance,"{'US Immigration Policy': ['ban', 'travel', 'trump', 'order', 'revise', 'judge', 'trumps', 'hawaii', 'president', 'block', 'immigration', 'executive_order', 'federal_judge'], 'Media and Finance': ['radio_live', 'stock_money']}",US Immigration Policy.Media and Finance,"{'US Immigration Policy Controversy': ['ban', 'trump', 'muslimban', 'muslim', 'nobannowall', 'travel', 'refugee', 'executive_order', 'order', 'judge', 'revise', 'federal_judge', 'hawaii', 'president', 'trumps', 'block', 'immigration', 'sign']}",US Immigration Policy Controversy
60,5,"['maga', 'travelban', 'trump', 'lgbt', 'islam', 'muslimban', 'tcot', 'marinelepen', 'judge', 'vote', 'read', 'france', 'americafirst']",61,4,"['travelban', 'maga', 'refugee', 'immigration', 'judge', 'tcot', 'immigrant', 'islam', 'america']",9,"['muslimban', 'ban', 'muslim', 'trump', 'president']",12,"['muslimban', 'ban', 'muslim', 'nobannowall', 'trump', 'travelban', 'travel', 'judge_robart', 'executive_order', 'judge']","[262132296, 2581758266, 775420500034158592]","maga,travelban,trump,lgbt,islam,muslimban,tcot,marinelepen,judge,vote,read,france,americafirst,ban,muslim,president,refugee,immigration,immigrant,america,nobannowall,travel,judge_robart,executive_order","maga,travelban,trump,lgbt,islam,muslimban,tcot,marinelepen,judge,vote,read,france,americafirst,ban,muslim,president","travelban,maga,refugee,immigration,judge,tcot,immigrant,islam,america,muslimban,ban,muslim,nobannowall,trump,travel,judge_robart,executive_order","{'US Immigration Policy': ['travelban', 'muslimban', 'ban', 'refugee', 'immigration', 'immigrant', 'nobannowall', 'executive_order'], 'US Politics': ['maga', 'trump', 'americafirst', 'president', 'vote', 'america'], 'Judicial Actions': ['judge', 'judge_robart'], 'LGBT and Islam': ['lgbt', 'islam', 'muslim'], 'International Politics': ['marinelepen', 'france'], 'Social Media and News': ['tcot', 'read', 'travel']}",US Immigration Policy.US Politics.Judicial Actions.LGBT and Islam.International Politics.Social Media and News,"{'US Politics and Policies': ['maga', 'trump', 'americafirst', 'president', 'vote'], 'Controversial Immigration Policies': ['travelban', 'muslimban', 'ban', 'islam', 'muslim'], 'LGBT and Social Issues': ['lgbt'], 'International Politics': ['marinelepen', 'france'], 'Judiciary and Legal Matters': ['judge'], 'Conservative Online Community': ['tcot']}",US Politics and Policies.Controversial Immigration Policies.LGBT and Social Issues.International Politics.Judiciary and Legal Matters.Conservative Online Community,"{'US Immigration Policy': ['travelban', 'refugee', 'immigration', 'immigrant', 'muslimban', 'ban', 'nobannowall', 'executive_order'], 'Political and Judicial Response': ['maga', 'judge', 'tcot', 'judge_robart', 'trump'], 'Religious and Cultural Impact': ['islam', 'muslim', 'america', 'muslimban']}",US Immigration Policy.Political and Judicial Response.Religious and Cultural Impact
61,2,"['ban', 'muslim', 'muslimban', 'trump', 'court']",62,2,"['muslimban', 'muslim', 'country', 'ban', 'trump', 'muslims', 'islam', 'america', 'terrorist', 'travel']",9,"['muslimban', 'ban', 'muslim', 'trump', 'president']",0,"['ban', 'travel', 'trump', 'executive_order', 'order', 'judge', 'revise', 'federal_judge', 'hawaii', 'president', 'trumps', 'block', 'immigration', 'sign']","[1300838640, 715496304777015300, 724732525323665408]","ban,muslim,muslimban,trump,court,president,country,muslims,islam,america,terrorist,travel,executive_order,order,judge,revise,federal_judge,hawaii,trumps,block,immigration,sign","ban,muslim,muslimban,trump,court,president","muslimban,muslim,country,ban,trump,muslims,islam,america,terrorist,travel,executive_order,order,judge,revise,federal_judge,hawaii,president,trumps,block,immigration,sign","{'Travel Ban Controversy': 'ban, muslim, muslimban, trump, court, president, country, muslims, islam, america, terrorist, travel, executive_order, order, judge, revise, federal_judge, hawaii, trumps, block, immigration, sign'}",Travel Ban Controversy,"{'Travel Ban Controversy': 'ban, muslim, muslimban, trump, court, president'}",Travel Ban Controversy,"{'US Immigration Policy': 'muslimban, ban, trump, executive_order, order, immigration, sign', 'Legal Challenges to Executive Orders': 'judge, federal_judge, block, revise, hawaii', 'Impact on Muslim Community': 'muslim, muslims, islam, america, terrorist, travel, country, president, trumps'}",US Immigration Policy.Legal Challenges to Executive Orders.Impact on Muslim Community
62,2,"['ban', 'muslim', 'muslimban', 'trump', 'court']",63,0,"['ban', 'trump', 'muslimban', 'muslim', 'nobannowall', 'travel', 'refugee']",9,"['muslimban', 'ban', 'muslim', 'trump', 'president']",12,"['muslimban', 'ban', 'muslim', 'nobannowall', 'trump', 'travelban', 'travel', 'judge_robart', 'executive_order', 'judge']","[363480365, 3609854716, 837861075219582977]","ban,muslim,muslimban,trump,court,president,nobannowall,travel,refugee,travelban,judge_robart,executive_order,judge","ban,muslim,muslimban,trump,court,president","ban,trump,muslimban,muslim,nobannowall,travel,refugee,travelban,judge_robart,executive_order,judge","{'US Travel Ban Controversy': ['ban', 'muslim', 'muslimban', 'trump', 'court', 'president', 'nobannowall', 'travel', 'refugee', 'travelban', 'judge_robart', 'executive_order', 'judge']}",US Travel Ban Controversy,"{'Travel Ban Controversy': 'ban, muslim, muslimban, trump, court, president'}",Travel Ban Controversy,"{'US Travel Ban Controversy': ['ban', 'trump', 'muslimban', 'muslim', 'nobannowall', 'travel', 'refugee', 'travelban', 'judge_robart', 'executive_order', 'judge']}",US Travel Ban Controversy
63,3,"['ban', 'travel', 'trump', 'order', 'revise', 'judge', 'trumps', 'hawaii', 'president', 'block', 'immigration']",64,14,"['ban', 'travel', 'trump', 'revise', 'order', 'judge', 'president', 'hawaii', 'trumps', 'block']",7,"['ban', 'travel', 'trump', 'executive_order', 'order', 'radio_live', 'revise', 'judge', 'federal_judge', 'hawaii', 'trumps', 'stock_money', 'block', 'president', 'immigration']",0,"['ban', 'travel', 'trump', 'executive_order', 'order', 'judge', 'revise', 'federal_judge', 'hawaii', 'president', 'trumps', 'block', 'immigration', 'sign']","[7309052, 68801460, 473472787]","ban,travel,trump,order,revise,judge,trumps,hawaii,president,block,immigration,executive_order,radio_live,federal_judge,stock_money,sign","ban,travel,trump,order,revise,judge,trumps,hawaii,president,block,immigration,executive_order,radio_live,federal_judge,stock_money","ban,travel,trump,revise,order,judge,president,hawaii,trumps,block,executive_order,federal_judge,immigration,sign","{'US Immigration Policy': ['ban', 'travel', 'trump', 'order', 'revise', 'judge', 'trumps', 'hawaii', 'president', 'block', 'immigration', 'executive_order', 'federal_judge', 'sign']}",US Immigration Policy,"{'US Immigration Policy': ['ban', 'travel', 'trump', 'order', 'revise', 'judge', 'trumps', 'hawaii', 'president', 'block', 'immigration', 'executive_order', 'federal_judge'], 'Media and Finance': ['radio_live', 'stock_money']}",US Immigration Policy.Media and Finance,"{'Travel Ban': 'ban, travel, trump, revise, order, judge, president, hawaii, trumps, block, executive_order, federal_judge, immigration, sign'}",Travel Ban
64,3,"['ban', 'travel', 'trump', 'order', 'revise', 'judge', 'trumps', 'hawaii', 'president', 'block', 'immigration']",65,14,"['ban', 'travel', 'trump', 'revise', 'order', 'judge', 'president', 'hawaii', 'trumps', 'block']",7,"['ban', 'travel', 'trump', 'executive_order', 'order', 'radio_live', 'revise', 'judge', 'federal_judge', 'hawaii', 'trumps', 'stock_money', 'block', 'president', 'immigration']",0,"['ban', 'travel', 'trump', 'executive_order', 'order', 'judge', 'revise', 'federal_judge', 'hawaii', 'president', 'trumps', 'block', 'immigration', 'sign']","[776414185, 3369332271, 4690856839]","ban,travel,trump,order,revise,judge,trumps,hawaii,president,block,immigration,executive_order,radio_live,federal_judge,stock_money,sign","ban,travel,trump,order,revise,judge,trumps,hawaii,president,block,immigration,executive_order,radio_live,federal_judge,stock_money","ban,travel,trump,revise,order,judge,president,hawaii,trumps,block,executive_order,federal_judge,immigration,sign","{'US Immigration Policy': ['ban', 'travel', 'trump', 'order', 'revise', 'judge', 'trumps', 'hawaii', 'president', 'block', 'immigration', 'executive_order', 'federal_judge', 'sign']}",US Immigration Policy,"{'US Immigration Policy': ['ban', 'travel', 'trump', 'order', 'revise', 'judge', 'trumps', 'hawaii', 'president', 'block', 'immigration', 'executive_order', 'federal_judge'], 'Media and Finance': ['radio_live', 'stock_money']}",US Immigration Policy.Media and Finance,"{'Travel Ban': 'ban, travel, trump, revise, order, judge, president, hawaii, trumps, block, executive_order, federal_judge, immigration, sign'}",Travel Ban
65,11,"['nobannowall', 'muslimban', 'bigotry', 'noban', 'riseup', 'remember', 'immigration', 'immigrant', 'stand']",66,0,"['ban', 'trump', 'muslimban', 'muslim', 'nobannowall', 'travel', 'refugee']",9,"['muslimban', 'ban', 'muslim', 'trump', 'president']",12,"['muslimban', 'ban', 'muslim', 'nobannowall', 'trump', 'travelban', 'travel', 'judge_robart', 'executive_order', 'judge']","[11695472, 11695602, 2974872788, 827997641346785280]","nobannowall,muslimban,bigotry,noban,riseup,remember,immigration,immigrant,stand,ban,muslim,trump,president,travel,refugee,travelban,judge_robart,executive_order,judge","nobannowall,muslimban,bigotry,noban,riseup,remember,immigration,immigrant,stand,ban,muslim,trump,president","ban,trump,muslimban,muslim,nobannowall,travel,refugee,travelban,judge_robart,executive_order,judge","{'Immigration and Travel Ban Controversy': 'nobannowall, muslimban, bigotry, noban, riseup, remember, immigration, immigrant, stand, ban, muslim, trump, president, travel, refugee, travelban, judge_robart, executive_order, judge'}",Immigration and Travel Ban Controversy,"{'Immigration and Anti-Discrimination Protests': 'nobannowall, muslimban, bigotry, noban, riseup, remember, immigration, immigrant, stand, ban, muslim, trump, president'}",Immigration and Anti-Discrimination Protests,"{'US Travel Ban Controversy': ['ban', 'trump', 'muslimban', 'muslim', 'nobannowall', 'travel', 'refugee', 'travelban', 'judge_robart', 'executive_order', 'judge']}",US Travel Ban Controversy
66,3,"['ban', 'travel', 'trump', 'order', 'revise', 'judge', 'trumps', 'hawaii', 'president', 'block', 'immigration']",67,14,"['ban', 'travel', 'trump', 'revise', 'order', 'judge', 'president', 'hawaii', 'trumps', 'block']",7,"['ban', 'travel', 'trump', 'executive_order', 'order', 'radio_live', 'revise', 'judge', 'federal_judge', 'hawaii', 'trumps', 'stock_money', 'block', 'president', 'immigration']",0,"['ban', 'travel', 'trump', 'executive_order', 'order', 'judge', 'revise', 'federal_judge', 'hawaii', 'president', 'trumps', 'block', 'immigration', 'sign']","[30143148, 106010958, 488679414, 917363497]","ban,travel,trump,order,revise,judge,trumps,hawaii,president,block,immigration,executive_order,radio_live,federal_judge,stock_money,sign","ban,travel,trump,order,revise,judge,trumps,hawaii,president,block,immigration,executive_order,radio_live,federal_judge,stock_money","ban,travel,trump,revise,order,judge,president,hawaii,trumps,block,executive_order,federal_judge,immigration,sign","{'US Immigration Policy': ['ban', 'travel', 'trump', 'order', 'revise', 'judge', 'trumps', 'hawaii', 'president', 'block', 'immigration', 'executive_order', 'federal_judge', 'sign']}",US Immigration Policy,"{'US Immigration Policy': ['ban', 'travel', 'trump', 'order', 'revise', 'judge', 'trumps', 'hawaii', 'president', 'block', 'immigration', 'executive_order', 'federal_judge'], 'Media and Finance': ['radio_live', 'stock_money']}",US Immigration Policy.Media and Finance,"{'Travel Ban': 'ban, travel, trump, revise, order, judge, president, hawaii, trumps, block, executive_order, federal_judge, immigration, sign'}",Travel Ban
67,3,"['ban', 'travel', 'trump', 'order', 'revise', 'judge', 'trumps', 'hawaii', 'president', 'block', 'immigration']",68,14,"['ban', 'travel', 'trump', 'revise', 'order', 'judge', 'president', 'hawaii', 'trumps', 'block']",7,"['ban', 'travel', 'trump', 'executive_order', 'order', 'radio_live', 'revise', 'judge', 'federal_judge', 'hawaii', 'trumps', 'stock_money', 'block', 'president', 'immigration']",0,"['ban', 'travel', 'trump', 'executive_order', 'order', 'judge', 'revise', 'federal_judge', 'hawaii', 'president', 'trumps', 'block', 'immigration', 'sign']","[18819827, 282747242, 3394601549]","ban,travel,trump,order,revise,judge,trumps,hawaii,president,block,immigration,executive_order,radio_live,federal_judge,stock_money,sign","ban,travel,trump,order,revise,judge,trumps,hawaii,president,block,immigration,executive_order,radio_live,federal_judge,stock_money","ban,travel,trump,revise,order,judge,president,hawaii,trumps,block,executive_order,federal_judge,immigration,sign","{'US Immigration Policy': ['ban', 'travel', 'trump', 'order', 'revise', 'judge', 'trumps', 'hawaii', 'president', 'block', 'immigration', 'executive_order', 'federal_judge', 'sign']}",US Immigration Policy,"{'US Immigration Policy': ['ban', 'travel', 'trump', 'order', 'revise', 'judge', 'trumps', 'hawaii', 'president', 'block', 'immigration', 'executive_order', 'federal_judge'], 'Media and Finance': ['radio_live', 'stock_money']}",US Immigration Policy.Media and Finance,"{'Travel Ban': 'ban, travel, trump, revise, order, judge, president, hawaii, trumps, block, executive_order, federal_judge, immigration, sign'}",Travel Ban
68,13,"['muslimban', 'pvv', 'bordersclose', 'geertwilders', 'stempvv', 'nexit', 'attention', 'mega', 'bluehand', 'prevail', 'afd', 'stopislam', 'survive']",19,2,"['muslimban', 'muslim', 'country', 'ban', 'trump', 'muslims', 'islam', 'america', 'terrorist', 'travel']",8,"['travelban', 'refugeeswelcome', 'maga', 'refugee', 'muslimban', 'islam', 'trump', 'enter_country', 'pvv', 'country', 'tcot', 'stopislamofobia', 'bordersclose']",3,"['muslimban', 'pvv', 'bordersclose', 'vote', 'marinelepen', 'mega_sweden', 'read']","[120818659, 237140311, 891059384, 1272041820, 1908348464, 2715665504, 3075254828, 3407135421, 3468586467, 3622251449, 3874676487, 4780779442, 706577077898756096, 718117017153306625, 747741792318164992, 776692799894724600, 785774096613126144, 814520704901201924, 820637114765348864, 824739546315239425, 838379187366952961, 838379187366953000, 839099917121511425]","muslimban,pvv,bordersclose,geertwilders,stempvv,nexit,attention,mega,bluehand,prevail,afd,stopislam,survive,travelban,refugeeswelcome,maga,refugee,islam,trump,enter_country,country,tcot,stopislamofobia,muslim,ban,muslims,america,terrorist,travel,vote,marinelepen,mega_sweden,read","muslimban,pvv,bordersclose,geertwilders,stempvv,nexit,attention,mega,bluehand,prevail,afd,stopislam,survive,travelban,refugeeswelcome,maga,refugee,islam,trump,enter_country,country,tcot,stopislamofobia","muslimban,muslim,country,ban,trump,muslims,islam,america,terrorist,travel,pvv,bordersclose,vote,marinelepen,mega_sweden,read","{'Right-Wing Populism and Anti-Islam Sentiment': ['muslimban', 'pvv', 'bordersclose', 'geertwilders', 'stempvv', 'nexit', 'attention', 'mega', 'bluehand', 'prevail', 'afd', 'stopislam', 'survive', 'travelban', 'maga', 'islam', 'trump', 'enter_country', 'country', 'tcot', 'stopislamofobia', 'muslim', 'ban', 'muslims', 'america', 'terrorist', 'travel', 'vote', 'marinelepen', 'mega_sweden'], 'Refugee and Immigration Debate': ['refugeeswelcome', 'refugee', 'travelban', 'enter_country', 'country']}",Right-Wing Populism and Anti-Islam Sentiment.Refugee and Immigration Debate,"{'Immigration and Nationalism': 'muslimban, pvv, bordersclose, geertwilders, stempvv, nexit, travelban, refugeeswelcome, refugee, enter_country, country', 'Right-Wing Politics': 'attention, mega, bluehand, prevail, afd, maga, trump, tcot', 'Anti-Islam Sentiment': 'stopislam, stopislamofobia, islam'}",Immigration and Nationalism.Right-Wing Politics.Anti-Islam Sentiment,"{'Travel Ban and Immigration Policies': 'muslimban, muslim, country, ban, trump, travel, bordersclose', 'Islam and Perception in Politics': 'muslims, islam, america, terrorist, vote, marinelepen, pvv', 'Political Figures and Nationalism': 'trump, marinelepen, mega_sweden'}",Travel Ban and Immigration Policies.Islam and Perception in Politics.Political Figures and Nationalism
69,8,"['refugeeswelcome', 'travelban', 'refugee', 'immigrant', 'stopislamofobia', 'immigration', 'woman', 'migrantenkriminalitat', 'nation', 'constitution']",69,6,"['refugeeswelcome', 'stopislamofobia', 'migrantenkriminalitat', 'prouracisme']",8,"['travelban', 'refugeeswelcome', 'maga', 'refugee', 'muslimban', 'islam', 'trump', 'enter_country', 'pvv', 'country', 'tcot', 'stopislamofobia', 'bordersclose']",5,"['refugeeswelcome', 'stopislamofobia', 'migrantenkriminalitat', 'stopislamofobia_refugeeswelcome', 'prouracisme']","[156321706, 1642419774, 2251108546, 2597902411, 3095524177, 3492203836, 3666972316, 4776872181, 704369311004139500, 716630421598040065, 720873437095309313, 764196970105868289, 768755478671290368, 818521856634396672, 838132203779420200, 843125890464845825]","refugeeswelcome,travelban,refugee,immigrant,stopislamofobia,immigration,woman,migrantenkriminalitat,nation,constitution,maga,muslimban,islam,trump,enter_country,pvv,country,tcot,bordersclose,prouracisme,stopislamofobia_refugeeswelcome","refugeeswelcome,travelban,refugee,immigrant,stopislamofobia,immigration,woman,migrantenkriminalitat,nation,constitution,maga,muslimban,islam,trump,enter_country,pvv,country,tcot,bordersclose","refugeeswelcome,stopislamofobia,migrantenkriminalitat,prouracisme,stopislamofobia_refugeeswelcome","{'Immigration and Refugee Issues': ['refugeeswelcome', 'travelban', 'refugee', 'immigrant', 'immigration', 'migrantenkriminalitat', 'enter_country', 'bordersclose', 'stopislamofobia_refugeeswelcome'], 'Islamophobia and Anti-Racism': ['stopislamofobia', 'muslimban', 'islam', 'prouracisme', 'stopislamofobia_refugeeswelcome'], 'Nationalism and Political Movements': ['nation', 'constitution', 'maga', 'trump', 'pvv', 'country', 'tcot']}",Immigration and Refugee Issues.Islamophobia and Anti-Racism.Nationalism and Political Movements,"{'Immigration and Refugee Policies': 'refugeeswelcome, travelban, refugee, immigrant, immigration, muslimban, enter_country, bordersclose', 'Anti-Islam Sentiment and Islamophobia': 'stopislamofobia, islam, muslimban', 'Nationalism and Political Movements': 'nation, constitution, maga, trump, pvv, tcot', 'Gender and Migration': 'woman, migrantenkriminalitat'}",Immigration and Refugee Policies.Anti-Islam Sentiment and Islamophobia.Nationalism and Political Movements.Gender and Migration,"{'Anti-Islamophobia and Refugee Support': 'refugeeswelcome, stopislamofobia, stopislamofobia_refugeeswelcome', 'Racism and Migration Issues': 'migrantenkriminalitat, prouracisme'}",Anti-Islamophobia and Refugee Support.Racism and Migration Issues
71,3,"['ban', 'travel', 'trump', 'order', 'revise', 'judge', 'trumps', 'hawaii', 'president', 'block', 'immigration']",70,14,"['ban', 'travel', 'trump', 'revise', 'order', 'judge', 'president', 'hawaii', 'trumps', 'block']",7,"['ban', 'travel', 'trump', 'executive_order', 'order', 'radio_live', 'revise', 'judge', 'federal_judge', 'hawaii', 'trumps', 'stock_money', 'block', 'president', 'immigration']",0,"['ban', 'travel', 'trump', 'executive_order', 'order', 'judge', 'revise', 'federal_judge', 'hawaii', 'president', 'trumps', 'block', 'immigration', 'sign']","[60149899, 74841347, 1287225810, 2713427480]","ban,travel,trump,order,revise,judge,trumps,hawaii,president,block,immigration,executive_order,radio_live,federal_judge,stock_money,sign","ban,travel,trump,order,revise,judge,trumps,hawaii,president,block,immigration,executive_order,radio_live,federal_judge,stock_money","ban,travel,trump,revise,order,judge,president,hawaii,trumps,block,executive_order,federal_judge,immigration,sign","{'US Immigration Policy': 'ban, travel, trump, order, revise, judge, trumps, hawaii, president, block, immigration, executive_order, federal_judge, sign'}",US Immigration Policy,"{'US Immigration Policy': ['ban', 'travel', 'trump', 'order', 'revise', 'judge', 'trumps', 'hawaii', 'president', 'block', 'immigration', 'executive_order', 'federal_judge'], 'Media and Finance': ['radio_live', 'stock_money']}",US Immigration Policy.Media and Finance,"{'Travel Ban': 'ban, travel, trump, revise, order, judge, president, hawaii, trumps, block, executive_order, federal_judge, immigration, sign'}",Travel Ban
72,8,"['refugeeswelcome', 'travelban', 'refugee', 'immigrant', 'stopislamofobia', 'immigration', 'woman', 'migrantenkriminalitat', 'nation', 'constitution']",71,6,"['refugeeswelcome', 'stopislamofobia', 'migrantenkriminalitat', 'prouracisme']",8,"['travelban', 'refugeeswelcome', 'maga', 'refugee', 'muslimban', 'islam', 'trump', 'enter_country', 'pvv', 'country', 'tcot', 'stopislamofobia', 'bordersclose']",5,"['refugeeswelcome', 'stopislamofobia', 'migrantenkriminalitat', 'stopislamofobia_refugeeswelcome', 'prouracisme']","[27522324, 61312554, 87042194, 225749611, 271623338, 847325940, 2211180738, 2356934593, 2935020087, 3290161704, 728645575558758403, 738333792008560641, 808071209455910912, 840139453641375748]","refugeeswelcome,travelban,refugee,immigrant,stopislamofobia,immigration,woman,migrantenkriminalitat,nation,constitution,maga,muslimban,islam,trump,enter_country,pvv,country,tcot,bordersclose,prouracisme,stopislamofobia_refugeeswelcome","refugeeswelcome,travelban,refugee,immigrant,stopislamofobia,immigration,woman,migrantenkriminalitat,nation,constitution,maga,muslimban,islam,trump,enter_country,pvv,country,tcot,bordersclose","refugeeswelcome,stopislamofobia,migrantenkriminalitat,prouracisme,stopislamofobia_refugeeswelcome","{'Immigration and Refugee Policies': ['refugeeswelcome', 'travelban', 'refugee', 'immigrant', 'immigration', 'muslimban', 'enter_country', 'bordersclose', 'stopislamofobia_refugeeswelcome'], 'Nationalism and Identity': ['nation', 'constitution', 'maga', 'country', 'tcot', 'pvv'], 'Islamophobia and Racism': ['stopislamofobia', 'islam', 'prouracisme', 'migrantenkriminalitat', 'stopislamofobia_refugeeswelcome'], ""Women's Issues"": ['woman'], 'Trump and Political Influence': ['trump']}",Immigration and Refugee Policies.Nationalism and Identity.Islamophobia and Racism.Women's Issues.Trump and Political Influence,"{'Immigration and Refugee Policies': 'refugeeswelcome, travelban, refugee, immigrant, immigration, muslimban, enter_country, bordersclose', 'Anti-Islam Sentiment and Islamophobia': 'stopislamofobia, islam, muslimban', 'Nationalism and Political Movements': 'nation, constitution, maga, trump, pvv, tcot', 'Gender and Migration': 'woman, migrantenkriminalitat'}",Immigration and Refugee Policies.Anti-Islam Sentiment and Islamophobia.Nationalism and Political Movements.Gender and Migration,"{'Anti-Islamophobia and Refugee Support': 'refugeeswelcome, stopislamofobia, stopislamofobia_refugeeswelcome', 'Racism and Migration Issues': 'migrantenkriminalitat, prouracisme'}",Anti-Islamophobia and Refugee Support.Racism and Migration Issues
74,2,"['ban', 'muslim', 'muslimban', 'trump', 'court']",72,0,"['ban', 'trump', 'muslimban', 'muslim', 'nobannowall', 'travel', 'refugee']",9,"['muslimban', 'ban', 'muslim', 'trump', 'president']",12,"['muslimban', 'ban', 'muslim', 'nobannowall', 'trump', 'travelban', 'travel', 'judge_robart', 'executive_order', 'judge']","[500496955, 2702394775, 807810340339744800, 809518522489511936]","ban,muslim,muslimban,trump,court,president,nobannowall,travel,refugee,travelban,judge_robart,executive_order,judge","ban,muslim,muslimban,trump,court,president","ban,trump,muslimban,muslim,nobannowall,travel,refugee,travelban,judge_robart,executive_order,judge","{'US Travel Ban Controversy': ['ban', 'muslim', 'muslimban', 'trump', 'court', 'president', 'nobannowall', 'travel', 'refugee', 'travelban', 'judge_robart', 'executive_order', 'judge']}",US Travel Ban Controversy,"{'Travel Ban Controversy': 'ban, muslim, muslimban, trump, court, president'}",Travel Ban Controversy,"{'US Travel Ban Controversy': ['ban', 'trump', 'muslimban', 'muslim', 'nobannowall', 'travel', 'refugee', 'travelban', 'judge_robart', 'executive_order', 'judge']}",US Travel Ban Controversy
75,11,"['nobannowall', 'muslimban', 'bigotry', 'noban', 'riseup', 'remember', 'immigration', 'immigrant', 'stand']",74,0,"['ban', 'trump', 'muslimban', 'muslim', 'nobannowall', 'travel', 'refugee']",9,"['muslimban', 'ban', 'muslim', 'trump', 'president']",12,"['muslimban', 'ban', 'muslim', 'nobannowall', 'trump', 'travelban', 'travel', 'judge_robart', 'executive_order', 'judge']","[26139323, 4889278415, 4905972502, 696794078915252224]","nobannowall,muslimban,bigotry,noban,riseup,remember,immigration,immigrant,stand,ban,muslim,trump,president,travel,refugee,travelban,judge_robart,executive_order,judge","nobannowall,muslimban,bigotry,noban,riseup,remember,immigration,immigrant,stand,ban,muslim,trump,president","ban,trump,muslimban,muslim,nobannowall,travel,refugee,travelban,judge_robart,executive_order,judge","{'Travel Ban Controversy': 'nobannowall, muslimban, bigotry, noban, riseup, remember, immigration, immigrant, stand, ban, muslim, trump, president, travel, refugee, travelban, judge_robart, executive_order, judge'}",Travel Ban Controversy,"{'Immigration and Anti-Discrimination Protests': 'nobannowall, muslimban, bigotry, noban, riseup, remember, immigration, immigrant, stand, ban, muslim, trump, president'}",Immigration and Anti-Discrimination Protests,"{'US Travel Ban Controversy': ['ban', 'trump', 'muslimban', 'muslim', 'nobannowall', 'travel', 'refugee', 'travelban', 'judge_robart', 'executive_order', 'judge']}",US Travel Ban Controversy
76,3,"['ban', 'travel', 'trump', 'order', 'revise', 'judge', 'trumps', 'hawaii', 'president', 'block', 'immigration']",75,14,"['ban', 'travel', 'trump', 'revise', 'order', 'judge', 'president', 'hawaii', 'trumps', 'block']",7,"['ban', 'travel', 'trump', 'executive_order', 'order', 'radio_live', 'revise', 'judge', 'federal_judge', 'hawaii', 'trumps', 'stock_money', 'block', 'president', 'immigration']",0,"['ban', 'travel', 'trump', 'executive_order', 'order', 'judge', 'revise', 'federal_judge', 'hawaii', 'president', 'trumps', 'block', 'immigration', 'sign']","[524435492, 2331853451, 2605069205, 3119526652]","ban,travel,trump,order,revise,judge,trumps,hawaii,president,block,immigration,executive_order,radio_live,federal_judge,stock_money,sign","ban,travel,trump,order,revise,judge,trumps,hawaii,president,block,immigration,executive_order,radio_live,federal_judge,stock_money","ban,travel,trump,revise,order,judge,president,hawaii,trumps,block,executive_order,federal_judge,immigration,sign","{'US Immigration Policy': 'ban, travel, trump, order, revise, judge, trumps, hawaii, president, block, immigration, executive_order, federal_judge, sign'}",US Immigration Policy,"{'US Immigration Policy': ['ban', 'travel', 'trump', 'order', 'revise', 'judge', 'trumps', 'hawaii', 'president', 'block', 'immigration', 'executive_order', 'federal_judge'], 'Media and Finance': ['radio_live', 'stock_money']}",US Immigration Policy.Media and Finance,"{'Travel Ban': 'ban, travel, trump, revise, order, judge, president, hawaii, trumps, block, executive_order, federal_judge, immigration, sign'}",Travel Ban
78,2,"['ban', 'muslim', 'muslimban', 'trump', 'court']",76,0,"['ban', 'trump', 'muslimban', 'muslim', 'nobannowall', 'travel', 'refugee']",9,"['muslimban', 'ban', 'muslim', 'trump', 'president']",12,"['muslimban', 'ban', 'muslim', 'nobannowall', 'trump', 'travelban', 'travel', 'judge_robart', 'executive_order', 'judge']","[45805351, 79028016, 2707058534, 3086411087]","ban,muslim,muslimban,trump,court,president,nobannowall,travel,refugee,travelban,judge_robart,executive_order,judge","ban,muslim,muslimban,trump,court,president","ban,trump,muslimban,muslim,nobannowall,travel,refugee,travelban,judge_robart,executive_order,judge","{'US Travel Ban Controversy': 'ban, muslim, muslimban, trump, court, president, nobannowall, travel, refugee, travelban, judge_robart, executive_order, judge'}",US Travel Ban Controversy,"{'Travel Ban Controversy': 'ban, muslim, muslimban, trump, court, president'}",Travel Ban Controversy,"{'US Travel Ban Controversy': ['ban', 'trump', 'muslimban', 'muslim', 'nobannowall', 'travel', 'refugee', 'travelban', 'judge_robart', 'executive_order', 'judge']}",US Travel Ban Controversy
79,3,"['ban', 'travel', 'trump', 'order', 'revise', 'judge', 'trumps', 'hawaii', 'president', 'block', 'immigration']",4,0,"['ban', 'trump', 'muslimban', 'muslim', 'nobannowall', 'travel', 'refugee']",7,"['ban', 'travel', 'trump', 'executive_order', 'order', 'radio_live', 'revise', 'judge', 'federal_judge', 'hawaii', 'trumps', 'stock_money', 'block', 'president', 'immigration']",12,"['muslimban', 'ban', 'muslim', 'nobannowall', 'trump', 'travelban', 'travel', 'judge_robart', 'executive_order', 'judge']","[45832693, 519728191, 825408516164898800, 825408516164898816]","ban,travel,trump,order,revise,judge,trumps,hawaii,president,block,immigration,executive_order,radio_live,federal_judge,stock_money,muslimban,muslim,nobannowall,refugee,travelban,judge_robart","ban,travel,trump,order,revise,judge,trumps,hawaii,president,block,immigration,executive_order,radio_live,federal_judge,stock_money","ban,trump,muslimban,muslim,nobannowall,travel,refugee,travelban,judge_robart,executive_order,judge","{'US Immigration Policy': 'ban, travel, trump, order, revise, judge, trumps, hawaii, president, block, immigration, executive_order, federal_judge, muslimban, muslim, nobannowall, refugee, travelban, judge_robart'}",US Immigration Policy,"{'US Immigration Policy': ['ban', 'travel', 'trump', 'order', 'revise', 'judge', 'trumps', 'hawaii', 'president', 'block', 'immigration', 'executive_order', 'federal_judge'], 'Media and Finance': ['radio_live', 'stock_money']}",US Immigration Policy.Media and Finance,"{'US Travel Ban Controversy': ['ban', 'trump', 'muslimban', 'muslim', 'nobannowall', 'travel', 'refugee', 'travelban', 'judge_robart', 'executive_order', 'judge']}",US Travel Ban Controversy
80,3,"['ban', 'travel', 'trump', 'order', 'revise', 'judge', 'trumps', 'hawaii', 'president', 'block', 'immigration']",77,14,"['ban', 'travel', 'trump', 'revise', 'order', 'judge', 'president', 'hawaii', 'trumps', 'block']",7,"['ban', 'travel', 'trump', 'executive_order', 'order', 'radio_live', 'revise', 'judge', 'federal_judge', 'hawaii', 'trumps', 'stock_money', 'block', 'president', 'immigration']",0,"['ban', 'travel', 'trump', 'executive_order', 'order', 'judge', 'revise', 'federal_judge', 'hawaii', 'president', 'trumps', 'block', 'immigration', 'sign']","[3183011042, 4040356454, 4291483877, 4291826968, 4292285657, 4292420368, 4311027620, 4374463812, 4428480594, 4430769312, 4594844191, 4609793892, 4637575405, 702312482623393792, 718219857943093248, 731844183825092600, 732118984628166658]","ban,travel,trump,order,revise,judge,trumps,hawaii,president,block,immigration,executive_order,radio_live,federal_judge,stock_money,sign","ban,travel,trump,order,revise,judge,trumps,hawaii,president,block,immigration,executive_order,radio_live,federal_judge,stock_money","ban,travel,trump,revise,order,judge,president,hawaii,trumps,block,executive_order,federal_judge,immigration,sign","{'US Immigration Policy': 'ban, travel, trump, order, revise, judge, trumps, hawaii, president, block, immigration, executive_order, federal_judge, sign'}",US Immigration Policy,"{'US Immigration Policy': ['ban', 'travel', 'trump', 'order', 'revise', 'judge', 'trumps', 'hawaii', 'president', 'block', 'immigration', 'executive_order', 'federal_judge'], 'Media and Finance': ['radio_live', 'stock_money']}",US Immigration Policy.Media and Finance,"{'Travel Ban': 'ban, travel, trump, revise, order, judge, president, hawaii, trumps, block, executive_order, federal_judge, immigration, sign'}",Travel Ban
81,3,"['ban', 'travel', 'trump', 'order', 'revise', 'judge', 'trumps', 'hawaii', 'president', 'block', 'immigration']",78,0,"['ban', 'trump', 'muslimban', 'muslim', 'nobannowall', 'travel', 'refugee']",9,"['muslimban', 'ban', 'muslim', 'trump', 'president']",12,"['muslimban', 'ban', 'muslim', 'nobannowall', 'trump', 'travelban', 'travel', 'judge_robart', 'executive_order', 'judge']","[24924400, 62594204, 810156981998800897]","ban,travel,trump,order,revise,judge,trumps,hawaii,president,block,immigration,muslimban,muslim,nobannowall,refugee,travelban,judge_robart,executive_order","ban,travel,trump,order,revise,judge,trumps,hawaii,president,block,immigration,muslimban,muslim","ban,trump,muslimban,muslim,nobannowall,travel,refugee,travelban,judge_robart,executive_order,judge","{'US Immigration Policy Controversy': ['ban', 'travel', 'trump', 'order', 'revise', 'judge', 'trumps', 'hawaii', 'president', 'block', 'immigration', 'muslimban', 'muslim', 'nobannowall', 'refugee', 'travelban', 'judge_robart', 'executive_order']}",US Immigration Policy Controversy,"{'US Immigration Policy': ['ban', 'travel', 'trump', 'order', 'revise', 'judge', 'trumps', 'hawaii', 'president', 'block', 'immigration', 'muslimban', 'muslim']}",US Immigration Policy,"{'US Travel Ban Controversy': ['ban', 'trump', 'muslimban', 'muslim', 'nobannowall', 'travel', 'refugee', 'travelban', 'judge_robart', 'executive_order', 'judge']}",US Travel Ban Controversy
82,3,"['ban', 'travel', 'trump', 'order', 'revise', 'judge', 'trumps', 'hawaii', 'president', 'block', 'immigration']",79,14,"['ban', 'travel', 'trump', 'revise', 'order', 'judge', 'president', 'hawaii', 'trumps', 'block']",7,"['ban', 'travel', 'trump', 'executive_order', 'order', 'radio_live', 'revise', 'judge', 'federal_judge', 'hawaii', 'trumps', 'stock_money', 'block', 'president', 'immigration']",0,"['ban', 'travel', 'trump', 'executive_order', 'order', 'judge', 'revise', 'federal_judge', 'hawaii', 'president', 'trumps', 'block', 'immigration', 'sign']","[1401130178, 2474129722, 767567215638052900]","ban,travel,trump,order,revise,judge,trumps,hawaii,president,block,immigration,executive_order,radio_live,federal_judge,stock_money,sign","ban,travel,trump,order,revise,judge,trumps,hawaii,president,block,immigration,executive_order,radio_live,federal_judge,stock_money","ban,travel,trump,revise,order,judge,president,hawaii,trumps,block,executive_order,federal_judge,immigration,sign","{'US Immigration Policy': 'ban, travel, trump, order, revise, judge, trumps, hawaii, president, block, immigration, executive_order, federal_judge, sign'}",US Immigration Policy,"{'US Immigration Policy': ['ban', 'travel', 'trump', 'order', 'revise', 'judge', 'trumps', 'hawaii', 'president', 'block', 'immigration', 'executive_order', 'federal_judge'], 'Media and Finance': ['radio_live', 'stock_money']}",US Immigration Policy.Media and Finance,"{'Travel Ban': 'ban, travel, trump, revise, order, judge, president, hawaii, trumps, block, executive_order, federal_judge, immigration, sign'}",Travel Ban
83,3,"['ban', 'travel', 'trump', 'order', 'revise', 'judge', 'trumps', 'hawaii', 'president', 'block', 'immigration']",80,14,"['ban', 'travel', 'trump', 'revise', 'order', 'judge', 'president', 'hawaii', 'trumps', 'block']",7,"['ban', 'travel', 'trump', 'executive_order', 'order', 'radio_live', 'revise', 'judge', 'federal_judge', 'hawaii', 'trumps', 'stock_money', 'block', 'president', 'immigration']",0,"['ban', 'travel', 'trump', 'executive_order', 'order', 'judge', 'revise', 'federal_judge', 'hawaii', 'president', 'trumps', 'block', 'immigration', 'sign']","[16086928, 80163000, 136055810, 484237843, 816313821883146240]","ban,travel,trump,order,revise,judge,trumps,hawaii,president,block,immigration,executive_order,radio_live,federal_judge,stock_money,sign","ban,travel,trump,order,revise,judge,trumps,hawaii,president,block,immigration,executive_order,radio_live,federal_judge,stock_money","ban,travel,trump,revise,order,judge,president,hawaii,trumps,block,executive_order,federal_judge,immigration,sign","{'US Immigration Policy': 'ban, travel, trump, order, revise, judge, trumps, hawaii, president, block, immigration, executive_order, federal_judge, sign'}",US Immigration Policy,"{'US Immigration Policy': ['ban', 'travel', 'trump', 'order', 'revise', 'judge', 'trumps', 'hawaii', 'president', 'block', 'immigration', 'executive_order', 'federal_judge'], 'Media and Finance': ['radio_live', 'stock_money']}",US Immigration Policy.Media and Finance,"{'Travel Ban': 'ban, travel, trump, revise, order, judge, president, hawaii, trumps, block, executive_order, federal_judge, immigration, sign'}",Travel Ban
84,3,"['ban', 'travel', 'trump', 'order', 'revise', 'judge', 'trumps', 'hawaii', 'president', 'block', 'immigration']",82,14,"['ban', 'travel', 'trump', 'revise', 'order', 'judge', 'president', 'hawaii', 'trumps', 'block']",7,"['ban', 'travel', 'trump', 'executive_order', 'order', 'radio_live', 'revise', 'judge', 'federal_judge', 'hawaii', 'trumps', 'stock_money', 'block', 'president', 'immigration']",0,"['ban', 'travel', 'trump', 'executive_order', 'order', 'judge', 'revise', 'federal_judge', 'hawaii', 'president', 'trumps', 'block', 'immigration', 'sign']","[6509832, 134758540, 240649814, 299259954]","ban,travel,trump,order,revise,judge,trumps,hawaii,president,block,immigration,executive_order,radio_live,federal_judge,stock_money,sign","ban,travel,trump,order,revise,judge,trumps,hawaii,president,block,immigration,executive_order,radio_live,federal_judge,stock_money","ban,travel,trump,revise,order,judge,president,hawaii,trumps,block,executive_order,federal_judge,immigration,sign","{'US Immigration Policy': 'ban, travel, trump, order, revise, judge, trumps, hawaii, president, block, immigration, executive_order, federal_judge, sign'}",US Immigration Policy,"{'US Immigration Policy': ['ban', 'travel', 'trump', 'order', 'revise', 'judge', 'trumps', 'hawaii', 'president', 'block', 'immigration', 'executive_order', 'federal_judge'], 'Media and Finance': ['radio_live', 'stock_money']}",US Immigration Policy.Media and Finance,"{'Travel Ban': 'ban, travel, trump, revise, order, judge, president, hawaii, trumps, block, executive_order, federal_judge, immigration, sign'}",Travel Ban
85,0,"['muslimban', 'muslim', 'country', 'islam', 'refugee']",83,4,"['travelban', 'maga', 'refugee', 'immigration', 'judge', 'tcot', 'immigrant', 'islam', 'america']",9,"['muslimban', 'ban', 'muslim', 'trump', 'president']",2,"['travelban', 'maga', 'refugee', 'tcot', 'muslimban', 'islam', 'americafirst']","[382219862, 4663571046, 742746435955875840, 747915502589087700, 785916389529821185]","muslimban,muslim,country,islam,refugee,ban,trump,president,travelban,maga,immigration,judge,tcot,immigrant,america,americafirst","muslimban,muslim,country,islam,refugee,ban,trump,president","travelban,maga,refugee,immigration,judge,tcot,immigrant,islam,america,muslimban,americafirst","{'US Immigration Policy': 'muslimban, muslim, country, islam, refugee, ban, trump, president, travelban, maga, immigration, judge, tcot, immigrant, america, americafirst'}",US Immigration Policy,"{'US Immigration Policy': 'muslimban, muslim, country, islam, refugee, ban, trump, president'}",US Immigration Policy,"{'US Immigration and Travel Policies': 'travelban, refugee, immigration, immigrant, muslimban', 'Political and Social Movements in America': 'maga, tcot, americafirst', 'Judicial and Legal Aspects': 'judge', 'Religious and Cultural Context': 'islam, america'}",US Immigration and Travel Policies.Political and Social Movements in America.Judicial and Legal Aspects.Religious and Cultural Context
86,3,"['ban', 'travel', 'trump', 'order', 'revise', 'judge', 'trumps', 'hawaii', 'president', 'block', 'immigration']",1,14,"['ban', 'travel', 'trump', 'revise', 'order', 'judge', 'president', 'hawaii', 'trumps', 'block']",7,"['ban', 'travel', 'trump', 'executive_order', 'order', 'radio_live', 'revise', 'judge', 'federal_judge', 'hawaii', 'trumps', 'stock_money', 'block', 'president', 'immigration']",0,"['ban', 'travel', 'trump', 'executive_order', 'order', 'judge', 'revise', 'federal_judge', 'hawaii', 'president', 'trumps', 'block', 'immigration', 'sign']","[522537060, 716418247579549696, 733246533156655100, 764950182572142593, 770839424766804000]","ban,travel,trump,order,revise,judge,trumps,hawaii,president,block,immigration,executive_order,radio_live,federal_judge,stock_money,sign","ban,travel,trump,order,revise,judge,trumps,hawaii,president,block,immigration,executive_order,radio_live,federal_judge,stock_money","ban,travel,trump,revise,order,judge,president,hawaii,trumps,block,executive_order,federal_judge,immigration,sign","{'US Immigration Policy': 'ban, travel, trump, order, revise, judge, trumps, hawaii, president, block, immigration, executive_order, federal_judge, sign'}",US Immigration Policy,"{'US Immigration Policy': ['ban', 'travel', 'trump', 'order', 'revise', 'judge', 'trumps', 'hawaii', 'president', 'block', 'immigration', 'executive_order', 'federal_judge'], 'Media and Finance': ['radio_live', 'stock_money']}",US Immigration Policy.Media and Finance,"{'Travel Ban': 'ban, travel, trump, revise, order, judge, president, hawaii, trumps, block, executive_order, federal_judge, immigration, sign'}",Travel Ban
87,3,"['ban', 'travel', 'trump', 'order', 'revise', 'judge', 'trumps', 'hawaii', 'president', 'block', 'immigration']",106,0,"['ban', 'trump', 'muslimban', 'muslim', 'nobannowall', 'travel', 'refugee']",7,"['ban', 'travel', 'trump', 'executive_order', 'order', 'radio_live', 'revise', 'judge', 'federal_judge', 'hawaii', 'trumps', 'stock_money', 'block', 'president', 'immigration']",12,"['muslimban', 'ban', 'muslim', 'nobannowall', 'trump', 'travelban', 'travel', 'judge_robart', 'executive_order', 'judge']","[12137172, 17070252, 20758263, 22284908, 26266511, 32636643, 52392666, 77802639, 188965758, 758189028, 921460356, 950976000, 2876378805, 2951577298, 3160410565, 701128692622229504, 732175413850464256, 776839703832035328, 803023384263139328]","ban,travel,trump,order,revise,judge,trumps,hawaii,president,block,immigration,executive_order,radio_live,federal_judge,stock_money,muslimban,muslim,nobannowall,refugee,travelban,judge_robart","ban,travel,trump,order,revise,judge,trumps,hawaii,president,block,immigration,executive_order,radio_live,federal_judge,stock_money","ban,trump,muslimban,muslim,nobannowall,travel,refugee,travelban,judge_robart,executive_order,judge","{'US Immigration Policy': 'ban, travel, trump, order, revise, judge, trumps, hawaii, president, block, immigration, executive_order, federal_judge, muslimban, muslim, nobannowall, refugee, travelban, judge_robart'}",US Immigration Policy,"{'US Immigration Policy': ['ban', 'travel', 'trump', 'order', 'revise', 'judge', 'trumps', 'hawaii', 'president', 'block', 'immigration', 'executive_order', 'federal_judge'], 'Media and Finance': ['radio_live', 'stock_money']}",US Immigration Policy.Media and Finance,"{'US Travel Ban Controversy': ['ban', 'trump', 'muslimban', 'muslim', 'nobannowall', 'travel', 'refugee', 'travelban', 'judge_robart', 'executive_order', 'judge']}",US Travel Ban Controversy
88,3,"['ban', 'travel', 'trump', 'order', 'revise', 'judge', 'trumps', 'hawaii', 'president', 'block', 'immigration']",85,0,"['ban', 'trump', 'muslimban', 'muslim', 'nobannowall', 'travel', 'refugee']",7,"['ban', 'travel', 'trump', 'executive_order', 'order', 'radio_live', 'revise', 'judge', 'federal_judge', 'hawaii', 'trumps', 'stock_money', 'block', 'president', 'immigration']",12,"['muslimban', 'ban', 'muslim', 'nobannowall', 'trump', 'travelban', 'travel', 'judge_robart', 'executive_order', 'judge']","[60495273, 796820778104881200, 808322443047825409]","ban,travel,trump,order,revise,judge,trumps,hawaii,president,block,immigration,executive_order,radio_live,federal_judge,stock_money,muslimban,muslim,nobannowall,refugee,travelban,judge_robart","ban,travel,trump,order,revise,judge,trumps,hawaii,president,block,immigration,executive_order,radio_live,federal_judge,stock_money","ban,trump,muslimban,muslim,nobannowall,travel,refugee,travelban,judge_robart,executive_order,judge","{'US Immigration Policy': 'ban, travel, trump, order, revise, judge, trumps, hawaii, president, block, immigration, executive_order, federal_judge, muslimban, muslim, nobannowall, refugee, travelban, judge_robart', 'Judicial Actions on Executive Orders': 'judge, federal_judge, judge_robart, block', 'Political Protests and Slogans': 'nobannowall, muslimban', 'Media and Public Discourse': 'radio_live', 'Economic Impact': 'stock_money'}",US Immigration Policy.Judicial Actions on Executive Orders.Political Protests and Slogans.Media and Public Discourse.Economic Impact,"{'US Immigration Policy': ['ban', 'travel', 'trump', 'order', 'revise', 'judge', 'trumps', 'hawaii', 'president', 'block', 'immigration', 'executive_order', 'federal_judge'], 'Media and Finance': ['radio_live', 'stock_money']}",US Immigration Policy.Media and Finance,"{'US Travel Ban Controversy': ['ban', 'trump', 'muslimban', 'muslim', 'nobannowall', 'travel', 'refugee', 'travelban', 'judge_robart', 'executive_order', 'judge']}",US Travel Ban Controversy
89,3,"['ban', 'travel', 'trump', 'order', 'revise', 'judge', 'trumps', 'hawaii', 'president', 'block', 'immigration']",86,14,"['ban', 'travel', 'trump', 'revise', 'order', 'judge', 'president', 'hawaii', 'trumps', 'block']",7,"['ban', 'travel', 'trump', 'executive_order', 'order', 'radio_live', 'revise', 'judge', 'federal_judge', 'hawaii', 'trumps', 'stock_money', 'block', 'president', 'immigration']",0,"['ban', 'travel', 'trump', 'executive_order', 'order', 'judge', 'revise', 'federal_judge', 'hawaii', 'president', 'trumps', 'block', 'immigration', 'sign']","[18086309, 26453924, 781534268, 847545582, 4780784385, 824773862512533504, 828038191974346800]","ban,travel,trump,order,revise,judge,trumps,hawaii,president,block,immigration,executive_order,radio_live,federal_judge,stock_money,sign","ban,travel,trump,order,revise,judge,trumps,hawaii,president,block,immigration,executive_order,radio_live,federal_judge,stock_money","ban,travel,trump,revise,order,judge,president,hawaii,trumps,block,executive_order,federal_judge,immigration,sign","{'US Immigration Policy': 'ban, travel, trump, order, revise, judge, trumps, hawaii, president, block, immigration, executive_order, federal_judge, sign'}",US Immigration Policy,"{'US Immigration Policy': ['ban', 'travel', 'trump', 'order', 'revise', 'judge', 'trumps', 'hawaii', 'president', 'block', 'immigration', 'executive_order', 'federal_judge'], 'Media and Finance': ['radio_live', 'stock_money']}",US Immigration Policy.Media and Finance,"{'Travel Ban': 'ban, travel, trump, revise, order, judge, president, hawaii, trumps, block, executive_order, federal_judge, immigration, sign'}",Travel Ban
90,11,"['nobannowall', 'muslimban', 'bigotry', 'noban', 'riseup', 'remember', 'immigration', 'immigrant', 'stand']",87,0,"['ban', 'trump', 'muslimban', 'muslim', 'nobannowall', 'travel', 'refugee']",9,"['muslimban', 'ban', 'muslim', 'trump', 'president']",12,"['muslimban', 'ban', 'muslim', 'nobannowall', 'trump', 'travelban', 'travel', 'judge_robart', 'executive_order', 'judge']","[277817081, 596447623, 4029747432, 780090518252445700, 799095285721010176, 831964050560921600]","nobannowall,muslimban,bigotry,noban,riseup,remember,immigration,immigrant,stand,ban,muslim,trump,president,travel,refugee,travelban,judge_robart,executive_order,judge","nobannowall,muslimban,bigotry,noban,riseup,remember,immigration,immigrant,stand,ban,muslim,trump,president","ban,trump,muslimban,muslim,nobannowall,travel,refugee,travelban,judge_robart,executive_order,judge","{'Travel Ban Controversy': 'nobannowall, muslimban, bigotry, noban, riseup, remember, immigration, immigrant, stand, ban, muslim, trump, president, travel, refugee, travelban, judge_robart, executive_order, judge'}",Travel Ban Controversy,"{'Immigration and Anti-Discrimination Protests': 'nobannowall, muslimban, bigotry, noban, riseup, remember, immigration, immigrant, stand, ban, muslim, trump, president'}",Immigration and Anti-Discrimination Protests,"{'US Travel Ban Controversy': ['ban', 'trump', 'muslimban', 'muslim', 'nobannowall', 'travel', 'refugee', 'travelban', 'judge_robart', 'executive_order', 'judge']}",US Travel Ban Controversy
91,8,"['refugeeswelcome', 'travelban', 'refugee', 'immigrant', 'stopislamofobia', 'immigration', 'woman', 'migrantenkriminalitat', 'nation', 'constitution']",88,0,"['ban', 'trump', 'muslimban', 'muslim', 'nobannowall', 'travel', 'refugee']",9,"['muslimban', 'ban', 'muslim', 'trump', 'president']",12,"['muslimban', 'ban', 'muslim', 'nobannowall', 'trump', 'travelban', 'travel', 'judge_robart', 'executive_order', 'judge']","[375862615, 706595417975365600, 822473563768782853]","refugeeswelcome,travelban,refugee,immigrant,stopislamofobia,immigration,woman,migrantenkriminalitat,nation,constitution,muslimban,ban,muslim,trump,president,nobannowall,travel,judge_robart,executive_order,judge","refugeeswelcome,travelban,refugee,immigrant,stopislamofobia,immigration,woman,migrantenkriminalitat,nation,constitution,muslimban,ban,muslim,trump,president","ban,trump,muslimban,muslim,nobannowall,travel,refugee,travelban,judge_robart,executive_order,judge","{'Immigration and Refugee Policies': 'refugeeswelcome, travelban, refugee, immigrant, immigration, muslimban, ban, nobannowall, executive_order', 'Anti-Discrimination and Human Rights': 'stopislamofobia, muslim, woman', 'Political and Legal Actions': 'trump, president, judge_robart, judge, constitution', 'National Security and Identity': 'migrantenkriminalitat, nation, travel'}",Immigration and Refugee Policies.Anti-Discrimination and Human Rights.Political and Legal Actions.National Security and Identity,"{'Immigration and Refugee Policies': ['refugeeswelcome', 'travelban', 'refugee', 'immigrant', 'immigration', 'muslimban', 'ban', 'muslim'], 'Political Leadership and National Policies': ['trump', 'president', 'nation', 'constitution'], 'Social Issues and Discrimination': ['stopislamofobia', 'woman', 'migrantenkriminalitat']}",Immigration and Refugee Policies.Political Leadership and National Policies.Social Issues and Discrimination,"{'US Travel Ban Controversy': ['ban', 'trump', 'muslimban', 'muslim', 'nobannowall', 'travel', 'refugee', 'travelban', 'judge_robart', 'executive_order', 'judge']}",US Travel Ban Controversy
92,1,"['muslimban', 'ban', 'travel', 'muslim', 'block', 'obama', 'offend', 'trump', 'leave']",89,14,"['ban', 'travel', 'trump', 'revise', 'order', 'judge', 'president', 'hawaii', 'trumps', 'block']",5,"['ban', 'muslimban', 'travel', 'offend_sink', 'muslim', 'block', 'long_conservative', 'trump', 'offend', 'leave_americans', 'judge']",14,"['bencarson', 'immigration', 'tntweeter_uslatino', 'muslimban', 'immigration_inmigracion', 'noban', 'nobannowallnoraid_noban', 'heretostay_uniteblue', 'nomuslimban', 'tntweeter', 'uslatino', 'uniteblue']","[2885643969, 695739596500557800, 695739596500557825]","muslimban,ban,travel,muslim,block,obama,offend,trump,leave,offend_sink,long_conservative,leave_americans,judge,revise,order,president,hawaii,trumps,bencarson,immigration,tntweeter_uslatino,immigration_inmigracion,noban,nobannowallnoraid_noban,heretostay_uniteblue,nomuslimban,tntweeter,uslatino,uniteblue","muslimban,ban,travel,muslim,block,obama,offend,trump,leave,offend_sink,long_conservative,leave_americans,judge","ban,travel,trump,revise,order,judge,president,hawaii,trumps,block,bencarson,immigration,tntweeter_uslatino,muslimban,immigration_inmigracion,noban,nobannowallnoraid_noban,heretostay_uniteblue,nomuslimban,tntweeter,uslatino,uniteblue","{'Travel Ban Controversy': ['muslimban', 'ban', 'travel', 'muslim', 'block', 'obama', 'offend', 'trump', 'leave', 'offend_sink', 'long_conservative', 'leave_americans', 'judge', 'revise', 'order', 'president', 'hawaii', 'trumps', 'bencarson', 'immigration', 'tntweeter_uslatino', 'immigration_inmigracion', 'noban', 'nobannowallnoraid_noban', 'heretostay_uniteblue', 'nomuslimban', 'tntweeter', 'uslatino', 'uniteblue']}",Travel Ban Controversy,"{'Travel Ban Controversy': ['muslimban', 'ban', 'travel', 'muslim', 'block', 'judge'], 'Political Reactions and Criticism': ['obama', 'offend', 'trump', 'leave', 'offend_sink', 'long_conservative', 'leave_americans']}",Travel Ban Controversy.Political Reactions and Criticism,"{'US Immigration Policy and Legal Challenges': ['ban', 'travel', 'trump', 'revise', 'order', 'judge', 'president', 'hawaii', 'trumps', 'block', 'bencarson', 'immigration', 'muslimban', 'immigration_inmigracion', 'noban', 'nobannowallnoraid_noban', 'heretostay_uniteblue', 'nomuslimban', 'tntweeter', 'uslatino', 'uniteblue']}",US Immigration Policy and Legal Challenges
93,11,"['nobannowall', 'muslimban', 'bigotry', 'noban', 'riseup', 'remember', 'immigration', 'immigrant', 'stand']",81,8,"['uslatino', 'tntweeter', 'uniteblue', 'niunomas', 'latism', 'inmigracion', 'humanright', 'fight', 'travelban', 'islamistheproblem', 'extremist', 'religion']",11,"['resist', 'trump', 'theresistance', 'muslimban', 'impeachtrump', 'trumprussia', 'nobannowall', 'resistance', 'womensmarch', 'america', 'noban']",14,"['bencarson', 'immigration', 'tntweeter_uslatino', 'muslimban', 'immigration_inmigracion', 'noban', 'nobannowallnoraid_noban', 'heretostay_uniteblue', 'nomuslimban', 'tntweeter', 'uslatino', 'uniteblue']","[24645871, 358005482, 1511154877, 1939212224, 2282990761, 2296218770, 2321479686, 2322972280, 2331266245, 2334894821, 2347832648, 2351157576, 2383802631, 2864321805, 2994390921]","nobannowall,muslimban,bigotry,noban,riseup,remember,immigration,immigrant,stand,resist,trump,theresistance,impeachtrump,trumprussia,resistance,womensmarch,america,uslatino,tntweeter,uniteblue,niunomas,latism,inmigracion,humanright,fight,travelban,islamistheproblem,extremist,religion,bencarson,tntweeter_uslatino,immigration_inmigracion,nobannowallnoraid_noban,heretostay_uniteblue,nomuslimban","nobannowall,muslimban,bigotry,noban,riseup,remember,immigration,immigrant,stand,resist,trump,theresistance,impeachtrump,trumprussia,resistance,womensmarch,america","uslatino,tntweeter,uniteblue,niunomas,latism,inmigracion,humanright,fight,travelban,islamistheproblem,extremist,religion,bencarson,immigration,tntweeter_uslatino,muslimban,immigration_inmigracion,noban,nobannowallnoraid_noban,heretostay_uniteblue,nomuslimban","{'Anti-Immigration Policies and Resistance': ['nobannowall', 'muslimban', 'bigotry', 'noban', 'riseup', 'remember', 'immigration', 'immigrant', 'stand', 'resist', 'trump', 'theresistance', 'impeachtrump', 'trumprussia', 'resistance', 'womensmarch', 'america', 'uslatino', 'tntweeter', 'uniteblue', 'niunomas', 'latism', 'inmigracion', 'humanright', 'fight', 'travelban', 'islamistheproblem', 'extremist', 'religion', 'bencarson', 'tntweeter_uslatino', 'immigration_inmigracion', 'nobannowallnoraid_noban', 'heretostay_uniteblue', 'nomuslimban']}",Anti-Immigration Policies and Resistance,"{'Immigration and Resistance': 'nobannowall, muslimban, bigotry, noban, riseup, remember, immigration, immigrant, stand, resist, trump, theresistance, impeachtrump, trumprussia, resistance, womensmarch, america'}",Immigration and Resistance,"{'Immigration and Human Rights': ['uslatino', 'uniteblue', 'latism', 'inmigracion', 'humanright', 'immigration', 'immigration_inmigracion', 'heretostay_uniteblue'], 'Anti-Muslim Ban and Travel Restrictions': ['travelban', 'muslimban', 'nomuslimban', 'noban', 'nobannowallnoraid_noban'], 'Social Media Activism': ['tntweeter', 'tntweeter_uslatino'], 'Anti-Extremism and Religion': ['islamistheproblem', 'extremist', 'religion', 'bencarson'], 'Protest and Advocacy': ['niunomas', 'fight']}",Immigration and Human Rights.Anti-Muslim Ban and Travel Restrictions.Social Media Activism.Anti-Extremism and Religion.Protest and Advocacy
94,3,"['ban', 'travel', 'trump', 'order', 'revise', 'judge', 'trumps', 'hawaii', 'president', 'block', 'immigration']",90,0,"['ban', 'trump', 'muslimban', 'muslim', 'nobannowall', 'travel', 'refugee']",9,"['muslimban', 'ban', 'muslim', 'trump', 'president']",12,"['muslimban', 'ban', 'muslim', 'nobannowall', 'trump', 'travelban', 'travel', 'judge_robart', 'executive_order', 'judge']","[250449227, 3304338706, 3352466116, 3408045383, 3408741905]","ban,travel,trump,order,revise,judge,trumps,hawaii,president,block,immigration,muslimban,muslim,nobannowall,refugee,travelban,judge_robart,executive_order","ban,travel,trump,order,revise,judge,trumps,hawaii,president,block,immigration,muslimban,muslim","ban,trump,muslimban,muslim,nobannowall,travel,refugee,travelban,judge_robart,executive_order,judge","{'US Immigration Policy': ['ban', 'travel', 'order', 'revise', 'judge', 'block', 'immigration', 'refugee', 'travelban', 'executive_order'], 'Trump Administration Actions': ['trump', 'trumps', 'president', 'executive_order'], 'Legal Challenges to Travel Ban': ['judge', 'block', 'judge_robart', 'hawaii'], 'Controversial Travel Ban': ['muslimban', 'muslim', 'nobannowall']}",US Immigration Policy.Trump Administration Actions.Legal Challenges to Travel Ban.Controversial Travel Ban,"{'US Immigration Policy': ['ban', 'travel', 'trump', 'order', 'revise', 'judge', 'trumps', 'hawaii', 'president', 'block', 'immigration', 'muslimban', 'muslim']}",US Immigration Policy,"{'US Travel Ban Controversy': ['ban', 'trump', 'muslimban', 'muslim', 'nobannowall', 'travel', 'refugee', 'travelban', 'judge_robart', 'executive_order', 'judge']}",US Travel Ban Controversy
95,3,"['ban', 'travel', 'trump', 'order', 'revise', 'judge', 'trumps', 'hawaii', 'president', 'block', 'immigration']",91,14,"['ban', 'travel', 'trump', 'revise', 'order', 'judge', 'president', 'hawaii', 'trumps', 'block']",7,"['ban', 'travel', 'trump', 'executive_order', 'order', 'radio_live', 'revise', 'judge', 'federal_judge', 'hawaii', 'trumps', 'stock_money', 'block', 'president', 'immigration']",0,"['ban', 'travel', 'trump', 'executive_order', 'order', 'judge', 'revise', 'federal_judge', 'hawaii', 'president', 'trumps', 'block', 'immigration', 'sign']","[22993014, 183036128, 259506084]","ban,travel,trump,order,revise,judge,trumps,hawaii,president,block,immigration,executive_order,radio_live,federal_judge,stock_money,sign","ban,travel,trump,order,revise,judge,trumps,hawaii,president,block,immigration,executive_order,radio_live,federal_judge,stock_money","ban,travel,trump,revise,order,judge,president,hawaii,trumps,block,executive_order,federal_judge,immigration,sign","{'Travel Ban': ['ban', 'travel', 'trump', 'order', 'revise', 'judge', 'trumps', 'hawaii', 'president', 'block', 'immigration', 'executive_order', 'federal_judge', 'sign']}",Travel Ban,"{'US Immigration Policy': ['ban', 'travel', 'trump', 'order', 'revise', 'judge', 'trumps', 'hawaii', 'president', 'block', 'immigration', 'executive_order', 'federal_judge'], 'Media and Finance': ['radio_live', 'stock_money']}",US Immigration Policy.Media and Finance,"{'Travel Ban': 'ban, travel, trump, revise, order, judge, president, hawaii, trumps, block, executive_order, federal_judge, immigration, sign'}",Travel Ban
96,3,"['ban', 'travel', 'trump', 'order', 'revise', 'judge', 'trumps', 'hawaii', 'president', 'block', 'immigration']",98,14,"['ban', 'travel', 'trump', 'revise', 'order', 'judge', 'president', 'hawaii', 'trumps', 'block']",7,"['ban', 'travel', 'trump', 'executive_order', 'order', 'radio_live', 'revise', 'judge', 'federal_judge', 'hawaii', 'trumps', 'stock_money', 'block', 'president', 'immigration']",0,"['ban', 'travel', 'trump', 'executive_order', 'order', 'judge', 'revise', 'federal_judge', 'hawaii', 'president', 'trumps', 'block', 'immigration', 'sign']","[2174509045, 757965470460882945, 788392607692890100]","ban,travel,trump,order,revise,judge,trumps,hawaii,president,block,immigration,executive_order,radio_live,federal_judge,stock_money,sign","ban,travel,trump,order,revise,judge,trumps,hawaii,president,block,immigration,executive_order,radio_live,federal_judge,stock_money","ban,travel,trump,revise,order,judge,president,hawaii,trumps,block,executive_order,federal_judge,immigration,sign","{'US Immigration Policy': ['ban', 'travel', 'trump', 'order', 'revise', 'judge', 'trumps', 'hawaii', 'president', 'block', 'immigration', 'executive_order', 'federal_judge', 'sign']}",US Immigration Policy,"{'US Immigration Policy': ['ban', 'travel', 'trump', 'order', 'revise', 'judge', 'trumps', 'hawaii', 'president', 'block', 'immigration', 'executive_order', 'federal_judge'], 'Media and Finance': ['radio_live', 'stock_money']}",US Immigration Policy.Media and Finance,"{'Travel Ban': 'ban, travel, trump, revise, order, judge, president, hawaii, trumps, block, executive_order, federal_judge, immigration, sign'}",Travel Ban
97,5,"['maga', 'travelban', 'trump', 'lgbt', 'islam', 'muslimban', 'tcot', 'marinelepen', 'judge', 'vote', 'read', 'france', 'americafirst']",92,4,"['travelban', 'maga', 'refugee', 'immigration', 'judge', 'tcot', 'immigrant', 'islam', 'america']",8,"['travelban', 'refugeeswelcome', 'maga', 'refugee', 'muslimban', 'islam', 'trump', 'enter_country', 'pvv', 'country', 'tcot', 'stopislamofobia', 'bordersclose']",2,"['travelban', 'maga', 'refugee', 'tcot', 'muslimban', 'islam', 'americafirst']","[179284235, 329772412, 1579461362]","maga,travelban,trump,lgbt,islam,muslimban,tcot,marinelepen,judge,vote,read,france,americafirst,refugeeswelcome,refugee,enter_country,pvv,country,stopislamofobia,bordersclose,immigration,immigrant,america","maga,travelban,trump,lgbt,islam,muslimban,tcot,marinelepen,judge,vote,read,france,americafirst,refugeeswelcome,refugee,enter_country,pvv,country,stopislamofobia,bordersclose","travelban,maga,refugee,immigration,judge,tcot,immigrant,islam,america,muslimban,americafirst","{'US Politics and Immigration': ['maga', 'travelban', 'trump', 'muslimban', 'americafirst', 'refugeeswelcome', 'refugee', 'enter_country', 'bordersclose', 'immigration', 'immigrant', 'america'], 'LGBT and Islam': ['lgbt', 'islam', 'stopislamofobia'], 'European Politics': ['marinelepen', 'france', 'pvv'], 'Judiciary and Voting': ['judge', 'vote'], 'Conservative Online Community': ['tcot', 'read']}",US Politics and Immigration.LGBT and Islam.European Politics.Judiciary and Voting.Conservative Online Community,"{'US Politics and Immigration': ['maga', 'travelban', 'trump', 'muslimban', 'americafirst', 'refugeeswelcome', 'refugee', 'enter_country', 'bordersclose'], 'LGBT and Islam': ['lgbt', 'islam', 'stopislamofobia'], 'European Politics': ['marinelepen', 'france', 'pvv'], 'Judiciary and Voting': ['judge', 'vote'], 'Conservative Online Community': ['tcot', 'country', 'read']}",US Politics and Immigration.LGBT and Islam.European Politics.Judiciary and Voting.Conservative Online Community,"{'US Immigration and Travel Policies': 'travelban, refugee, immigration, immigrant, muslimban', 'Political and Social Movements in America': 'maga, tcot, americafirst', 'Judicial and Legal Aspects': 'judge', 'Religious and Cultural Context': 'islam, america'}",US Immigration and Travel Policies.Political and Social Movements in America.Judicial and Legal Aspects.Religious and Cultural Context
98,3,"['ban', 'travel', 'trump', 'order', 'revise', 'judge', 'trumps', 'hawaii', 'president', 'block', 'immigration']",93,14,"['ban', 'travel', 'trump', 'revise', 'order', 'judge', 'president', 'hawaii', 'trumps', 'block']",5,"['ban', 'muslimban', 'travel', 'offend_sink', 'muslim', 'block', 'long_conservative', 'trump', 'offend', 'leave_americans', 'judge']",0,"['ban', 'travel', 'trump', 'executive_order', 'order', 'judge', 'revise', 'federal_judge', 'hawaii', 'president', 'trumps', 'block', 'immigration', 'sign']","[104891939, 158136902, 787961053535699000]","ban,travel,trump,order,revise,judge,trumps,hawaii,president,block,immigration,muslimban,offend_sink,muslim,long_conservative,offend,leave_americans,executive_order,federal_judge,sign","ban,travel,trump,order,revise,judge,trumps,hawaii,president,block,immigration,muslimban,offend_sink,muslim,long_conservative,offend,leave_americans","ban,travel,trump,revise,order,judge,president,hawaii,trumps,block,executive_order,federal_judge,immigration,sign","{'US Immigration Policy': 'ban, travel, trump, order, revise, judge, trumps, hawaii, president, block, immigration, muslimban, executive_order, federal_judge, sign', 'Controversial Political Actions': 'offend_sink, muslim, long_conservative, offend, leave_americans'}",US Immigration Policy.Controversial Political Actions,"{'US Immigration Policy': 'ban, travel, trump, order, revise, judge, trumps, hawaii, president, block, immigration, muslimban, muslim, long_conservative, offend, leave_americans'}",US Immigration Policy,"{'Travel Ban': 'ban, travel, trump, revise, order, judge, president, hawaii, trumps, block, executive_order, federal_judge, immigration, sign'}",Travel Ban
99,11,"['nobannowall', 'muslimban', 'bigotry', 'noban', 'riseup', 'remember', 'immigration', 'immigrant', 'stand']",94,0,"['ban', 'trump', 'muslimban', 'muslim', 'nobannowall', 'travel', 'refugee']",9,"['muslimban', 'ban', 'muslim', 'trump', 'president']",12,"['muslimban', 'ban', 'muslim', 'nobannowall', 'trump', 'travelban', 'travel', 'judge_robart', 'executive_order', 'judge']","[812361923304034300, 812361923304034304, 815708250217840600]","nobannowall,muslimban,bigotry,noban,riseup,remember,immigration,immigrant,stand,ban,muslim,trump,president,travel,refugee,travelban,judge_robart,executive_order,judge","nobannowall,muslimban,bigotry,noban,riseup,remember,immigration,immigrant,stand,ban,muslim,trump,president","ban,trump,muslimban,muslim,nobannowall,travel,refugee,travelban,judge_robart,executive_order,judge","{'Immigration and Travel Ban': 'nobannowall, muslimban, bigotry, noban, riseup, remember, immigration, immigrant, stand, ban, muslim, trump, president, travel, refugee, travelban, judge_robart, executive_order, judge'}",Immigration and Travel Ban,"{'Immigration and Anti-Discrimination Protests': 'nobannowall, muslimban, bigotry, noban, riseup, remember, immigration, immigrant, stand, ban, muslim, trump, president'}",Immigration and Anti-Discrimination Protests,"{'US Travel Ban Controversy': ['ban', 'trump', 'muslimban', 'muslim', 'nobannowall', 'travel', 'refugee', 'travelban', 'judge_robart', 'executive_order', 'judge']}",US Travel Ban Controversy
100,3,"['ban', 'travel', 'trump', 'order', 'revise', 'judge', 'trumps', 'hawaii', 'president', 'block', 'immigration']",96,14,"['ban', 'travel', 'trump', 'revise', 'order', 'judge', 'president', 'hawaii', 'trumps', 'block']",7,"['ban', 'travel', 'trump', 'executive_order', 'order', 'radio_live', 'revise', 'judge', 'federal_judge', 'hawaii', 'trumps', 'stock_money', 'block', 'president', 'immigration']",0,"['ban', 'travel', 'trump', 'executive_order', 'order', 'judge', 'revise', 'federal_judge', 'hawaii', 'president', 'trumps', 'block', 'immigration', 'sign']","[754021502375395300, 754021502375395328, 761455354278535200]","ban,travel,trump,order,revise,judge,trumps,hawaii,president,block,immigration,executive_order,radio_live,federal_judge,stock_money,sign","ban,travel,trump,order,revise,judge,trumps,hawaii,president,block,immigration,executive_order,radio_live,federal_judge,stock_money","ban,travel,trump,revise,order,judge,president,hawaii,trumps,block,executive_order,federal_judge,immigration,sign","{'US Immigration Policy': ['ban', 'travel', 'trump', 'order', 'revise', 'judge', 'trumps', 'hawaii', 'president', 'block', 'immigration', 'executive_order', 'federal_judge', 'sign']}",US Immigration Policy,"{'US Immigration Policy': ['ban', 'travel', 'trump', 'order', 'revise', 'judge', 'trumps', 'hawaii', 'president', 'block', 'immigration', 'executive_order', 'federal_judge'], 'Media and Finance': ['radio_live', 'stock_money']}",US Immigration Policy.Media and Finance,"{'Travel Ban': 'ban, travel, trump, revise, order, judge, president, hawaii, trumps, block, executive_order, federal_judge, immigration, sign'}",Travel Ban
101,3,"['ban', 'travel', 'trump', 'order', 'revise', 'judge', 'trumps', 'hawaii', 'president', 'block', 'immigration']",99,14,"['ban', 'travel', 'trump', 'revise', 'order', 'judge', 'president', 'hawaii', 'trumps', 'block']",7,"['ban', 'travel', 'trump', 'executive_order', 'order', 'radio_live', 'revise', 'judge', 'federal_judge', 'hawaii', 'trumps', 'stock_money', 'block', 'president', 'immigration']",0,"['ban', 'travel', 'trump', 'executive_order', 'order', 'judge', 'revise', 'federal_judge', 'hawaii', 'president', 'trumps', 'block', 'immigration', 'sign']","[78817006, 715329083802931200, 791783093145178112, 808342475228127232]","ban,travel,trump,order,revise,judge,trumps,hawaii,president,block,immigration,executive_order,radio_live,federal_judge,stock_money,sign","ban,travel,trump,order,revise,judge,trumps,hawaii,president,block,immigration,executive_order,radio_live,federal_judge,stock_money","ban,travel,trump,revise,order,judge,president,hawaii,trumps,block,executive_order,federal_judge,immigration,sign","{'US Immigration Policy': ['ban', 'travel', 'trump', 'order', 'revise', 'judge', 'trumps', 'hawaii', 'president', 'block', 'immigration', 'executive_order', 'federal_judge', 'sign']}",US Immigration Policy,"{'US Immigration Policy': ['ban', 'travel', 'trump', 'order', 'revise', 'judge', 'trumps', 'hawaii', 'president', 'block', 'immigration', 'executive_order', 'federal_judge'], 'Media and Finance': ['radio_live', 'stock_money']}",US Immigration Policy.Media and Finance,"{'Travel Ban': 'ban, travel, trump, revise, order, judge, president, hawaii, trumps, block, executive_order, federal_judge, immigration, sign'}",Travel Ban
102,11,"['nobannowall', 'muslimban', 'bigotry', 'noban', 'riseup', 'remember', 'immigration', 'immigrant', 'stand']",100,5,"['entire', 'mussie', 'roll', 'ass', 'bind', 'rag', 'wild', 'happy', 'brilliant']",9,"['muslimban', 'ban', 'muslim', 'trump', 'president']",12,"['muslimban', 'ban', 'muslim', 'nobannowall', 'trump', 'travelban', 'travel', 'judge_robart', 'executive_order', 'judge']","[892071500, 4883035583, 745580638309318656]","nobannowall,muslimban,bigotry,noban,riseup,remember,immigration,immigrant,stand,ban,muslim,trump,president,entire,mussie,roll,ass,bind,rag,wild,happy,brilliant,travelban,travel,judge_robart,executive_order,judge","nobannowall,muslimban,bigotry,noban,riseup,remember,immigration,immigrant,stand,ban,muslim,trump,president","entire,mussie,roll,ass,bind,rag,wild,happy,brilliant,muslimban,ban,muslim,nobannowall,trump,travelban,travel,judge_robart,executive_order,judge","{'US Immigration Policy and Protests': ['nobannowall', 'muslimban', 'bigotry', 'noban', 'riseup', 'remember', 'immigration', 'immigrant', 'stand', 'ban', 'muslim', 'trump', 'president', 'travelban', 'travel', 'judge_robart', 'executive_order', 'judge']}",US Immigration Policy and Protests,"{'Immigration and Anti-Discrimination Protests': 'nobannowall, muslimban, bigotry, noban, riseup, remember, immigration, immigrant, stand, ban, muslim, trump, president'}",Immigration and Anti-Discrimination Protests,"{'Travel Ban Controversy': ['muslimban', 'ban', 'muslim', 'nobannowall', 'trump', 'travelban', 'travel', 'judge_robart', 'executive_order', 'judge']}",Travel Ban Controversy
103,3,"['ban', 'travel', 'trump', 'order', 'revise', 'judge', 'trumps', 'hawaii', 'president', 'block', 'immigration']",101,14,"['ban', 'travel', 'trump', 'revise', 'order', 'judge', 'president', 'hawaii', 'trumps', 'block']",7,"['ban', 'travel', 'trump', 'executive_order', 'order', 'radio_live', 'revise', 'judge', 'federal_judge', 'hawaii', 'trumps', 'stock_money', 'block', 'president', 'immigration']",1,"['york_city', 'shut_newyorkweather', 'newyorkweather', 'york', 'coast_snowstorm', 'outdoor', 'outdoor_subway', 'subway', 'york_city_outdoor_subway', 'snowstorm', 'east_coast', 'newyorkweather_nyc', 'deadly_east_coast_snowstorm', 'deadly_east', 'jonas', 'winter', 'dump', 'blizzard', 'paralyze', 'subways']","[1636673089, 2453781038, 2483500938, 2798607668]","ban,travel,trump,order,revise,judge,trumps,hawaii,president,block,immigration,executive_order,radio_live,federal_judge,stock_money,york_city,shut_newyorkweather,newyorkweather,york,coast_snowstorm,outdoor,outdoor_subway,subway,york_city_outdoor_subway,snowstorm,east_coast,newyorkweather_nyc,deadly_east_coast_snowstorm,deadly_east,jonas,winter,dump,blizzard,paralyze,subways","ban,travel,trump,order,revise,judge,trumps,hawaii,president,block,immigration,executive_order,radio_live,federal_judge,stock_money","ban,travel,trump,revise,order,judge,president,hawaii,trumps,block,york_city,shut_newyorkweather,newyorkweather,york,coast_snowstorm,outdoor,outdoor_subway,subway,york_city_outdoor_subway,snowstorm,east_coast,newyorkweather_nyc,deadly_east_coast_snowstorm,deadly_east,jonas,winter,dump,blizzard,paralyze,subways","{'US Immigration Policy': ['ban', 'travel', 'trump', 'order', 'revise', 'judge', 'trumps', 'hawaii', 'president', 'block', 'immigration', 'executive_order', 'federal_judge'], 'Severe Weather in New York': ['york_city', 'shut_newyorkweather', 'newyorkweather', 'york', 'coast_snowstorm', 'outdoor', 'outdoor_subway', 'subway', 'york_city_outdoor_subway', 'snowstorm', 'east_coast', 'newyorkweather_nyc', 'deadly_east_coast_snowstorm', 'deadly_east', 'jonas', 'winter', 'dump', 'blizzard', 'paralyze', 'subways']}",US Immigration Policy.Severe Weather in New York,"{'US Immigration Policy': ['ban', 'travel', 'trump', 'order', 'revise', 'judge', 'trumps', 'hawaii', 'president', 'block', 'immigration', 'executive_order', 'federal_judge'], 'Media and Finance': ['radio_live', 'stock_money']}",US Immigration Policy.Media and Finance,"{'US Travel Ban Legal Challenges': ['ban', 'travel', 'trump', 'revise', 'order', 'judge', 'president', 'hawaii', 'trumps', 'block'], 'Severe Winter Weather in New York': ['york_city', 'shut_newyorkweather', 'newyorkweather', 'york', 'coast_snowstorm', 'outdoor', 'outdoor_subway', 'subway', 'york_city_outdoor_subway', 'snowstorm', 'east_coast', 'newyorkweather_nyc', 'deadly_east_coast_snowstorm', 'deadly_east', 'jonas', 'winter', 'dump', 'blizzard', 'paralyze', 'subways']}",US Travel Ban Legal Challenges.Severe Winter Weather in New York
104,3,"['ban', 'travel', 'trump', 'order', 'revise', 'judge', 'trumps', 'hawaii', 'president', 'block', 'immigration']",102,0,"['ban', 'trump', 'muslimban', 'muslim', 'nobannowall', 'travel', 'refugee']",9,"['muslimban', 'ban', 'muslim', 'trump', 'president']",0,"['ban', 'travel', 'trump', 'executive_order', 'order', 'judge', 'revise', 'federal_judge', 'hawaii', 'president', 'trumps', 'block', 'immigration', 'sign']","[89084118, 188143601, 298602588, 634560527, 1260106039, 1896346400, 2227526898, 2787999736, 3274668836, 789232802558533632]","ban,travel,trump,order,revise,judge,trumps,hawaii,president,block,immigration,muslimban,muslim,nobannowall,refugee,executive_order,federal_judge,sign","ban,travel,trump,order,revise,judge,trumps,hawaii,president,block,immigration,muslimban,muslim","ban,trump,muslimban,muslim,nobannowall,travel,refugee,executive_order,order,judge,revise,federal_judge,hawaii,president,trumps,block,immigration,sign","{'US Immigration Policy Controversy': ['ban', 'travel', 'trump', 'order', 'revise', 'judge', 'trumps', 'hawaii', 'president', 'block', 'immigration', 'muslimban', 'muslim', 'nobannowall', 'refugee', 'executive_order', 'federal_judge', 'sign']}",US Immigration Policy Controversy,"{'US Immigration Policy': ['ban', 'travel', 'trump', 'order', 'revise', 'judge', 'trumps', 'hawaii', 'president', 'block', 'immigration', 'muslimban', 'muslim']}",US Immigration Policy,"{'US Immigration Policy Controversy': ['ban', 'trump', 'muslimban', 'muslim', 'nobannowall', 'travel', 'refugee', 'executive_order', 'order', 'judge', 'revise', 'federal_judge', 'hawaii', 'president', 'trumps', 'block', 'immigration', 'sign']}",US Immigration Policy Controversy
105,8,"['refugeeswelcome', 'travelban', 'refugee', 'immigrant', 'stopislamofobia', 'immigration', 'woman', 'migrantenkriminalitat', 'nation', 'constitution']",103,4,"['travelban', 'maga', 'refugee', 'immigration', 'judge', 'tcot', 'immigrant', 'islam', 'america']",8,"['travelban', 'refugeeswelcome', 'maga', 'refugee', 'muslimban', 'islam', 'trump', 'enter_country', 'pvv', 'country', 'tcot', 'stopislamofobia', 'bordersclose']",5,"['refugeeswelcome', 'stopislamofobia', 'migrantenkriminalitat', 'stopislamofobia_refugeeswelcome', 'prouracisme']","[20702013, 1099960518, 750423143907487744]","refugeeswelcome,travelban,refugee,immigrant,stopislamofobia,immigration,woman,migrantenkriminalitat,nation,constitution,maga,muslimban,islam,trump,enter_country,pvv,country,tcot,bordersclose,judge,america,stopislamofobia_refugeeswelcome,prouracisme","refugeeswelcome,travelban,refugee,immigrant,stopislamofobia,immigration,woman,migrantenkriminalitat,nation,constitution,maga,muslimban,islam,trump,enter_country,pvv,country,tcot,bordersclose","travelban,maga,refugee,immigration,judge,tcot,immigrant,islam,america,refugeeswelcome,stopislamofobia,migrantenkriminalitat,stopislamofobia_refugeeswelcome,prouracisme","{'Immigration and Refugee Policies': ['refugeeswelcome', 'travelban', 'refugee', 'immigrant', 'immigration', 'migrantenkriminalitat', 'muslimban', 'enter_country', 'bordersclose', 'stopislamofobia_refugeeswelcome'], 'Nationalism and Political Movements': ['nation', 'constitution', 'maga', 'trump', 'pvv', 'america', 'tcot'], 'Anti-Islamophobia and Racism': ['stopislamofobia', 'islam', 'prouracisme'], 'Legal and Judicial Actions': ['judge']}",Immigration and Refugee Policies.Nationalism and Political Movements.Anti-Islamophobia and Racism.Legal and Judicial Actions,"{'Immigration and Refugee Policies': 'refugeeswelcome, travelban, refugee, immigrant, immigration, muslimban, enter_country, bordersclose', 'Anti-Islam Sentiment and Islamophobia': 'stopislamofobia, islam, muslimban', 'Nationalism and Political Movements': 'nation, constitution, maga, trump, pvv, tcot', 'Gender and Migration': 'woman, migrantenkriminalitat'}",Immigration and Refugee Policies.Anti-Islam Sentiment and Islamophobia.Nationalism and Political Movements.Gender and Migration,"{'US Immigration and Refugee Policies': ['travelban', 'refugee', 'immigration', 'immigrant', 'refugeeswelcome'], 'Political and Social Movements': ['maga', 'tcot', 'stopislamofobia', 'stopislamofobia_refugeeswelcome', 'prouracisme'], 'Judicial and Legal Aspects': ['judge'], 'Islam and Islamophobia': ['islam', 'stopislamofobia', 'stopislamofobia_refugeeswelcome'], 'Crime and Migration': ['migrantenkriminalitat'], 'American Identity and Values': ['america']}",US Immigration and Refugee Policies.Political and Social Movements.Judicial and Legal Aspects.Islam and Islamophobia.Crime and Migration.American Identity and Values
106,3,"['ban', 'travel', 'trump', 'order', 'revise', 'judge', 'trumps', 'hawaii', 'president', 'block', 'immigration']",104,0,"['ban', 'trump', 'muslimban', 'muslim', 'nobannowall', 'travel', 'refugee']",7,"['ban', 'travel', 'trump', 'executive_order', 'order', 'radio_live', 'revise', 'judge', 'federal_judge', 'hawaii', 'trumps', 'stock_money', 'block', 'president', 'immigration']",12,"['muslimban', 'ban', 'muslim', 'nobannowall', 'trump', 'travelban', 'travel', 'judge_robart', 'executive_order', 'judge']","[3184778978, 3185719406, 3192741882]","ban,travel,trump,order,revise,judge,trumps,hawaii,president,block,immigration,executive_order,radio_live,federal_judge,stock_money,muslimban,muslim,nobannowall,refugee,travelban,judge_robart","ban,travel,trump,order,revise,judge,trumps,hawaii,president,block,immigration,executive_order,radio_live,federal_judge,stock_money","ban,trump,muslimban,muslim,nobannowall,travel,refugee,travelban,judge_robart,executive_order,judge","{'US Immigration Policy': 'ban, travel, trump, order, revise, judge, trumps, hawaii, president, block, immigration, executive_order, federal_judge, muslimban, muslim, nobannowall, refugee, travelban, judge_robart'}",US Immigration Policy,"{'US Immigration Policy': ['ban', 'travel', 'trump', 'order', 'revise', 'judge', 'trumps', 'hawaii', 'president', 'block', 'immigration', 'executive_order', 'federal_judge'], 'Media and Finance': ['radio_live', 'stock_money']}",US Immigration Policy.Media and Finance,"{'US Travel Ban Controversy': ['ban', 'trump', 'muslimban', 'muslim', 'nobannowall', 'travel', 'refugee', 'travelban', 'judge_robart', 'executive_order', 'judge']}",US Travel Ban Controversy
107,3,"['ban', 'travel', 'trump', 'order', 'revise', 'judge', 'trumps', 'hawaii', 'president', 'block', 'immigration']",107,0,"['ban', 'trump', 'muslimban', 'muslim', 'nobannowall', 'travel', 'refugee']",7,"['ban', 'travel', 'trump', 'executive_order', 'order', 'radio_live', 'revise', 'judge', 'federal_judge', 'hawaii', 'trumps', 'stock_money', 'block', 'president', 'immigration']",0,"['ban', 'travel', 'trump', 'executive_order', 'order', 'judge', 'revise', 'federal_judge', 'hawaii', 'president', 'trumps', 'block', 'immigration', 'sign']","[756335606607720400, 766729935205441537, 827375613484806144, 833470697364000768]","ban,travel,trump,order,revise,judge,trumps,hawaii,president,block,immigration,executive_order,radio_live,federal_judge,stock_money,muslimban,muslim,nobannowall,refugee,sign","ban,travel,trump,order,revise,judge,trumps,hawaii,president,block,immigration,executive_order,radio_live,federal_judge,stock_money","ban,trump,muslimban,muslim,nobannowall,travel,refugee,executive_order,order,judge,revise,federal_judge,hawaii,president,trumps,block,immigration,sign","{'US Immigration Policy': ['ban', 'travel', 'trump', 'order', 'revise', 'judge', 'trumps', 'hawaii', 'president', 'block', 'immigration', 'executive_order', 'federal_judge', 'muslimban', 'muslim', 'nobannowall', 'refugee', 'sign']}",US Immigration Policy,"{'US Immigration Policy': ['ban', 'travel', 'trump', 'order', 'revise', 'judge', 'trumps', 'hawaii', 'president', 'block', 'immigration', 'executive_order', 'federal_judge'], 'Media and Finance': ['radio_live', 'stock_money']}",US Immigration Policy.Media and Finance,"{'US Immigration Policy Controversy': ['ban', 'trump', 'muslimban', 'muslim', 'nobannowall', 'travel', 'refugee', 'executive_order', 'order', 'judge', 'revise', 'federal_judge', 'hawaii', 'president', 'trumps', 'block', 'immigration', 'sign']}",US Immigration Policy Controversy
108,2,"['ban', 'muslim', 'muslimban', 'trump', 'court']",108,0,"['ban', 'trump', 'muslimban', 'muslim', 'nobannowall', 'travel', 'refugee']",9,"['muslimban', 'ban', 'muslim', 'trump', 'president']",12,"['muslimban', 'ban', 'muslim', 'nobannowall', 'trump', 'travelban', 'travel', 'judge_robart', 'executive_order', 'judge']","[545022186, 2358290025, 3114762761]","ban,muslim,muslimban,trump,court,president,nobannowall,travel,refugee,travelban,judge_robart,executive_order,judge","ban,muslim,muslimban,trump,court,president","ban,trump,muslimban,muslim,nobannowall,travel,refugee,travelban,judge_robart,executive_order,judge","{'US Travel Ban Controversy': ['ban', 'muslim', 'muslimban', 'trump', 'court', 'president', 'nobannowall', 'travel', 'refugee', 'travelban', 'judge_robart', 'executive_order', 'judge']}",US Travel Ban Controversy,"{'Travel Ban Controversy': 'ban, muslim, muslimban, trump, court, president'}",Travel Ban Controversy,"{'US Travel Ban Controversy': ['ban', 'trump', 'muslimban', 'muslim', 'nobannowall', 'travel', 'refugee', 'travelban', 'judge_robart', 'executive_order', 'judge']}",US Travel Ban Controversy
109,3,"['ban', 'travel', 'trump', 'order', 'revise', 'judge', 'trumps', 'hawaii', 'president', 'block', 'immigration']",109,14,"['ban', 'travel', 'trump', 'revise', 'order', 'judge', 'president', 'hawaii', 'trumps', 'block']",7,"['ban', 'travel', 'trump', 'executive_order', 'order', 'radio_live', 'revise', 'judge', 'federal_judge', 'hawaii', 'trumps', 'stock_money', 'block', 'president', 'immigration']",0,"['ban', 'travel', 'trump', 'executive_order', 'order', 'judge', 'revise', 'federal_judge', 'hawaii', 'president', 'trumps', 'block', 'immigration', 'sign']","[1083844621, 2337607069, 823090566250512385]","ban,travel,trump,order,revise,judge,trumps,hawaii,president,block,immigration,executive_order,radio_live,federal_judge,stock_money,sign","ban,travel,trump,order,revise,judge,trumps,hawaii,president,block,immigration,executive_order,radio_live,federal_judge,stock_money","ban,travel,trump,revise,order,judge,president,hawaii,trumps,block,executive_order,federal_judge,immigration,sign","{'US Immigration Policy': ['ban', 'travel', 'trump', 'order', 'revise', 'judge', 'trumps', 'hawaii', 'president', 'block', 'immigration', 'executive_order', 'federal_judge', 'sign']}",US Immigration Policy,"{'US Immigration Policy': ['ban', 'travel', 'trump', 'order', 'revise', 'judge', 'trumps', 'hawaii', 'president', 'block', 'immigration', 'executive_order', 'federal_judge'], 'Media and Finance': ['radio_live', 'stock_money']}",US Immigration Policy.Media and Finance,"{'Travel Ban': 'ban, travel, trump, revise, order, judge, president, hawaii, trumps, block, executive_order, federal_judge, immigration, sign'}",Travel Ban
110,3,"['ban', 'travel', 'trump', 'order', 'revise', 'judge', 'trumps', 'hawaii', 'president', 'block', 'immigration']",110,14,"['ban', 'travel', 'trump', 'revise', 'order', 'judge', 'president', 'hawaii', 'trumps', 'block']",7,"['ban', 'travel', 'trump', 'executive_order', 'order', 'radio_live', 'revise', 'judge', 'federal_judge', 'hawaii', 'trumps', 'stock_money', 'block', 'president', 'immigration']",1,"['york_city', 'shut_newyorkweather', 'newyorkweather', 'york', 'coast_snowstorm', 'outdoor', 'outdoor_subway', 'subway', 'york_city_outdoor_subway', 'snowstorm', 'east_coast', 'newyorkweather_nyc', 'deadly_east_coast_snowstorm', 'deadly_east', 'jonas', 'winter', 'dump', 'blizzard', 'paralyze', 'subways']","[3033404777, 3033572704, 3035590697, 3035768752]","ban,travel,trump,order,revise,judge,trumps,hawaii,president,block,immigration,executive_order,radio_live,federal_judge,stock_money,york_city,shut_newyorkweather,newyorkweather,york,coast_snowstorm,outdoor,outdoor_subway,subway,york_city_outdoor_subway,snowstorm,east_coast,newyorkweather_nyc,deadly_east_coast_snowstorm,deadly_east,jonas,winter,dump,blizzard,paralyze,subways","ban,travel,trump,order,revise,judge,trumps,hawaii,president,block,immigration,executive_order,radio_live,federal_judge,stock_money","ban,travel,trump,revise,order,judge,president,hawaii,trumps,block,york_city,shut_newyorkweather,newyorkweather,york,coast_snowstorm,outdoor,outdoor_subway,subway,york_city_outdoor_subway,snowstorm,east_coast,newyorkweather_nyc,deadly_east_coast_snowstorm,deadly_east,jonas,winter,dump,blizzard,paralyze,subways","{'US Immigration Policy': ['ban', 'travel', 'trump', 'order', 'revise', 'judge', 'trumps', 'hawaii', 'president', 'block', 'immigration', 'executive_order', 'federal_judge'], 'Severe Winter Weather in New York': ['radio_live', 'stock_money', 'york_city', 'shut_newyorkweather', 'newyorkweather', 'york', 'coast_snowstorm', 'outdoor', 'outdoor_subway', 'subway', 'york_city_outdoor_subway', 'snowstorm', 'east_coast', 'newyorkweather_nyc', 'deadly_east_coast_snowstorm', 'deadly_east', 'jonas', 'winter', 'dump', 'blizzard', 'paralyze', 'subways']}",US Immigration Policy.Severe Winter Weather in New York,"{'US Immigration Policy': ['ban', 'travel', 'trump', 'order', 'revise', 'judge', 'trumps', 'hawaii', 'president', 'block', 'immigration', 'executive_order', 'federal_judge'], 'Media and Finance': ['radio_live', 'stock_money']}",US Immigration Policy.Media and Finance,"{'US Travel Ban Legal Challenges': ['ban', 'travel', 'trump', 'revise', 'order', 'judge', 'president', 'hawaii', 'trumps', 'block'], 'Severe Winter Weather in New York': ['york_city', 'shut_newyorkweather', 'newyorkweather', 'york', 'coast_snowstorm', 'outdoor', 'outdoor_subway', 'subway', 'york_city_outdoor_subway', 'snowstorm', 'east_coast', 'newyorkweather_nyc', 'deadly_east_coast_snowstorm', 'deadly_east', 'jonas', 'winter', 'dump', 'blizzard', 'paralyze', 'subways']}",US Travel Ban Legal Challenges.Severe Winter Weather in New York
